ct_id,type,label,reason,successor_key,decision,note
xzxwwep00bpagd3oc5mqzprm,XdBoolean,Claim Line Segment,covered by cms-claim-line-segment,cms-claim-line-segment,accept,"Tim 2026-09-26: PRD approved, all seven models"
ujt1bpn5kgcrp58y6504jwq9,XdBoolean,End-Stage Renal Disease Indicator,covered by cms-end-stage-renal-disease-indicator,cms-end-stage-renal-disease-indicator,accept,"Tim 2026-09-26: PRD approved, all seven models"
qj8zcwh3yx631s0cxjf8ec7s,XdString,2nd cancer - what kind was it?,not carried into the second build: a column outside the scope of docs/design/FAIR-Demo-2-PRD.md section 3; the first build's model that composes it stays published,,accept,"Tim 2026-09-26: PRD approved, all seven models"
rf4vmln0stawtlxqt7lfs34t,XdString,3rd cancer - what kind was it?,not carried into the second build: a column outside the scope of docs/design/FAIR-Demo-2-PRD.md section 3; the first build's model that composes it stays published,,accept,"Tim 2026-09-26: PRD approved, all seven models"
byet7dbnt5w4jzy026i1ra0r,XdString,Admitting Diagnosis Code (ICD-9-CM),covered by cms-admitting-diagnosis,cms-admitting-diagnosis,accept,"Tim 2026-09-26: PRD approved, all seven models"
lqwv71ylp5dfmwvn3aliweth,XdString,Age 2nd cancer (MCQ230b) diagnosed,not carried into the second build: a column outside the scope of docs/design/FAIR-Demo-2-PRD.md section 3; the first build's model that composes it stays published,,accept,"Tim 2026-09-26: PRD approved, all seven models"
tbfcgx1p72a71cr1ifrxhihj,XdString,Age 3rd cancer (MCQ230c) diagnosed,not carried into the second build: a column outside the scope of docs/design/FAIR-Demo-2-PRD.md section 3; the first build's model that composes it stays published,,accept,"Tim 2026-09-26: PRD approved, all seven models"
cdjjf8e94x3tfky8js2i9uln,XdString,Age first smoked whole cigarette,not carried into the second build: a column outside the scope of docs/design/FAIR-Demo-2-PRD.md section 3; the first build's model that composes it stays published,,accept,"Tim 2026-09-26: PRD approved, all seven models"
p4w0n9787r2xwd5ekc5jn8qs,XdString,Age Told Had Cancer,not carried into the second build: a column outside the scope of docs/design/FAIR-Demo-2-PRD.md section 3; the first build's model that composes it stays published,,accept,"Tim 2026-09-26: PRD approved, all seven models"
a4yxvbcuntuyl3e35nn4ngdf,XdString,Any Firearms in Home,not carried into the second build: a column outside the scope of docs/design/FAIR-Demo-2-PRD.md section 3; the first build's model that composes it stays published,,accept,"Tim 2026-09-26: PRD approved, all seven models"
jjbn5jotdid4i2utdzqzyc1r,XdString,Any Firearms Loaded,not carried into the second build: a column outside the scope of docs/design/FAIR-Demo-2-PRD.md section 3; the first build's model that composes it stays published,,accept,"Tim 2026-09-26: PRD approved, all seven models"
zp6p8qb89w083irwkdb8a0ml,XdString,Any Loaded Firearms Also Unlocked,not carried into the second build: a column outside the scope of docs/design/FAIR-Demo-2-PRD.md section 3; the first build's model that composes it stays published,,accept,"Tim 2026-09-26: PRD approved, all seven models"
h1cnekyn5482zasugd7971lu,XdString,Are you 18 years of age or older?,not carried into the second build: a column outside the scope of docs/design/FAIR-Demo-2-PRD.md section 3; the first build's model that composes it stays published,,accept,"Tim 2026-09-26: PRD approved, all seven models"
xdijqxn94ox8v8sg5l8y3bpy,XdString,Are You Doing Anything to Keep From Getting Pregnant?,not carried into the second build: a column outside the scope of docs/design/FAIR-Demo-2-PRD.md section 3; the first build's model that composes it stays published,,accept,"Tim 2026-09-26: PRD approved, all seven models"
jxo0034hxyy5t5q82ly4jatz,XdString,Are you male or female?,covered by https://axius-sdc.com/library/default/administrative-gender,https://axius-sdc.com/library/default/administrative-gender,accept,"Tim 2026-09-26: PRD approved, all seven models"
qmcbgoh0afzv6h0fpowmamm1,XdString,Are you male or female?,covered by https://axius-sdc.com/library/default/administrative-gender,https://axius-sdc.com/library/default/administrative-gender,accept,"Tim 2026-09-26: PRD approved, all seven models"
pznacl3p5tul0wog5j3roaio,XdString,Are you male or female?,covered by https://axius-sdc.com/library/default/administrative-gender,https://axius-sdc.com/library/default/administrative-gender,accept,"Tim 2026-09-26: PRD approved, all seven models"
q852kr76prjwhhw2hb08t8a4,XdString,Asked during checkup if you drink alchohol,not carried into the second build: a column outside the scope of docs/design/FAIR-Demo-2-PRD.md section 3; the first build's model that composes it stays published,,accept,"Tim 2026-09-26: PRD approved, all seven models"
oba5a7vmnyy8lxo98rnx86vj,XdString,Asked in person or by form how much you drink?,not carried into the second build: a column outside the scope of docs/design/FAIR-Demo-2-PRD.md section 3; the first build's model that composes it stays published,,accept,"Tim 2026-09-26: PRD approved, all seven models"
zsvosfp6gnzdiwictxzwtxur,XdString,Asked whether you drank [5 FOR MEN /4 FOR WOMEN] or more alcoholic drinks on an occasion?,not carried into the second build: a column outside the scope of docs/design/FAIR-Demo-2-PRD.md section 3; the first build's model that composes it stays published,,accept,"Tim 2026-09-26: PRD approved, all seven models"
qeqb0siehg15s5megtj1rbk8,XdString,Beneficiary Code,covered by cms-beneficiary-code,cms-beneficiary-code,accept,"Tim 2026-09-26: PRD approved, all seven models"
gl5jvkodoxh0w1y0i3p7pi29,XdString,Brand of cigarettes smoked past 30 days,not carried into the second build: a column outside the scope of docs/design/FAIR-Demo-2-PRD.md section 3; the first build's model that composes it stays published,,accept,"Tim 2026-09-26: PRD approved, all seven models"
ma5vg3ouvefc0p8vmc1hgmcm,XdString,Camel variety,not carried into the second build: a column outside the scope of docs/design/FAIR-Demo-2-PRD.md section 3; the first build's model that composes it stays published,,accept,"Tim 2026-09-26: PRD approved, all seven models"
qjus7soypr53n8nj6kje28mg,XdString,Child´s sex at birth,not carried into the second build: a column outside the scope of docs/design/FAIR-Demo-2-PRD.md section 3; the first build's model that composes it stays published,,accept,"Tim 2026-09-26: PRD approved, all seven models"
xa5vot1z62qk6idrzbyhovpg,XdString,Child still have asthma?,not carried into the second build: a column outside the scope of docs/design/FAIR-Demo-2-PRD.md section 3; the first build's model that composes it stays published,,accept,"Tim 2026-09-26: PRD approved, all seven models"
tklh369iaz6n2dhhtlsl6g2z,XdString,Cig 12-digit Universal Product Code-UPC,not carried into the second build: a column outside the scope of docs/design/FAIR-Demo-2-PRD.md section 3; the first build's model that composes it stays published,,accept,"Tim 2026-09-26: PRD approved, all seven models"
glrnrh1n7zddge4pqus0xi31,XdString,Cigarette Brand/sub-brand,not carried into the second build: a column outside the scope of docs/design/FAIR-Demo-2-PRD.md section 3; the first build's model that composes it stays published,,accept,"Tim 2026-09-26: PRD approved, all seven models"
gsfg2stxz7svogl3hcty0f9c,XdString,Computed drink-occasions-per-day,not carried into the second build: a column outside the scope of docs/design/FAIR-Demo-2-PRD.md section 3; the first build's model that composes it stays published,,accept,"Tim 2026-09-26: PRD approved, all seven models"
sfj7p74msngohmrc68vt6d5p,XdString,Computed number of drinks of alcohol beverages per week,not carried into the second build: a column outside the scope of docs/design/FAIR-Demo-2-PRD.md section 3; the first build's model that composes it stays published,,accept,"Tim 2026-09-26: PRD approved, all seven models"
w7xejt6iph0dj7vao4fju46v,XdString,Correct Phone Number?,not carried into the second build: a column outside the scope of docs/design/FAIR-Demo-2-PRD.md section 3; the first build's model that composes it stays published,,accept,"Tim 2026-09-26: PRD approved, all seven models"
sb6d71r1vl3bgaif36ojtctn,XdString,Currently Have Physical Pain From Cancer Or Treatment?,not carried into the second build: a column outside the scope of docs/design/FAIR-Demo-2-PRD.md section 3; the first build's model that composes it stays published,,accept,"Tim 2026-09-26: PRD approved, all seven models"
sz90v0fc80g3ckwf283xb6fd,XdString,Currently Receiving Treatment for Cancer,not carried into the second build: a column outside the scope of docs/design/FAIR-Demo-2-PRD.md section 3; the first build's model that composes it stays published,,accept,"Tim 2026-09-26: PRD approved, all seven models"
ndt3qbebt73z40nh1vtwph1r,XdString,Date of Death,covered by https://axius-sdc.com/library/fhir/deceased-date,https://axius-sdc.com/library/fhir/deceased-date,accept,"Tim 2026-09-26: PRD approved, all seven models"
pnaj34uaa8qyfjn52izknnlq,XdString,Did an adult make sure basic needs were met,not carried into the second build: a column outside the scope of docs/design/FAIR-Demo-2-PRD.md section 3; the first build's model that composes it stays published,,accept,"Tim 2026-09-26: PRD approved, all seven models"
aub4n5e6mpw7c8at1ebzngpa,XdString,Did an adult make you feel safe and protected,not carried into the second build: a column outside the scope of docs/design/FAIR-Demo-2-PRD.md section 3; the first build's model that composes it stays published,,accept,"Tim 2026-09-26: PRD approved, all seven models"
mu96hgfei3lsyrtrwvaz3ycg,XdString,Did Health Insurance Pay For All Of Your Cancer Treatment,not carried into the second build: a column outside the scope of docs/design/FAIR-Demo-2-PRD.md section 3; the first build's model that composes it stays published,,accept,"Tim 2026-09-26: PRD approved, all seven models"
qcx0zoakn4cxa0vkbpv2tjdy,XdString,Did you cough up phlegm?,not carried into the second build: a column outside the scope of docs/design/FAIR-Demo-2-PRD.md section 3; the first build's model that composes it stays published,,accept,"Tim 2026-09-26: PRD approved, all seven models"
eypok22qzxklocbs41fpxuft,XdString,Did you dab marijuana or cannabis?,not carried into the second build: a column outside the scope of docs/design/FAIR-Demo-2-PRD.md section 3; the first build's model that composes it stays published,,accept,"Tim 2026-09-26: PRD approved, all seven models"
okdv5ktn57g2nmdihy68y05a,XdString,Did you do anything to keep from getting pregnant?,not carried into the second build: a column outside the scope of docs/design/FAIR-Demo-2-PRD.md section 3; the first build's model that composes it stays published,,accept,"Tim 2026-09-26: PRD approved, all seven models"
dpbjlyttkjztvr520b957afo,XdString,Did you eat marijuana or cannabis?,not carried into the second build: a column outside the scope of docs/design/FAIR-Demo-2-PRD.md section 3; the first build's model that composes it stays published,,accept,"Tim 2026-09-26: PRD approved, all seven models"
br3b9c5i2aka2r2kzcff3csv,XdString,Did you have a cough?,not carried into the second build: a column outside the scope of docs/design/FAIR-Demo-2-PRD.md section 3; the first build's model that composes it stays published,,accept,"Tim 2026-09-26: PRD approved, all seven models"
v17b2236z9npvzo97jqd51j2,XdString,Did you have shortness of breath?,not carried into the second build: a column outside the scope of docs/design/FAIR-Demo-2-PRD.md section 3; the first build's model that composes it stays published,,accept,"Tim 2026-09-26: PRD approved, all seven models"
ij6vtmo4n57mz6b8xo2cyhu9,XdString,Did You Receive a Summary of Cancer Treatments Received,not carried into the second build: a column outside the scope of docs/design/FAIR-Demo-2-PRD.md section 3; the first build's model that composes it stays published,,accept,"Tim 2026-09-26: PRD approved, all seven models"
av0ay717ubhbdjmr70inrbo6,XdString,Did you smoke marijuana or cannabis?,not carried into the second build: a column outside the scope of docs/design/FAIR-Demo-2-PRD.md section 3; the first build's model that composes it stays published,,accept,"Tim 2026-09-26: PRD approved, all seven models"
nvh8655g1cwnl87uyqy41n98,XdString,Did you talk about the advantages or disadvantages of P.S.A. test,not carried into the second build: a column outside the scope of docs/design/FAIR-Demo-2-PRD.md section 3; the first build's model that composes it stays published,,accept,"Tim 2026-09-26: PRD approved, all seven models"
mshl0x9bmbcyt5tv2snnyb15,XdString,Did you use marijuana or cannabis some other way?,not carried into the second build: a column outside the scope of docs/design/FAIR-Demo-2-PRD.md section 3; the first build's model that composes it stays published,,accept,"Tim 2026-09-26: PRD approved, all seven models"
lgl5k8tqvkcnskvt67gzx364,XdString,Did you vape marijuana or cannabis?,not carried into the second build: a column outside the scope of docs/design/FAIR-Demo-2-PRD.md section 3; the first build's model that composes it stays published,,accept,"Tim 2026-09-26: PRD approved, all seven models"
v2h5t219mpfuhclfdga5lwyo,XdString,Does confusion or memory loss interfere with work or social activities,not carried into the second build: a column outside the scope of docs/design/FAIR-Demo-2-PRD.md section 3; the first build's model that composes it stays published,,accept,"Tim 2026-09-26: PRD approved, all seven models"
l2hx0wp1g7m7vrdhjq8gfmbt,XdString,Does Person Being Cared For Have Alzheimer´s Disease?,not carried into the second build: a column outside the scope of docs/design/FAIR-Demo-2-PRD.md section 3; the first build's model that composes it stays published,,accept,"Tim 2026-09-26: PRD approved, all seven models"
yl7wjzqmv0rgkt3frgotowz2,XdString,Do you also have a landline telephone?,not carried into the second build: a column outside the scope of docs/design/FAIR-Demo-2-PRD.md section 3; the first build's model that composes it stays published,,accept,"Tim 2026-09-26: PRD approved, all seven models"
itjsvp8fepj5t2ak3d38pub7,XdString,Do you consider yourself to be transgender?,not carried into the second build: a column outside the scope of docs/design/FAIR-Demo-2-PRD.md section 3; the first build's model that composes it stays published,,accept,"Tim 2026-09-26: PRD approved, all seven models"
c910ew7x4qz0pwl2tfk4nymq,XdString,Do you currently live in ____(state)____?,not carried into the second build: a column outside the scope of docs/design/FAIR-Demo-2-PRD.md section 3; the first build's model that composes it stays published,,accept,"Tim 2026-09-26: PRD approved, all seven models"
p7fis3fw6wtao1thmtnqrj4d,XdString,Do you expect to have a relative you will need to provide care for?,not carried into the second build: a column outside the scope of docs/design/FAIR-Demo-2-PRD.md section 3; the first build's model that composes it stays published,,accept,"Tim 2026-09-26: PRD approved, all seven models"
znd4ea2fc0r186ingiibgg70,XdString,Do you live in a private residence?,not carried into the second build: a column outside the scope of docs/design/FAIR-Demo-2-PRD.md section 3; the first build's model that composes it stays published,,accept,"Tim 2026-09-26: PRD approved, all seven models"
ip96b77kchvis92hp20occgm,XdString,Do you live in college housing?,not carried into the second build: a column outside the scope of docs/design/FAIR-Demo-2-PRD.md section 3; the first build's model that composes it stays published,,accept,"Tim 2026-09-26: PRD approved, all seven models"
sxv1kzxpi9r7691tvd6o15ej,XdString,Do you live in college housing?,not carried into the second build: a column outside the scope of docs/design/FAIR-Demo-2-PRD.md section 3; the first build's model that composes it stays published,,accept,"Tim 2026-09-26: PRD approved, all seven models"
x6h7vt2zluqskubm0pzueopu,XdString,Do you usually smoke menthol cigarettes?,not carried into the second build: a column outside the scope of docs/design/FAIR-Demo-2-PRD.md section 3; the first build's model that composes it stays published,,accept,"Tim 2026-09-26: PRD approved, all seven models"
j2sjcx8y2g5pka1r92wfktpo,XdString,Do you usually use menthol e-cigarettes?,not carried into the second build: a column outside the scope of docs/design/FAIR-Demo-2-PRD.md section 3; the first build's model that composes it stays published,,accept,"Tim 2026-09-26: PRD approved, all seven models"
pt230t8mq8x21eanwpef5k9s,XdString,"During the past 30 days, on how many days did you use marijuana or hashish?",not carried into the second build: a column outside the scope of docs/design/FAIR-Demo-2-PRD.md section 3; the first build's model that composes it stays published,,accept,"Tim 2026-09-26: PRD approved, all seven models"
t0p1bzyhaa2pjo9rxs6gnkyg,XdString,Ever been told by a doctor or other health professional that you have pre-diabetes or borderline diabetes?,not carried into the second build: a column outside the scope of docs/design/FAIR-Demo-2-PRD.md section 3; the first build's model that composes it stays published,,accept,"Tim 2026-09-26: PRD approved, all seven models"
qe2unwumfhk9rdahi6xcfneh,XdString,Ever Denied Insurance Coverage Because Of Your Cancer?,not carried into the second build: a column outside the scope of docs/design/FAIR-Demo-2-PRD.md section 3; the first build's model that composes it stays published,,accept,"Tim 2026-09-26: PRD approved, all seven models"
gxkzkrvcjsv4sq4hqw2vhzgp,XdString,Ever Had Feet Sores or Irritations Lasting More Than Four Weeks,not carried into the second build: a column outside the scope of docs/design/FAIR-Demo-2-PRD.md section 3; the first build's model that composes it stays published,,accept,"Tim 2026-09-26: PRD approved, all seven models"
bwlkowxdd9jajrfq2uc09wok,XdString,Ever Had PSA Test,not carried into the second build: a column outside the scope of docs/design/FAIR-Demo-2-PRD.md section 3; the first build's model that composes it stays published,,accept,"Tim 2026-09-26: PRD approved, all seven models"
nwh5gke44r1798fc4dnx86gl,XdString,Ever Receive Instructions From A Doctor For Follow-Up Check-Ups,not carried into the second build: a column outside the scope of docs/design/FAIR-Demo-2-PRD.md section 3; the first build's model that composes it stays published,,accept,"Tim 2026-09-26: PRD approved, all seven models"
eoxjur7v0l8heudfh2ht2oqb,XdString,Generic drug code,covered by nhanes-generic-drug-code,nhanes-generic-drug-code,accept,"Tim 2026-09-26: PRD approved, all seven models"
scel65pkdj4d4h9ag1f7gboz,XdString,Given up day-to-day chores due to confusion or memory loss,not carried into the second build: a column outside the scope of docs/design/FAIR-Demo-2-PRD.md section 3; the first build's model that composes it stays published,,accept,"Tim 2026-09-26: PRD approved, all seven models"
zcjc37cauhmwq97flqdp5vvc,XdString,Have you discussed your confusion or memory loss with a health care professional?,not carried into the second build: a column outside the scope of docs/design/FAIR-Demo-2-PRD.md section 3; the first build's model that composes it stays published,,accept,"Tim 2026-09-26: PRD approved, all seven models"
jl6xn744cjf6sq7bnogln3l9,XdString,Have you ever been given a breathing test?,not carried into the second build: a column outside the scope of docs/design/FAIR-Demo-2-PRD.md section 3; the first build's model that composes it stays published,,accept,"Tim 2026-09-26: PRD approved, all seven models"
rgrjxzk9kcj6cf5hvccnbwlj,XdString,Have you ever had an H.P.V. vaccination?,not carried into the second build: a column outside the scope of docs/design/FAIR-Demo-2-PRD.md section 3; the first build's model that composes it stays published,,accept,"Tim 2026-09-26: PRD approved, all seven models"
n30ruts48e9o2nmr4cis1w50,XdString,Have you ever had the shingles or zoster vaccine?,not carried into the second build: a column outside the scope of docs/design/FAIR-Demo-2-PRD.md section 3; the first build's model that composes it stays published,,accept,"Tim 2026-09-26: PRD approved, all seven models"
vb48x56iuggm6zestf9yle7h,XdString,Have you experienced confusion or memory loss that is happening more often or is getting worse?,not carried into the second build: a column outside the scope of docs/design/FAIR-Demo-2-PRD.md section 3; the first build's model that composes it stays published,,accept,"Tim 2026-09-26: PRD approved, all seven models"
f4rn7jot2zxjydrbyq86946m,XdString,Have you have sexual intercourse?,not carried into the second build: a column outside the scope of docs/design/FAIR-Demo-2-PRD.md section 3; the first build's model that composes it stays published,,accept,"Tim 2026-09-26: PRD approved, all seven models"
n0dujq8t8qxw7u1nxeox92g5,XdString,Have you heard of heated tobacco products?,not carried into the second build: a column outside the scope of docs/design/FAIR-Demo-2-PRD.md section 3; the first build's model that composes it stays published,,accept,"Tim 2026-09-26: PRD approved, all seven models"
c6g82ede8bot57v1mhdsp9wk,XdString,HCPCS Code 1,covered by cms-claim-hcpcs-1,cms-claim-hcpcs-1,accept,"Tim 2026-09-26: PRD approved, all seven models"
eqoy4zpynvzmblre7wtzredn,XdString,HCPCS Code 10,covered by cms-claim-hcpcs-10,cms-claim-hcpcs-10,accept,"Tim 2026-09-26: PRD approved, all seven models"
wachpi4ue78b2ztq44jigszo,XdString,HCPCS Code 11,not carried into the second build: a column outside the scope of docs/design/FAIR-Demo-2-PRD.md section 3; the first build's model that composes it stays published,,accept,"Tim 2026-09-26: PRD approved, all seven models"
o9m5xx8tq2b83unyh49u6k6u,XdString,HCPCS Code 12,not carried into the second build: a column outside the scope of docs/design/FAIR-Demo-2-PRD.md section 3; the first build's model that composes it stays published,,accept,"Tim 2026-09-26: PRD approved, all seven models"
nqsvl2pycziolhybm5kzuqye,XdString,HCPCS Code 13,not carried into the second build: a column outside the scope of docs/design/FAIR-Demo-2-PRD.md section 3; the first build's model that composes it stays published,,accept,"Tim 2026-09-26: PRD approved, all seven models"
uiexdes629e02edfn1tc7x63,XdString,HCPCS Code 14,not carried into the second build: a column outside the scope of docs/design/FAIR-Demo-2-PRD.md section 3; the first build's model that composes it stays published,,accept,"Tim 2026-09-26: PRD approved, all seven models"
jksr7pkne10b4btkxyheyuhh,XdString,HCPCS Code 15,not carried into the second build: a column outside the scope of docs/design/FAIR-Demo-2-PRD.md section 3; the first build's model that composes it stays published,,accept,"Tim 2026-09-26: PRD approved, all seven models"
pev6q1k5v4d2cvedj23mazxo,XdString,HCPCS Code 16,not carried into the second build: a column outside the scope of docs/design/FAIR-Demo-2-PRD.md section 3; the first build's model that composes it stays published,,accept,"Tim 2026-09-26: PRD approved, all seven models"
wc94hlj7j7q8bxrmjc1pg3fb,XdString,HCPCS Code 17,not carried into the second build: a column outside the scope of docs/design/FAIR-Demo-2-PRD.md section 3; the first build's model that composes it stays published,,accept,"Tim 2026-09-26: PRD approved, all seven models"
x3yxwzpjh3ceprrxsm0035ev,XdString,HCPCS Code 18,not carried into the second build: a column outside the scope of docs/design/FAIR-Demo-2-PRD.md section 3; the first build's model that composes it stays published,,accept,"Tim 2026-09-26: PRD approved, all seven models"
a83fiza24m2by4ums4cpcwn8,XdString,HCPCS Code 19,not carried into the second build: a column outside the scope of docs/design/FAIR-Demo-2-PRD.md section 3; the first build's model that composes it stays published,,accept,"Tim 2026-09-26: PRD approved, all seven models"
dtrwu350p9ra8s420zdo6dzx,XdString,HCPCS Code 2,covered by cms-claim-hcpcs-2,cms-claim-hcpcs-2,accept,"Tim 2026-09-26: PRD approved, all seven models"
b88sdksofh7btwthe9756oby,XdString,HCPCS Code 20,not carried into the second build: a column outside the scope of docs/design/FAIR-Demo-2-PRD.md section 3; the first build's model that composes it stays published,,accept,"Tim 2026-09-26: PRD approved, all seven models"
o8o2kek3gd45ujfr6apl7r5v,XdString,HCPCS Code 21,not carried into the second build: a column outside the scope of docs/design/FAIR-Demo-2-PRD.md section 3; the first build's model that composes it stays published,,accept,"Tim 2026-09-26: PRD approved, all seven models"
hf7unnab1lweprsoquguvbhw,XdString,HCPCS Code 22,not carried into the second build: a column outside the scope of docs/design/FAIR-Demo-2-PRD.md section 3; the first build's model that composes it stays published,,accept,"Tim 2026-09-26: PRD approved, all seven models"
ggew4rc7or575evxvjyuemml,XdString,HCPCS Code 23,not carried into the second build: a column outside the scope of docs/design/FAIR-Demo-2-PRD.md section 3; the first build's model that composes it stays published,,accept,"Tim 2026-09-26: PRD approved, all seven models"
a8wj6l1bar6yazmrrz6sq25n,XdString,HCPCS Code 24,not carried into the second build: a column outside the scope of docs/design/FAIR-Demo-2-PRD.md section 3; the first build's model that composes it stays published,,accept,"Tim 2026-09-26: PRD approved, all seven models"
n576f9btn2b6b75xbzj90xmn,XdString,HCPCS Code 25,not carried into the second build: a column outside the scope of docs/design/FAIR-Demo-2-PRD.md section 3; the first build's model that composes it stays published,,accept,"Tim 2026-09-26: PRD approved, all seven models"
pc6l1vdkh735ly94c9ppkqnm,XdString,HCPCS Code 26,not carried into the second build: a column outside the scope of docs/design/FAIR-Demo-2-PRD.md section 3; the first build's model that composes it stays published,,accept,"Tim 2026-09-26: PRD approved, all seven models"
f815mpea84p49t8njorp43in,XdString,HCPCS Code 27,not carried into the second build: a column outside the scope of docs/design/FAIR-Demo-2-PRD.md section 3; the first build's model that composes it stays published,,accept,"Tim 2026-09-26: PRD approved, all seven models"
x41t3gy1xebzcxz9da0td0wj,XdString,HCPCS Code 28,not carried into the second build: a column outside the scope of docs/design/FAIR-Demo-2-PRD.md section 3; the first build's model that composes it stays published,,accept,"Tim 2026-09-26: PRD approved, all seven models"
l3oah46rvnqacvfixxlahv7n,XdString,HCPCS Code 29,not carried into the second build: a column outside the scope of docs/design/FAIR-Demo-2-PRD.md section 3; the first build's model that composes it stays published,,accept,"Tim 2026-09-26: PRD approved, all seven models"
y6uzjl22ukembruwtouk8qwl,XdString,HCPCS Code 3,covered by cms-claim-hcpcs-3,cms-claim-hcpcs-3,accept,"Tim 2026-09-26: PRD approved, all seven models"
qlacp174k7z5n56wrvo49v6u,XdString,HCPCS Code 30,not carried into the second build: a column outside the scope of docs/design/FAIR-Demo-2-PRD.md section 3; the first build's model that composes it stays published,,accept,"Tim 2026-09-26: PRD approved, all seven models"
q2i4tobxjv45lt0bdnh6upu7,XdString,HCPCS Code 31,not carried into the second build: a column outside the scope of docs/design/FAIR-Demo-2-PRD.md section 3; the first build's model that composes it stays published,,accept,"Tim 2026-09-26: PRD approved, all seven models"
ohsdb9uwl1n81b4zqwomnvm4,XdString,HCPCS Code 32,not carried into the second build: a column outside the scope of docs/design/FAIR-Demo-2-PRD.md section 3; the first build's model that composes it stays published,,accept,"Tim 2026-09-26: PRD approved, all seven models"
l92rjpmkzy28cl2vh7emv8yc,XdString,HCPCS Code 33,not carried into the second build: a column outside the scope of docs/design/FAIR-Demo-2-PRD.md section 3; the first build's model that composes it stays published,,accept,"Tim 2026-09-26: PRD approved, all seven models"
aahowrkpiq4arajk8xbzr9qh,XdString,HCPCS Code 34,not carried into the second build: a column outside the scope of docs/design/FAIR-Demo-2-PRD.md section 3; the first build's model that composes it stays published,,accept,"Tim 2026-09-26: PRD approved, all seven models"
ppib0j203w9vt5p84nfqb0wr,XdString,HCPCS Code 35,not carried into the second build: a column outside the scope of docs/design/FAIR-Demo-2-PRD.md section 3; the first build's model that composes it stays published,,accept,"Tim 2026-09-26: PRD approved, all seven models"
y3dvjqqbt2fg3hfh0xo2ci48,XdString,HCPCS Code 36,not carried into the second build: a column outside the scope of docs/design/FAIR-Demo-2-PRD.md section 3; the first build's model that composes it stays published,,accept,"Tim 2026-09-26: PRD approved, all seven models"
z8fmnbd0cq9alk1ccoi4tab8,XdString,HCPCS Code 37,not carried into the second build: a column outside the scope of docs/design/FAIR-Demo-2-PRD.md section 3; the first build's model that composes it stays published,,accept,"Tim 2026-09-26: PRD approved, all seven models"
q2jd76wizqqwpyq6mnhdsi1f,XdString,HCPCS Code 38,not carried into the second build: a column outside the scope of docs/design/FAIR-Demo-2-PRD.md section 3; the first build's model that composes it stays published,,accept,"Tim 2026-09-26: PRD approved, all seven models"
gsi5muhypxr96vjy94lkjkpi,XdString,HCPCS Code 39,not carried into the second build: a column outside the scope of docs/design/FAIR-Demo-2-PRD.md section 3; the first build's model that composes it stays published,,accept,"Tim 2026-09-26: PRD approved, all seven models"
z52ts5413a73cm8r5prnfrtz,XdString,HCPCS Code 4,covered by cms-claim-hcpcs-4,cms-claim-hcpcs-4,accept,"Tim 2026-09-26: PRD approved, all seven models"
skh1oet7kisxztblbdy1birm,XdString,HCPCS Code 40,not carried into the second build: a column outside the scope of docs/design/FAIR-Demo-2-PRD.md section 3; the first build's model that composes it stays published,,accept,"Tim 2026-09-26: PRD approved, all seven models"
ierah40okii9d12w6xily3f3,XdString,HCPCS Code 41,not carried into the second build: a column outside the scope of docs/design/FAIR-Demo-2-PRD.md section 3; the first build's model that composes it stays published,,accept,"Tim 2026-09-26: PRD approved, all seven models"
ublff1qvjrzby4thdmajr0ou,XdString,HCPCS Code 42,not carried into the second build: a column outside the scope of docs/design/FAIR-Demo-2-PRD.md section 3; the first build's model that composes it stays published,,accept,"Tim 2026-09-26: PRD approved, all seven models"
b93jaw5lpg5ks76twfvalmvk,XdString,HCPCS Code 43,not carried into the second build: a column outside the scope of docs/design/FAIR-Demo-2-PRD.md section 3; the first build's model that composes it stays published,,accept,"Tim 2026-09-26: PRD approved, all seven models"
dh67y1qy9vxry9orfcfr59ui,XdString,HCPCS Code 44,not carried into the second build: a column outside the scope of docs/design/FAIR-Demo-2-PRD.md section 3; the first build's model that composes it stays published,,accept,"Tim 2026-09-26: PRD approved, all seven models"
zj1qfezmo6v5i6wdy2ec3m1m,XdString,HCPCS Code 45,not carried into the second build: a column outside the scope of docs/design/FAIR-Demo-2-PRD.md section 3; the first build's model that composes it stays published,,accept,"Tim 2026-09-26: PRD approved, all seven models"
z7qwy0scj4iyk27z7u37j2uc,XdString,HCPCS Code 5,covered by cms-claim-hcpcs-5,cms-claim-hcpcs-5,accept,"Tim 2026-09-26: PRD approved, all seven models"
e2vchho4c4sqwlecpa233wc1,XdString,HCPCS Code 6,covered by cms-claim-hcpcs-6,cms-claim-hcpcs-6,accept,"Tim 2026-09-26: PRD approved, all seven models"
r66dx3zr363e6nusgn5bnivy,XdString,HCPCS Code 7,covered by cms-claim-hcpcs-7,cms-claim-hcpcs-7,accept,"Tim 2026-09-26: PRD approved, all seven models"
wmh1u8whaxczqdiwk3ibn2j2,XdString,HCPCS Code 8,covered by cms-claim-hcpcs-8,cms-claim-hcpcs-8,accept,"Tim 2026-09-26: PRD approved, all seven models"
iilb4o78sfhtm57o1lcg7oaj,XdString,HCPCS Code 9,covered by cms-claim-hcpcs-9,cms-claim-hcpcs-9,accept,"Tim 2026-09-26: PRD approved, all seven models"
a6yorxwcncsv94ve7r6azlpm,XdString,How do other people usually classify you in this country?,not carried into the second build: a column outside the scope of docs/design/FAIR-Demo-2-PRD.md section 3; the first build's model that composes it stays published,,accept,"Tim 2026-09-26: PRD approved, all seven models"
qj8fbbwjfur4m2zkn4gvhbyy,XdString,How do you feel you were treated at work compared to people of other races in past 12 months?,not carried into the second build: a column outside the scope of docs/design/FAIR-Demo-2-PRD.md section 3; the first build's model that composes it stays published,,accept,"Tim 2026-09-26: PRD approved, all seven models"
e9y5f1crc1uxg601qf08dho6,XdString,How Long Provided Care For Person.,not carried into the second build: a column outside the scope of docs/design/FAIR-Demo-2-PRD.md section 3; the first build's model that composes it stays published,,accept,"Tim 2026-09-26: PRD approved, all seven models"
j9uq2wgte72bgryy97px0gks,XdString,How many hours a week are you been able to work,not carried into the second build: a column outside the scope of docs/design/FAIR-Demo-2-PRD.md section 3; the first build's model that composes it stays published,,accept,"Tim 2026-09-26: PRD approved, all seven models"
tznfb3f1esb43aacgv2wlf2d,XdString,How Many Hours Do You Provide Care For Person?,not carried into the second build: a column outside the scope of docs/design/FAIR-Demo-2-PRD.md section 3; the first build's model that composes it stays published,,accept,"Tim 2026-09-26: PRD approved, all seven models"
m9s2tp6v6riohm72pqln9oer,XdString,How many HPV shots did you receive?,not carried into the second build: a column outside the scope of docs/design/FAIR-Demo-2-PRD.md section 3; the first build's model that composes it stays published,,accept,"Tim 2026-09-26: PRD approved, all seven models"
zbzp2fztjz0rsyau2hhfwtdf,XdString,How Many Types of Cancer?,not carried into the second build: a column outside the scope of docs/design/FAIR-Demo-2-PRD.md section 3; the first build's model that composes it stays published,,accept,"Tim 2026-09-26: PRD approved, all seven models"
oa6g7smiparilrawogmd09fe,XdString,How many years have you smoked tobacco products?,not carried into the second build: a column outside the scope of docs/design/FAIR-Demo-2-PRD.md section 3; the first build's model that composes it stays published,,accept,"Tim 2026-09-26: PRD approved, all seven models"
srjueb10um3seeruvykcdt8m,XdString,How Often Did Anyone Ever Force You to Have Sex?,not carried into the second build: a column outside the scope of docs/design/FAIR-Demo-2-PRD.md section 3; the first build's model that composes it stays published,,accept,"Tim 2026-09-26: PRD approved, all seven models"
rdp3gofodsale3psriccsfrb,XdString,How Often Did Anyone Ever Touch You Sexually?,not carried into the second build: a column outside the scope of docs/design/FAIR-Demo-2-PRD.md section 3; the first build's model that composes it stays published,,accept,"Tim 2026-09-26: PRD approved, all seven models"
fe5evm9w6pygxnnnslso8reo,XdString,How Often Did Anyone Make You Touch Them Sexually?,not carried into the second build: a column outside the scope of docs/design/FAIR-Demo-2-PRD.md section 3; the first build's model that composes it stays published,,accept,"Tim 2026-09-26: PRD approved, all seven models"
bplukfqvvo2zrqtw90b6vfpn,XdString,How Often Did A Parent Physically Hurt You In Any Way?,not carried into the second build: a column outside the scope of docs/design/FAIR-Demo-2-PRD.md section 3; the first build's model that composes it stays published,,accept,"Tim 2026-09-26: PRD approved, all seven models"
pc5p8o5y3wc7zj2j9v48jxt6,XdString,How Often Did A Parent Swear At You?,not carried into the second build: a column outside the scope of docs/design/FAIR-Demo-2-PRD.md section 3; the first build's model that composes it stays published,,accept,"Tim 2026-09-26: PRD approved, all seven models"
qmhmykkmhb0ep6ltqpv5vlmy,XdString,How Often Did Your Parents Beat Each Other Up?,not carried into the second build: a column outside the scope of docs/design/FAIR-Demo-2-PRD.md section 3; the first build's model that composes it stays published,,accept,"Tim 2026-09-26: PRD approved, all seven models"
w7vv03jyi6e1f8f8c7ucgbeb,XdString,How often do you think about your race?,not carried into the second build: a column outside the scope of docs/design/FAIR-Demo-2-PRD.md section 3; the first build's model that composes it stays published,,accept,"Tim 2026-09-26: PRD approved, all seven models"
dmies2nxdbt0yp2sq6249a8i,XdString,ICD-10-CM code 1,covered by nhanes-medication-reason-1,nhanes-medication-reason-1,accept,"Tim 2026-09-26: PRD approved, all seven models"
gfzey96vu7jrstwfi1520u0u,XdString,ICD-10-CM code 2,covered by nhanes-medication-reason-2,nhanes-medication-reason-2,accept,"Tim 2026-09-26: PRD approved, all seven models"
rbgl2g3qv04owwyodn3hucf0,XdString,ICD-10-CM code 3,covered by nhanes-medication-reason-3,nhanes-medication-reason-3,accept,"Tim 2026-09-26: PRD approved, all seven models"
h2qmxy3eg8z2tbjpdv72i88s,XdString,ICD-9-CM Diagnosis Code 1,covered by cms-claim-diagnosis-1,cms-claim-diagnosis-1,accept,"Tim 2026-09-26: PRD approved, all seven models"
xqzv440kq21libnr35norscf,XdString,ICD-9-CM Diagnosis Code 2,covered by cms-claim-diagnosis-2,cms-claim-diagnosis-2,accept,"Tim 2026-09-26: PRD approved, all seven models"
nfbphildqp54672gyzzcjl4x,XdString,ICD-9-CM Diagnosis Code 3,covered by cms-claim-diagnosis-3,cms-claim-diagnosis-3,accept,"Tim 2026-09-26: PRD approved, all seven models"
gbnlnwceh9nj0uc0klkhc42w,XdString,ICD-9-CM Diagnosis Code 4,covered by cms-claim-diagnosis-4,cms-claim-diagnosis-4,accept,"Tim 2026-09-26: PRD approved, all seven models"
me15caiqjhwjoygt9vtm7ux5,XdString,ICD-9-CM Diagnosis Code 5,covered by cms-claim-diagnosis-5,cms-claim-diagnosis-5,accept,"Tim 2026-09-26: PRD approved, all seven models"
bszrtosi43ipepmk6vejrvkf,XdString,ICD-9-CM Diagnosis Code 6,covered by cms-claim-diagnosis-6,cms-claim-diagnosis-6,accept,"Tim 2026-09-26: PRD approved, all seven models"
n48x3erx8tw7mcrmq9vfr6c6,XdString,ICD-9-CM Diagnosis Code 7,covered by cms-claim-diagnosis-7,cms-claim-diagnosis-7,accept,"Tim 2026-09-26: PRD approved, all seven models"
gq1yxmndkr0w5x0kuf86qxa7,XdString,ICD-9-CM Diagnosis Code 8,covered by cms-claim-diagnosis-8,cms-claim-diagnosis-8,accept,"Tim 2026-09-26: PRD approved, all seven models"
w8ql169vo0ux7ujyc45lfknb,XdString,ICD-9-CM Diagnosis Code 9,covered by cms-claim-diagnosis-9,cms-claim-diagnosis-9,accept,"Tim 2026-09-26: PRD approved, all seven models"
mg6dmqlur3wbv7qtlwtzg9df,XdString,ICD-9-CM Procedure Code 2,covered by cms-claim-procedure-2,cms-claim-procedure-2,accept,"Tim 2026-09-26: PRD approved, all seven models"
fxehuqw4eh94vo2rzo449172,XdString,ICD-9-CM Procedure Code 3,covered by cms-claim-procedure-3,cms-claim-procedure-3,accept,"Tim 2026-09-26: PRD approved, all seven models"
lsb4gj0w05u6kv7oog7lv9zu,XdString,ICD-9-CM Procedure Code 4,covered by cms-claim-procedure-4,cms-claim-procedure-4,accept,"Tim 2026-09-26: PRD approved, all seven models"
h3hehrlo5zbiedfmva6aw8v8,XdString,ICD9_DGNS_CD_10 (duplicate label),not rebuilt: a duplicate-label leaf of the first build,,accept,"Tim 2026-09-26: PRD approved, all seven models"
r3lgrusha3kzugs923vdc9dd,XdString,ICD9_PRCDR_CD_1 (duplicate label),not rebuilt: a duplicate-label leaf of the first build,,accept,"Tim 2026-09-26: PRD approved, all seven models"
hgly59s8t8wukcl142chc7ax,XdString,ICD9_PRCDR_CD_5 (duplicate label),not rebuilt: a duplicate-label leaf of the first build,,accept,"Tim 2026-09-26: PRD approved, all seven models"
qz2pyzv4b8thxm82l38kzfb2,XdString,ICD9_PRCDR_CD_6 (duplicate label),not rebuilt: a duplicate-label leaf of the first build,,accept,"Tim 2026-09-26: PRD approved, all seven models"
z9ngcby6ah7p6vfnzmggc64n,XdString,Impairment requiring special equipment,not carried into the second build: a column outside the scope of docs/design/FAIR-Demo-2-PRD.md section 3; the first build's model that composes it stays published,,accept,"Tim 2026-09-26: PRD approved, all seven models"
yx40vcmj2fx4ehr9lzi3x0xm,XdString,Instructions Written or Printed,not carried into the second build: a column outside the scope of docs/design/FAIR-Demo-2-PRD.md section 3; the first build's model that composes it stays published,,accept,"Tim 2026-09-26: PRD approved, all seven models"
ytrd3gws2uxqg9gswxju8ph9,XdString,Intend to get COVID-19 vaccination,not carried into the second build: a column outside the scope of docs/design/FAIR-Demo-2-PRD.md section 3; the first build's model that composes it stays published,,accept,"Tim 2026-09-26: PRD approved, all seven models"
hwjz5o9a9s3gmriacwe2tfka,XdString,Interval Since Last Smoked,not carried into the second build: a column outside the scope of docs/design/FAIR-Demo-2-PRD.md section 3; the first build's model that composes it stays published,,accept,"Tim 2026-09-26: PRD approved, all seven models"
wbo8zc6dhe3lf0khhrdon43a,XdString,Is Pain Under Control?,not carried into the second build: a column outside the scope of docs/design/FAIR-Demo-2-PRD.md section 3; the first build's model that composes it stays published,,accept,"Tim 2026-09-26: PRD approved, all seven models"
o15akywdp66cqi6wkvu49hl4,XdString,Is this a cell phone?,not carried into the second build: a column outside the scope of docs/design/FAIR-Demo-2-PRD.md section 3; the first build's model that composes it stays published,,accept,"Tim 2026-09-26: PRD approved, all seven models"
bdd1dkjfqkcsvblg1hfz4vtf,XdString,Last Eye Exam Where Pupils Were Dilated,not carried into the second build: a column outside the scope of docs/design/FAIR-Demo-2-PRD.md section 3; the first build's model that composes it stays published,,accept,"Tim 2026-09-26: PRD approved, all seven models"
ur5sbcde8xg05zsmwdsg5d9r,XdString,Last Visited Dentist or Dental Clinic,not carried into the second build: a column outside the scope of docs/design/FAIR-Demo-2-PRD.md section 3; the first build's model that composes it stays published,,accept,"Tim 2026-09-26: PRD approved, all seven models"
rziszn3dko8z8wn69dgce6r6,XdString,Liver condition: Autoimmune hepatitis,not carried into the second build: a column outside the scope of docs/design/FAIR-Demo-2-PRD.md section 3; the first build's model that composes it stays published,,accept,"Tim 2026-09-26: PRD approved, all seven models"
o5u0hg7vehp44umuwzswrl3g,XdString,Liver condition: Liver cirrhosis,not carried into the second build: a column outside the scope of docs/design/FAIR-Demo-2-PRD.md section 3; the first build's model that composes it stays published,,accept,"Tim 2026-09-26: PRD approved, all seven models"
ve866tgvgd1bvoge6ppkl8pb,XdString,Liver condition: Viral hepatitis,not carried into the second build: a column outside the scope of docs/design/FAIR-Demo-2-PRD.md section 3; the first build's model that composes it stays published,,accept,"Tim 2026-09-26: PRD approved, all seven models"
jn4esgcmnpr1yg80sw5mpxpd,XdString,"Live With Anyone Depressed, Mentally Ill, Or Suicidal?",not carried into the second build: a column outside the scope of docs/design/FAIR-Demo-2-PRD.md section 3; the first build's model that composes it stays published,,accept,"Tim 2026-09-26: PRD approved, all seven models"
ul5yxg5f9wvp5ybyvc1x3dh5,XdString,Live With Anyone Who Served TIme in Prison or Jail?,not carried into the second build: a column outside the scope of docs/design/FAIR-Demo-2-PRD.md section 3; the first build's model that composes it stays published,,accept,"Tim 2026-09-26: PRD approved, all seven models"
sndxjv0x1jsapb321feag6lk,XdString,Live With Anyone Who Used Illegal Drugs or Abused Prescriptions?,not carried into the second build: a column outside the scope of docs/design/FAIR-Demo-2-PRD.md section 3; the first build's model that composes it stays published,,accept,"Tim 2026-09-26: PRD approved, all seven models"
opfg5th7vpmkl3gke89jeyvb,XdString,Live With a Problem Drinker/Alcoholic?,not carried into the second build: a column outside the scope of docs/design/FAIR-Demo-2-PRD.md section 3; the first build's model that composes it stays published,,accept,"Tim 2026-09-26: PRD approved, all seven models"
i7ef7hn8fh7ikp5l4896e8cc,XdString,Long term impairment/health problem,not carried into the second build: a column outside the scope of docs/design/FAIR-Demo-2-PRD.md section 3; the first build's model that composes it stays published,,accept,"Tim 2026-09-26: PRD approved, all seven models"
guv9ah9xeebrsdof3b4tdsnz,XdString,Managed household tasks,not carried into the second build: a column outside the scope of docs/design/FAIR-Demo-2-PRD.md section 3; the first build's model that composes it stays published,,accept,"Tim 2026-09-26: PRD approved, all seven models"
y4s2k1l9fxb1mfertskpzi5o,XdString,Managed personal care,not carried into the second build: a column outside the scope of docs/design/FAIR-Demo-2-PRD.md section 3; the first build's model that composes it stays published,,accept,"Tim 2026-09-26: PRD approved, all seven models"
xconmt8ydje519sp3j0h1qxh,XdString,Marlboro variety,not carried into the second build: a column outside the scope of docs/design/FAIR-Demo-2-PRD.md section 3; the first build's model that composes it stays published,,accept,"Tim 2026-09-26: PRD approved, all seven models"
j1ctoimoxdn4en40rhdnn1pu,XdString,Month/Year of first COVID-19 vaccination,not carried into the second build: a column outside the scope of docs/design/FAIR-Demo-2-PRD.md section 3; the first build's model that composes it stays published,,accept,"Tim 2026-09-26: PRD approved, all seven models"
digbki1kll1kvwcq9snlx7lp,XdString,Month/Year of second COVID-19 vaccination,not carried into the second build: a column outside the scope of docs/design/FAIR-Demo-2-PRD.md section 3; the first build's model that composes it stays published,,accept,"Tim 2026-09-26: PRD approved, all seven models"
x5dju6n0birtiddape7u5lk0,XdString,More than 3 kinds of cancer,not carried into the second build: a column outside the scope of docs/design/FAIR-Demo-2-PRD.md section 3; the first build's model that composes it stays published,,accept,"Tim 2026-09-26: PRD approved, all seven models"
hmzi44te3yhhmy36qspnijw7,XdString,Need assistance with day-to_day activities due to confusion or memory loss,not carried into the second build: a column outside the scope of docs/design/FAIR-Demo-2-PRD.md section 3; the first build's model that composes it stays published,,accept,"Tim 2026-09-26: PRD approved, all seven models"
mi4bsnxh10tzf01cqomgiodc,XdString,Newport variety,not carried into the second build: a column outside the scope of docs/design/FAIR-Demo-2-PRD.md section 3; the first build's model that composes it stays published,,accept,"Tim 2026-09-26: PRD approved, all seven models"
ws73k5mhwwz2lvwxbi4bqkvo,XdString,Now Taking Insulin,not carried into the second build: a column outside the scope of docs/design/FAIR-Demo-2-PRD.md section 3; the first build's model that composes it stays published,,accept,"Tim 2026-09-26: PRD approved, all seven models"
axbjsfrqzb3g8kcv8or2i9yp,XdString,Number of Adult men in Household,not carried into the second build: a column outside the scope of docs/design/FAIR-Demo-2-PRD.md section 3; the first build's model that composes it stays published,,accept,"Tim 2026-09-26: PRD approved, all seven models"
kv658k9gxgjgsuszj4glt9aj,XdString,Number of Adults in Household,not carried into the second build: a column outside the scope of docs/design/FAIR-Demo-2-PRD.md section 3; the first build's model that composes it stays published,,accept,"Tim 2026-09-26: PRD approved, all seven models"
b3zoh4ro94q02nzn53p55fti,XdString,Number of Adult women in Household,not carried into the second build: a column outside the scope of docs/design/FAIR-Demo-2-PRD.md section 3; the first build's model that composes it stays published,,accept,"Tim 2026-09-26: PRD approved, all seven models"
ima14nb5vxzz9y0mqqulf0sp,XdString,Number of COVID-19 vaccinations received,not carried into the second build: a column outside the scope of docs/design/FAIR-Demo-2-PRD.md section 3; the first build's model that composes it stays published,,accept,"Tim 2026-09-26: PRD approved, all seven models"
emf890l1cpwi6dhe8b1upy3l,XdString,Number of Permanent Teeth Removed,not carried into the second build: a column outside the scope of docs/design/FAIR-Demo-2-PRD.md section 3; the first build's model that composes it stays published,,accept,"Tim 2026-09-26: PRD approved, all seven models"
pp5jixhj98v58f3xv3fsf23l,XdString,Offered advice about what level of drinking is harmful or risky?,not carried into the second build: a column outside the scope of docs/design/FAIR-Demo-2-PRD.md section 3; the first build's model that composes it stays published,,accept,"Tim 2026-09-26: PRD approved, all seven models"
etk8i3gy6ubj8e25jsum0e5j,XdString,Other brand,not carried into the second build: a column outside the scope of docs/design/FAIR-Demo-2-PRD.md section 3; the first build's model that composes it stays published,,accept,"Tim 2026-09-26: PRD approved, all seven models"
yer5uf6xfvm4bx2yejd5je79,XdString,Participate In Clinical Trial As Part Of Cancer Treatment?,not carried into the second build: a column outside the scope of docs/design/FAIR-Demo-2-PRD.md section 3; the first build's model that composes it stays published,,accept,"Tim 2026-09-26: PRD approved, all seven models"
jyzu69p6fn9php8e9tgh0w9s,XdString,Provided regular care for family or friend,not carried into the second build: a column outside the scope of docs/design/FAIR-Demo-2-PRD.md section 3; the first build's model that composes it stays published,,accept,"Tim 2026-09-26: PRD approved, all seven models"
hmms66svrt1ihiue1s8d4wgl,XdString,Provider Institution Number,not carried into the second build: a column outside the scope of docs/design/FAIR-Demo-2-PRD.md section 3; the first build's model that composes it stays published,,accept,"Tim 2026-09-26: PRD approved, all seven models"
fhql7nu3qfc6y7mf024bopch,XdString,Received at least one COVID-19 vaccination,not carried into the second build: a column outside the scope of docs/design/FAIR-Demo-2-PRD.md section 3; the first build's model that composes it stays published,,accept,"Tim 2026-09-26: PRD approved, all seven models"
v9vow51yc8ebob1zdpvxtuq3,XdString,Relationship Of Person To Whom You Are Giving Care?,not carried into the second build: a column outside the scope of docs/design/FAIR-Demo-2-PRD.md section 3; the first build's model that composes it stays published,,accept,"Tim 2026-09-26: PRD approved, all seven models"
az4gx3c5f9krg29pl4v863d0,XdString,Safe time to talk,not carried into the second build: a column outside the scope of docs/design/FAIR-Demo-2-PRD.md section 3; the first build's model that composes it stays published,,accept,"Tim 2026-09-26: PRD approved, all seven models"
zuczzj1kbti4qgxvb5nj4d2g,XdString,Sexual orientation,not carried into the second build: a column outside the scope of docs/design/FAIR-Demo-2-PRD.md section 3; the first build's model that composes it stays published,,accept,"Tim 2026-09-26: PRD approved, all seven models"
jfn1hjz1i4qn0zv0xlratfe5,XdString,Sexual orientation,not carried into the second build: a column outside the scope of docs/design/FAIR-Demo-2-PRD.md section 3; the first build's model that composes it stays published,,accept,"Tim 2026-09-26: PRD approved, all seven models"
r1ql14mwgsv54af9yeyjvnoi,XdString,Still have Chronic Fatigue Syndrome or Myalgic Encephalomyelitis,not carried into the second build: a column outside the scope of docs/design/FAIR-Demo-2-PRD.md section 3; the first build's model that composes it stays published,,accept,"Tim 2026-09-26: PRD approved, all seven models"
l4kom6v9wp21vwn97ggnav05,XdString,Stopped Smoking in past 12 months,not carried into the second build: a column outside the scope of docs/design/FAIR-Demo-2-PRD.md section 3; the first build's model that composes it stays published,,accept,"Tim 2026-09-26: PRD approved, all seven models"
pybkrb2dcydbgd6upci04nww,XdString,Times Checked for Glycosylated Hemoglobin,not carried into the second build: a column outside the scope of docs/design/FAIR-Demo-2-PRD.md section 3; the first build's model that composes it stays published,,accept,"Tim 2026-09-26: PRD approved, all seven models"
q4vgat12m9c3st7id9gzw4rs,XdString,Time Since Most Recent PSA Test,not carried into the second build: a column outside the scope of docs/design/FAIR-Demo-2-PRD.md section 3; the first build's model that composes it stays published,,accept,"Tim 2026-09-26: PRD approved, all seven models"
abtyp285cenjl0oxlqul4edq,XdString,Times past 30 days felt physical symptoms because of treatment due to your race,not carried into the second build: a column outside the scope of docs/design/FAIR-Demo-2-PRD.md section 3; the first build's model that composes it stays published,,accept,"Tim 2026-09-26: PRD approved, all seven models"
y67xzfs5uajp40sxewj1j6vy,XdString,Told had Chronic Fatigue Syndrome (CFS) or (Myalgic Encephalomyelitis) ME,not carried into the second build: a column outside the scope of docs/design/FAIR-Demo-2-PRD.md section 3; the first build's model that composes it stays published,,accept,"Tim 2026-09-26: PRD approved, all seven models"
tn99rw3x0ydsn6zccclu7lkt,XdString,Type of Cancer,not carried into the second build: a column outside the scope of docs/design/FAIR-Demo-2-PRD.md section 3; the first build's model that composes it stays published,,accept,"Tim 2026-09-26: PRD approved, all seven models"
ttwwqbbs91acobpbgnnk74ag,XdString,USEMRJN4,not carried into the second build: a column outside the scope of docs/design/FAIR-Demo-2-PRD.md section 3; the first build's model that composes it stays published,,accept,"Tim 2026-09-26: PRD approved, all seven models"
vvbm494l82dfglaty5iui8ql,XdString,Were you advised to reduce or quit your drinking?,not carried into the second build: a column outside the scope of docs/design/FAIR-Demo-2-PRD.md section 3; the first build's model that composes it stays published,,accept,"Tim 2026-09-26: PRD approved, all seven models"
lnsxo4qnue3cjh7qaebdkjhj,XdString,Were Your Parents Divorced/Seperated?,not carried into the second build: a column outside the scope of docs/design/FAIR-Demo-2-PRD.md section 3; the first build's model that composes it stays published,,accept,"Tim 2026-09-26: PRD approved, all seven models"
w9o9oe5ys899mcd2qfryvjt6,XdString,"Were you treated worse than, the same, or better than people of other races?",not carried into the second build: a column outside the scope of docs/design/FAIR-Demo-2-PRD.md section 3; the first build's model that composes it stays published,,accept,"Tim 2026-09-26: PRD approved, all seven models"
eiodgyyaciy2t7872rme8imh,XdString,What did you do to keep you from getting pregnant?,not carried into the second build: a column outside the scope of docs/design/FAIR-Demo-2-PRD.md section 3; the first build's model that composes it stays published,,accept,"Tim 2026-09-26: PRD approved, all seven models"
pdnq9flqa6ec8xqs7anjkodu,XdString,"What Is The Major Health Problem, Illness, Disability For Care For Person?",not carried into the second build: a column outside the scope of docs/design/FAIR-Demo-2-PRD.md section 3; the first build's model that composes it stays published,,accept,"Tim 2026-09-26: PRD approved, all seven models"
x0lq9sdg4i2h8t9g4jg1t7ns,XdString,What is your preferred birth control method?,not carried into the second build: a column outside the scope of docs/design/FAIR-Demo-2-PRD.md section 3; the first build's model that composes it stays published,,accept,"Tim 2026-09-26: PRD approved, all seven models"
c9jo7m8n33x6nvnqln6uxn05,XdString,What type of diabetes do you have?,not carried into the second build: a column outside the scope of docs/design/FAIR-Demo-2-PRD.md section 3; the first build's model that composes it stays published,,accept,"Tim 2026-09-26: PRD approved, all seven models"
fu01lav25ebr53lhb7ktq3a2,XdString,What Type of Doctor Provides Majority of Your Care,not carried into the second build: a column outside the scope of docs/design/FAIR-Demo-2-PRD.md section 3; the first build's model that composes it stays published,,accept,"Tim 2026-09-26: PRD approved, all seven models"
az4ih6g3hcgxqb9qcoey72pj,XdString,What was main reason for not doing anything to keep you from getting pregnant?,not carried into the second build: a column outside the scope of docs/design/FAIR-Demo-2-PRD.md section 3; the first build's model that composes it stays published,,accept,"Tim 2026-09-26: PRD approved, all seven models"
qwblthdy5nckobsv0pqq9t1m,XdString,What was the MAIN reason you had this PSA test?,not carried into the second build: a column outside the scope of docs/design/FAIR-Demo-2-PRD.md section 3; the first build's model that composes it stays published,,accept,"Tim 2026-09-26: PRD approved, all seven models"
g2c98l0jvlbq1tubvtwd4ufc,XdString,"When seeking health care past 12 months, was experience worse, same, better than people of other races?",not carried into the second build: a column outside the scope of docs/design/FAIR-Demo-2-PRD.md section 3; the first build's model that composes it stays published,,accept,"Tim 2026-09-26: PRD approved, all seven models"
gse7o1fr7kj14vqdlxhoz49y,XdString,When was the last time a they took a photo of the back of your eye?,not carried into the second build: a column outside the scope of docs/design/FAIR-Demo-2-PRD.md section 3; the first build's model that composes it stays published,,accept,"Tim 2026-09-26: PRD approved, all seven models"
f2kgj7uxc832ze20sahbhpdx,XdString,When was the last time you took a course or class in how to manage your diabetes?,not carried into the second build: a column outside the scope of docs/design/FAIR-Demo-2-PRD.md section 3; the first build's model that composes it stays published,,accept,"Tim 2026-09-26: PRD approved, all seven models"
e8ngz5cnjku5nugg1ky9ej2r,XdString,When was your last blood test for high blood sugar?,not carried into the second build: a column outside the scope of docs/design/FAIR-Demo-2-PRD.md section 3; the first build's model that composes it stays published,,accept,"Tim 2026-09-26: PRD approved, all seven models"
lnkgxfhrsj6gm6s1itwcxigg,XdString,When you need help with day-to-day activities are you able to get it,not carried into the second build: a column outside the scope of docs/design/FAIR-Demo-2-PRD.md section 3; the first build's model that composes it stays published,,accept,"Tim 2026-09-26: PRD approved, all seven models"
wz4ffpqxstpcl0745olt433c,XdString,Where did you get what you used to prevent pregnancy?,not carried into the second build: a column outside the scope of docs/design/FAIR-Demo-2-PRD.md section 3; the first build's model that composes it stays published,,accept,"Tim 2026-09-26: PRD approved, all seven models"
cgckfkmsk058lmr9355ca1iy,XdString,Where did you get your last flu shot/vaccine?,not carried into the second build: a column outside the scope of docs/design/FAIR-Demo-2-PRD.md section 3; the first build's model that composes it stays published,,accept,"Tim 2026-09-26: PRD approved, all seven models"
b81aqbwckpthawtqkqhmm0gb,XdString,Who first suggested this PSA test?,not carried into the second build: a column outside the scope of docs/design/FAIR-Demo-2-PRD.md section 3; the first build's model that composes it stays published,,accept,"Tim 2026-09-26: PRD approved, all seven models"
abkeji0l78vz5qssv4oiar5m,XdString,Will you get COVID-19 vaccination?,not carried into the second build: a column outside the scope of docs/design/FAIR-Demo-2-PRD.md section 3; the first build's model that composes it stays published,,accept,"Tim 2026-09-26: PRD approved, all seven models"
h7goqorv94mfrn9rge32sru7,XdString,Years smoked reported packs per day,not carried into the second build: a column outside the scope of docs/design/FAIR-Demo-2-PRD.md section 3; the first build's model that composes it stays published,,accept,"Tim 2026-09-26: PRD approved, all seven models"
iw0ux9q63eck8xu42uf9slv7,Units,ADDEPEV3_units,not rebuilt: a per-column units leaf of the first build; units are library Units records bound by the quantity,,accept,"Tim 2026-09-26: PRD approved, all seven models"
oymyldgkjdge0jqud750yohd,Units,_AGE65YR_units,not rebuilt: a per-column units leaf of the first build; units are library Units records bound by the quantity,,accept,"Tim 2026-09-26: PRD approved, all seven models"
n14l3th422324uzbuk4hrniy,Units,_AGEG5YR_units,not rebuilt: a per-column units leaf of the first build; units are library Units records bound by the quantity,,accept,"Tim 2026-09-26: PRD approved, all seven models"
ddtf7vlf4v3w3m1vp20y1dp2,Units,AGQ030_units,not rebuilt: a per-column units leaf of the first build; units are library Units records bound by the quantity,,accept,"Tim 2026-09-26: PRD approved, all seven models"
k9ko86shhax48ns7chmfvev2,Units,_AIDTST4_units,not rebuilt: a per-column units leaf of the first build; units are library Units records bound by the quantity,,accept,"Tim 2026-09-26: PRD approved, all seven models"
mii0v49uw6v8mb9d18x1pzk0,Units,ALCDAY4_units,not rebuilt: a per-column units leaf of the first build; units are library Units records bound by the quantity,,accept,"Tim 2026-09-26: PRD approved, all seven models"
xfkk5dq2gxku7diaj9c5kktc,Units,_ALTETH3_units,not rebuilt: a per-column units leaf of the first build; units are library Units records bound by the quantity,,accept,"Tim 2026-09-26: PRD approved, all seven models"
qp8127utnxgs1gslkat61tgb,Units,ASTHMA3_units,not rebuilt: a per-column units leaf of the first build; units are library Units records bound by the quantity,,accept,"Tim 2026-09-26: PRD approved, all seven models"
x1mnrm5otorrze20af3loga9,Units,_ASTHMS1_units,not rebuilt: a per-column units leaf of the first build; units are library Units records bound by the quantity,,accept,"Tim 2026-09-26: PRD approved, all seven models"
dn1zs3vhh2l5tqn2zxzoygqg,Units,ASTHNOW_units,not rebuilt: a per-column units leaf of the first build; units are library Units records bound by the quantity,,accept,"Tim 2026-09-26: PRD approved, all seven models"
u56uzx1f8rjg07cxrrdiyu8w,Units,AT_PHYSN_NPI_units,not rebuilt: a per-column units leaf of the first build; units are library Units records bound by the quantity,,accept,"Tim 2026-09-26: PRD approved, all seven models"
be94bu4v6pygbe2vfujwej6p,Units,AVEDRNK3_units,not rebuilt: a per-column units leaf of the first build; units are library Units records bound by the quantity,,accept,"Tim 2026-09-26: PRD approved, all seven models"
d3131ecd4zkvlr3ybyb5p1zu,Units,BENE_BIRTH_DT_units,not rebuilt: a per-column units leaf of the first build; units are library Units records bound by the quantity,,accept,"Tim 2026-09-26: PRD approved, all seven models"
dxzumt7cremjd35ymd93mn5h,Units,BENE_COUNTY_CD_units,not rebuilt: a per-column units leaf of the first build; units are library Units records bound by the quantity,,accept,"Tim 2026-09-26: PRD approved, all seven models"
hiemi9cm6s39rshqsvbvmtf5,Units,BENE_HI_CVRAGE_TOT_MONS_units,not rebuilt: a per-column units leaf of the first build; units are library Units records bound by the quantity,,accept,"Tim 2026-09-26: PRD approved, all seven models"
c0frmrgzupjwz2lps4qhh7dz,Units,BENE_HMO_CVRAGE_TOT_MONS_units,not rebuilt: a per-column units leaf of the first build; units are library Units records bound by the quantity,,accept,"Tim 2026-09-26: PRD approved, all seven models"
f790f23og0v86iwvkfbzjti3,Units,BENE_RACE_CD_units,not rebuilt: a per-column units leaf of the first build; units are library Units records bound by the quantity,,accept,"Tim 2026-09-26: PRD approved, all seven models"
ghdqabu68fqftf8pf28cyyyj,Units,BENE_SEX_IDENT_CD_units,not rebuilt: a per-column units leaf of the first build; units are library Units records bound by the quantity,,accept,"Tim 2026-09-26: PRD approved, all seven models"
eg4h5wtfstth99m2txltowkn,Units,BENE_SMI_CVRAGE_TOT_MONS_units,not rebuilt: a per-column units leaf of the first build; units are library Units records bound by the quantity,,accept,"Tim 2026-09-26: PRD approved, all seven models"
bjlavdsvl5eo8y9udh73r92r,Units,BENRES_CAR_units,not rebuilt: a per-column units leaf of the first build; units are library Units records bound by the quantity,,accept,"Tim 2026-09-26: PRD approved, all seven models"
sesi15y25wfhzqmfn6gl9upd,Units,BENRES_IP_units,not rebuilt: a per-column units leaf of the first build; units are library Units records bound by the quantity,,accept,"Tim 2026-09-26: PRD approved, all seven models"
gil862r7kzonw1m6ke81wdai,Units,BENRES_OP_units,not rebuilt: a per-column units leaf of the first build; units are library Units records bound by the quantity,,accept,"Tim 2026-09-26: PRD approved, all seven models"
c6rs4gcgyfortzdsdm381cgc,Units,BLDSTFIT_units,not rebuilt: a per-column units leaf of the first build; units are library Units records bound by the quantity,,accept,"Tim 2026-09-26: PRD approved, all seven models"
rwqadokfhol3ptxizwg5ktx6,Units,BLIND_units,not rebuilt: a per-column units leaf of the first build; units are library Units records bound by the quantity,,accept,"Tim 2026-09-26: PRD approved, all seven models"
dgsgc5mrc02w92an6k6nweh9,Units,_BMI5CAT_units,not rebuilt: a per-column units leaf of the first build; units are library Units records bound by the quantity,,accept,"Tim 2026-09-26: PRD approved, all seven models"
cywflpd5f6ya2o529v92sea9,Units,BPAARM_units,not rebuilt: a per-column units leaf of the first build; units are library Units records bound by the quantity,,accept,"Tim 2026-09-26: PRD approved, all seven models"
kchk7ts5l4eq4sv46xnrqbrq,Units,BPACSZ_units,not rebuilt: a per-column units leaf of the first build; units are library Units records bound by the quantity,,accept,"Tim 2026-09-26: PRD approved, all seven models"
kwg17zhsupm9adb26yg8a21y,Units,BPXCHR_units,not rebuilt: a per-column units leaf of the first build; units are library Units records bound by the quantity,,accept,"Tim 2026-09-26: PRD approved, all seven models"
bjg7dbdbmury04eoo5rwq250,Units,BPXML1_units,not rebuilt: a per-column units leaf of the first build; units are library Units records bound by the quantity,,accept,"Tim 2026-09-26: PRD approved, all seven models"
mem0201z8j0vl097ubbqtjks,Units,BPXPLS_units,not rebuilt: a per-column units leaf of the first build; units are library Units records bound by the quantity,,accept,"Tim 2026-09-26: PRD approved, all seven models"
btocuv0wxgwri5b39zsmve0o,Units,CAGEG_units,not rebuilt: a per-column units leaf of the first build; units are library Units records bound by the quantity,,accept,"Tim 2026-09-26: PRD approved, all seven models"
qh6r7uxo5mxk19bmgji6ovm6,Units,CASTHDX2_units,not rebuilt: a per-column units leaf of the first build; units are library Units records bound by the quantity,,accept,"Tim 2026-09-26: PRD approved, all seven models"
jy4glh1df6ke6hg0joq5afms,Units,_CASTHM1_units,not rebuilt: a per-column units leaf of the first build; units are library Units records bound by the quantity,,accept,"Tim 2026-09-26: PRD approved, all seven models"
b7hzpfua996f5g4l0tj707kg,Units,CELPHON1_units,not rebuilt: a per-column units leaf of the first build; units are library Units records bound by the quantity,,accept,"Tim 2026-09-26: PRD approved, all seven models"
q84aw7mryxvgkeaceqts4eyn,Units,CERVSCRN_units,not rebuilt: a per-column units leaf of the first build; units are library Units records bound by the quantity,,accept,"Tim 2026-09-26: PRD approved, all seven models"
aghy068vyepcn0xhlkwruhoh,Units,CHCCOPD3_units,not rebuilt: a per-column units leaf of the first build; units are library Units records bound by the quantity,,accept,"Tim 2026-09-26: PRD approved, all seven models"
shwy9yo1zcyx8pxdev3m43ng,Units,CHCKDNY2_units,not rebuilt: a per-column units leaf of the first build; units are library Units records bound by the quantity,,accept,"Tim 2026-09-26: PRD approved, all seven models"
pixmtxpz4midyammrhekqtuq,Units,CHCOCNC1_units,not rebuilt: a per-column units leaf of the first build; units are library Units records bound by the quantity,,accept,"Tim 2026-09-26: PRD approved, all seven models"
komzihshsq0xhsirf7rf4v3x,Units,CHCSCNC1_units,not rebuilt: a per-column units leaf of the first build; units are library Units records bound by the quantity,,accept,"Tim 2026-09-26: PRD approved, all seven models"
j7jtoz0uvnxyh1s115bq0go5,Units,CHECKUP1_units,not rebuilt: a per-column units leaf of the first build; units are library Units records bound by the quantity,,accept,"Tim 2026-09-26: PRD approved, all seven models"
h64rvsitmn9v1e8ycci658bv,Units,CHILDREN_units,not rebuilt: a per-column units leaf of the first build; units are library Units records bound by the quantity,,accept,"Tim 2026-09-26: PRD approved, all seven models"
u2iruughj1exapj80b5bv5dy,Units,_CHISPNC_units,not rebuilt: a per-column units leaf of the first build; units are library Units records bound by the quantity,,accept,"Tim 2026-09-26: PRD approved, all seven models"
bmvevcgehaaju4fcwid2ge8d,Units,_CHLDCNT_units,not rebuilt: a per-column units leaf of the first build; units are library Units records bound by the quantity,,accept,"Tim 2026-09-26: PRD approved, all seven models"
paqk830khq2ubud4qsugflu0,Units,_CLLCPWT_units,not rebuilt: a per-column units leaf of the first build; units are library Units records bound by the quantity,,accept,"Tim 2026-09-26: PRD approved, all seven models"
clwkf03xjrm0dq2v7aigoarq,Units,CLM_ADMSN_DT_units,not rebuilt: a per-column units leaf of the first build; units are library Units records bound by the quantity,,accept,"Tim 2026-09-26: PRD approved, all seven models"
w5b98k0f4wjbeh5b7k5gbpnw,Units,CLM_DRG_CD_units,not rebuilt: a per-column units leaf of the first build; units are library Units records bound by the quantity,,accept,"Tim 2026-09-26: PRD approved, all seven models"
r24283i8f2tibaapgnrp1byp,Units,CLM_FROM_DT_units,not rebuilt: a per-column units leaf of the first build; units are library Units records bound by the quantity,,accept,"Tim 2026-09-26: PRD approved, all seven models"
poh7gt8ax3r5en60w42bjxh6,Units,CLM_ID_units,not rebuilt: a per-column units leaf of the first build; units are library Units records bound by the quantity,,accept,"Tim 2026-09-26: PRD approved, all seven models"
wsqpdtbaddgiixsmi4wuh7ph,Units,CLM_PASS_THRU_PER_DIEM_AMT_units,not rebuilt: a per-column units leaf of the first build; units are library Units records bound by the quantity,,accept,"Tim 2026-09-26: PRD approved, all seven models"
foi2sk82smfn6l4j6jx1mpvk,Units,CLM_PMT_AMT_units,not rebuilt: a per-column units leaf of the first build; units are library Units records bound by the quantity,,accept,"Tim 2026-09-26: PRD approved, all seven models"
bfa5sji61axfelsb0wewezhj,Units,CLM_THRU_DT_units,not rebuilt: a per-column units leaf of the first build; units are library Units records bound by the quantity,,accept,"Tim 2026-09-26: PRD approved, all seven models"
emczzuyhcamuyfanvoqeqggv,Units,CLM_UTLZTN_DAY_CNT_units,not rebuilt: a per-column units leaf of the first build; units are library Units records bound by the quantity,,accept,"Tim 2026-09-26: PRD approved, all seven models"
scyx2gk1q3wjxczeli732ep3,Units,_CLNSCP1_units,not rebuilt: a per-column units leaf of the first build; units are library Units records bound by the quantity,,accept,"Tim 2026-09-26: PRD approved, all seven models"
a76o6wolgld6ew384blvkean,Units,COLNCNCR_units,not rebuilt: a per-column units leaf of the first build; units are library Units records bound by the quantity,,accept,"Tim 2026-09-26: PRD approved, all seven models"
lgzpzyttb25ywtvifzdyojqy,Units,COLNSIGM_units,not rebuilt: a per-column units leaf of the first build; units are library Units records bound by the quantity,,accept,"Tim 2026-09-26: PRD approved, all seven models"
b1yg795tfizastmsdd5xhbhr,Units,COLNTES1_units,not rebuilt: a per-column units leaf of the first build; units are library Units records bound by the quantity,,accept,"Tim 2026-09-26: PRD approved, all seven models"
e8ocxm6jak9iui9rcng9t00a,Units,COVIDPOS_units,not rebuilt: a per-column units leaf of the first build; units are library Units records bound by the quantity,,accept,"Tim 2026-09-26: PRD approved, all seven models"
cjypqu4wb4e7pllm2hcac5kg,Units,COVIDPRM_units,not rebuilt: a per-column units leaf of the first build; units are library Units records bound by the quantity,,accept,"Tim 2026-09-26: PRD approved, all seven models"
fhb131iwyhhxsp73za2q2t42,Units,COVIDSMP_units,not rebuilt: a per-column units leaf of the first build; units are library Units records bound by the quantity,,accept,"Tim 2026-09-26: PRD approved, all seven models"
o59euh6waus5d1xeffetpy2h,Units,CPDEMO1C_units,not rebuilt: a per-column units leaf of the first build; units are library Units records bound by the quantity,,accept,"Tim 2026-09-26: PRD approved, all seven models"
df4l2n74ek1x2rlheyfp9s3e,Units,_CPRACE2_units,not rebuilt: a per-column units leaf of the first build; units are library Units records bound by the quantity,,accept,"Tim 2026-09-26: PRD approved, all seven models"
ct9ydlrfuyzyduofuk42gg1d,Units,_CRACE2_units,not rebuilt: a per-column units leaf of the first build; units are library Units records bound by the quantity,,accept,"Tim 2026-09-26: PRD approved, all seven models"
aiv1c7ciqcwdkb1nj68dotz4,Units,_CRCREC2_units,not rebuilt: a per-column units leaf of the first build; units are library Units records bound by the quantity,,accept,"Tim 2026-09-26: PRD approved, all seven models"
od5ycmicgojnelh7ibh62b93,Units,CRVCLCNC_units,not rebuilt: a per-column units leaf of the first build; units are library Units records bound by the quantity,,accept,"Tim 2026-09-26: PRD approved, all seven models"
k14sa8pybq07yipoun0monzc,Units,CRVCLHPV_units,not rebuilt: a per-column units leaf of the first build; units are library Units records bound by the quantity,,accept,"Tim 2026-09-26: PRD approved, all seven models"
oyoswdv4um6trvt5qllofagh,Units,CRVCLPAP_units,not rebuilt: a per-column units leaf of the first build; units are library Units records bound by the quantity,,accept,"Tim 2026-09-26: PRD approved, all seven models"
x4eb6ecfjsf8ez3g334n57a6,Units,CTELENM1_units,not rebuilt: a per-column units leaf of the first build; units are library Units records bound by the quantity,,accept,"Tim 2026-09-26: PRD approved, all seven models"
ez2wqimi912yzu3wflebrjzw,Units,_CURECI2_units,not rebuilt: a per-column units leaf of the first build; units are library Units records bound by the quantity,,accept,"Tim 2026-09-26: PRD approved, all seven models"
qs9apmqfzplgnvzfvyinj8xe,Units,CVDCRHD4_units,not rebuilt: a per-column units leaf of the first build; units are library Units records bound by the quantity,,accept,"Tim 2026-09-26: PRD approved, all seven models"
d8y544iqkmyj0arr1467l220,Units,CVDINFR4_units,not rebuilt: a per-column units leaf of the first build; units are library Units records bound by the quantity,,accept,"Tim 2026-09-26: PRD approved, all seven models"
rtlzecc44f83xew14qg25vpt,Units,CVDSTRK3_units,not rebuilt: a per-column units leaf of the first build; units are library Units records bound by the quantity,,accept,"Tim 2026-09-26: PRD approved, all seven models"
cmkzo8z20rc95bfhuupjgdkw,Units,DAYS_SUPLY_NUM_units,not rebuilt: a per-column units leaf of the first build; units are library Units records bound by the quantity,,accept,"Tim 2026-09-26: PRD approved, all seven models"
sb3k3bwqop3q1339ngjhanhl,Units,DEAF_units,not rebuilt: a per-column units leaf of the first build; units are library Units records bound by the quantity,,accept,"Tim 2026-09-26: PRD approved, all seven models"
a3izgosauftfnyw59ecmbwsl,Units,DECIDE_units,not rebuilt: a per-column units leaf of the first build; units are library Units records bound by the quantity,,accept,"Tim 2026-09-26: PRD approved, all seven models"
o8joup262t9uqmg3jqczx0iq,Units,_DENVST3_units,not rebuilt: a per-column units leaf of the first build; units are library Units records bound by the quantity,,accept,"Tim 2026-09-26: PRD approved, all seven models"
xbjrtntmvw5e5fajtr2j1pt6,Units,DIABAGE4_units,not rebuilt: a per-column units leaf of the first build; units are library Units records bound by the quantity,,accept,"Tim 2026-09-26: PRD approved, all seven models"
fnrswd2aatz4x2715eh8ghjs,Units,DIABETE4_units,not rebuilt: a per-column units leaf of the first build; units are library Units records bound by the quantity,,accept,"Tim 2026-09-26: PRD approved, all seven models"
gh593ab4z1iz0zq9vty847wh,Units,DIFFALON_units,not rebuilt: a per-column units leaf of the first build; units are library Units records bound by the quantity,,accept,"Tim 2026-09-26: PRD approved, all seven models"
pnnrpv0ldv0egw2bpcm2ailw,Units,DIFFDRES_units,not rebuilt: a per-column units leaf of the first build; units are library Units records bound by the quantity,,accept,"Tim 2026-09-26: PRD approved, all seven models"
a2hk4bfvwltyw6mozpei8v7w,Units,DIFFWALK_units,not rebuilt: a per-column units leaf of the first build; units are library Units records bound by the quantity,,accept,"Tim 2026-09-26: PRD approved, all seven models"
nyb4s5ljmxs9uavbr1dd8jxw,Units,DISPCODE_units,not rebuilt: a per-column units leaf of the first build; units are library Units records bound by the quantity,,accept,"Tim 2026-09-26: PRD approved, all seven models"
njowgl0yn7tvx7ooq1btrzdj,Units,_DRDXAR2_units,not rebuilt: a per-column units leaf of the first build; units are library Units records bound by the quantity,,accept,"Tim 2026-09-26: PRD approved, all seven models"
gk8b51u14t53o3rqt969hbhp,Units,DRNK3GE5_units,not rebuilt: a per-column units leaf of the first build; units are library Units records bound by the quantity,,accept,"Tim 2026-09-26: PRD approved, all seven models"
ghe62xvw5pxg6yz3scdzkao7,Units,DRNKANY6_units,not rebuilt: a per-column units leaf of the first build; units are library Units records bound by the quantity,,accept,"Tim 2026-09-26: PRD approved, all seven models"
l2zrqflvagslgph6xmboldvc,Units,_DUALCOR_units,not rebuilt: a per-column units leaf of the first build; units are library Units records bound by the quantity,,accept,"Tim 2026-09-26: PRD approved, all seven models"
uv5pf98dc7133v1z8wukl8zv,Units,_DUALUSE_units,not rebuilt: a per-column units leaf of the first build; units are library Units records bound by the quantity,,accept,"Tim 2026-09-26: PRD approved, all seven models"
pyj8rwu9xe51m99bps7ua7xu,Units,ECIGNOW2_units,not rebuilt: a per-column units leaf of the first build; units are library Units records bound by the quantity,,accept,"Tim 2026-09-26: PRD approved, all seven models"
y4jqugu9maxnnxivwvf9gt8k,Units,_EDUCAG_units,not rebuilt: a per-column units leaf of the first build; units are library Units records bound by the quantity,,accept,"Tim 2026-09-26: PRD approved, all seven models"
ohm7km7md34wucvp95qxv3ui,Units,EDUCA_units,not rebuilt: a per-column units leaf of the first build; units are library Units records bound by the quantity,,accept,"Tim 2026-09-26: PRD approved, all seven models"
yhvx1v42bxr6u4kxqdtkcvv4,Units,EMTSUPRT_units,not rebuilt: a per-column units leaf of the first build; units are library Units records bound by the quantity,,accept,"Tim 2026-09-26: PRD approved, all seven models"
azb9vg9avsw1ezeusny36aum,Units,EXERANY2_units,not rebuilt: a per-column units leaf of the first build; units are library Units records bound by the quantity,,accept,"Tim 2026-09-26: PRD approved, all seven models"
li7h4feq0awr00wfzlc02k2g,Units,_EXTETH3_units,not rebuilt: a per-column units leaf of the first build; units are library Units records bound by the quantity,,accept,"Tim 2026-09-26: PRD approved, all seven models"
x2lnl7epdfs27wv82ha8rkb1,Units,_FLSHOT7_units,not rebuilt: a per-column units leaf of the first build; units are library Units records bound by the quantity,,accept,"Tim 2026-09-26: PRD approved, all seven models"
x5hkilw9qnz5k245ijqqiag2,Units,FLSHTMY3_units,not rebuilt: a per-column units leaf of the first build; units are library Units records bound by the quantity,,accept,"Tim 2026-09-26: PRD approved, all seven models"
aqy2m587p8hx055wg42oqbbv,Units,FLUSHOT7_units,not rebuilt: a per-column units leaf of the first build; units are library Units records bound by the quantity,,accept,"Tim 2026-09-26: PRD approved, all seven models"
t1jqpo4ngrg434htfgkuexpa,Units,FMONTH_units,not rebuilt: a per-column units leaf of the first build; units are library Units records bound by the quantity,,accept,"Tim 2026-09-26: PRD approved, all seven models"
k0wjshxm4aflgwqqf9qzx110,Units,FOODSTMP_units,not rebuilt: a per-column units leaf of the first build; units are library Units records bound by the quantity,,accept,"Tim 2026-09-26: PRD approved, all seven models"
wlck160bjdwbgb6yr2fwf8lv,Units,GENHLTH_units,not rebuilt: a per-column units leaf of the first build; units are library Units records bound by the quantity,,accept,"Tim 2026-09-26: PRD approved, all seven models"
hvwk9j2a0jv6cq0xtw4lj06v,Units,_HADCOLN_units,not rebuilt: a per-column units leaf of the first build; units are library Units records bound by the quantity,,accept,"Tim 2026-09-26: PRD approved, all seven models"
s49u2d4ogk5g1622mqa5azqe,Units,HADHYST2_units,not rebuilt: a per-column units leaf of the first build; units are library Units records bound by the quantity,,accept,"Tim 2026-09-26: PRD approved, all seven models"
hq3xorgwgk4ohdc360i07shn,Units,HADMAM_units,not rebuilt: a per-column units leaf of the first build; units are library Units records bound by the quantity,,accept,"Tim 2026-09-26: PRD approved, all seven models"
lzk4tfu1bb8jgdegliqu1umv,Units,HADSIGM4_units,not rebuilt: a per-column units leaf of the first build; units are library Units records bound by the quantity,,accept,"Tim 2026-09-26: PRD approved, all seven models"
z7siotc3a00tnjznb45q99bb,Units,_HADSIGM_units,not rebuilt: a per-column units leaf of the first build; units are library Units records bound by the quantity,,accept,"Tim 2026-09-26: PRD approved, all seven models"
g3ggb2ncdbvm6267pkpv5doh,Units,HAVARTH4_units,not rebuilt: a per-column units leaf of the first build; units are library Units records bound by the quantity,,accept,"Tim 2026-09-26: PRD approved, all seven models"
fh4u5rdaboygsiotnl9f01g7,Units,HCPCS_CD_24_units,not rebuilt: a per-column units leaf of the first build; units are library Units records bound by the quantity,,accept,"Tim 2026-09-26: PRD approved, all seven models"
jat3lgyfdxc788bi0ci30nkx,Units,HCPCS_CD_26_units,not rebuilt: a per-column units leaf of the first build; units are library Units records bound by the quantity,,accept,"Tim 2026-09-26: PRD approved, all seven models"
flzvioyxskq7g2flqxxl1arr,Units,HCPCS_CD_27_units,not rebuilt: a per-column units leaf of the first build; units are library Units records bound by the quantity,,accept,"Tim 2026-09-26: PRD approved, all seven models"
wqno1g2zyc4gup61eug44g60,Units,HCPCS_CD_29_units,not rebuilt: a per-column units leaf of the first build; units are library Units records bound by the quantity,,accept,"Tim 2026-09-26: PRD approved, all seven models"
wtbf989yt9pjabjefohkoiui,Units,HCPCS_CD_32_units,not rebuilt: a per-column units leaf of the first build; units are library Units records bound by the quantity,,accept,"Tim 2026-09-26: PRD approved, all seven models"
jq31bmnuk1bys3a41bhpxk8q,Units,HCPCS_CD_33_units,not rebuilt: a per-column units leaf of the first build; units are library Units records bound by the quantity,,accept,"Tim 2026-09-26: PRD approved, all seven models"
ptw7qexlcy9avzpj36p7mkj1,Units,HCPCS_CD_34_units,not rebuilt: a per-column units leaf of the first build; units are library Units records bound by the quantity,,accept,"Tim 2026-09-26: PRD approved, all seven models"
i0y1fmu65soc7bbizk7xmesl,Units,HCPCS_CD_35_units,not rebuilt: a per-column units leaf of the first build; units are library Units records bound by the quantity,,accept,"Tim 2026-09-26: PRD approved, all seven models"
gv9e1s1d1mo1vglqm7a0akvt,Units,HCPCS_CD_38_units,not rebuilt: a per-column units leaf of the first build; units are library Units records bound by the quantity,,accept,"Tim 2026-09-26: PRD approved, all seven models"
yck5qjrrjlb07xx08n0iqp0e,Units,HCPCS_CD_39_units,not rebuilt: a per-column units leaf of the first build; units are library Units records bound by the quantity,,accept,"Tim 2026-09-26: PRD approved, all seven models"
vqamau41s6mysmnv287uk1ua,Units,HCPCS_CD_40_units,not rebuilt: a per-column units leaf of the first build; units are library Units records bound by the quantity,,accept,"Tim 2026-09-26: PRD approved, all seven models"
k9oqt82eyz7837cbx7yrtjfv,Units,HCPCS_CD_43_units,not rebuilt: a per-column units leaf of the first build; units are library Units records bound by the quantity,,accept,"Tim 2026-09-26: PRD approved, all seven models"
ytsfnugm9vfbphmx5b5ojzqf,Units,HCPCS_CD_5_units,not rebuilt: a per-column units leaf of the first build; units are library Units records bound by the quantity,,accept,"Tim 2026-09-26: PRD approved, all seven models"
m12zw2rpo64ze72tmiaip1s5,Units,_HCVU652_units,not rebuilt: a per-column units leaf of the first build; units are library Units records bound by the quantity,,accept,"Tim 2026-09-26: PRD approved, all seven models"
a3ght971bd5vcmw9hbrtr4ew,Units,_HISPANC_units,not rebuilt: a per-column units leaf of the first build; units are library Units records bound by the quantity,,accept,"Tim 2026-09-26: PRD approved, all seven models"
l7uapzplc7mqwe5xwosd7318,Units,HIVRISK5_units,not rebuilt: a per-column units leaf of the first build; units are library Units records bound by the quantity,,accept,"Tim 2026-09-26: PRD approved, all seven models"
u94qkkjzj3p2pmvxrhgeqv1j,Units,HIVTST7_units,not rebuilt: a per-column units leaf of the first build; units are library Units records bound by the quantity,,accept,"Tim 2026-09-26: PRD approved, all seven models"
sqj76ncj5uzydspzi5sar19v,Units,HIVTSTD3_units,not rebuilt: a per-column units leaf of the first build; units are library Units records bound by the quantity,,accept,"Tim 2026-09-26: PRD approved, all seven models"
anuxbat8a0h84j6bm3f8wgwv,Units,_HLTHPLN_units,not rebuilt: a per-column units leaf of the first build; units are library Units records bound by the quantity,,accept,"Tim 2026-09-26: PRD approved, all seven models"
qtqsgn0wnrysgujjs0dtf561,Units,HOWLONG_units,not rebuilt: a per-column units leaf of the first build; units are library Units records bound by the quantity,,accept,"Tim 2026-09-26: PRD approved, all seven models"
ug75l10vf5amlnekbhhyvi4u,Units,HTIN4_units,not rebuilt: a per-column units leaf of the first build; units are library Units records bound by the quantity,,accept,"Tim 2026-09-26: PRD approved, all seven models"
cty6vmejezsm0uk7zc9av7bf,Units,HTM4_units,not rebuilt: a per-column units leaf of the first build; units are library Units records bound by the quantity,,accept,"Tim 2026-09-26: PRD approved, all seven models"
e8tqoe7998ye7i6czbyzwv6s,Units,ICD9_DGNS_CD_10_units,not rebuilt: a per-column units leaf of the first build; units are library Units records bound by the quantity,,accept,"Tim 2026-09-26: PRD approved, all seven models"
dl8ztjh5ukhhvje8n1bzmxa6,Units,ICD9_DGNS_CD_9_units,not rebuilt: a per-column units leaf of the first build; units are library Units records bound by the quantity,,accept,"Tim 2026-09-26: PRD approved, all seven models"
d5y7vna1ygjzwcd0d24wf4am,Units,ICD9_PRCDR_CD_1_units,not rebuilt: a per-column units leaf of the first build; units are library Units records bound by the quantity,,accept,"Tim 2026-09-26: PRD approved, all seven models"
j3ir6oexscam83vj0ofcbxef,Units,ICD9_PRCDR_CD_5_units,not rebuilt: a per-column units leaf of the first build; units are library Units records bound by the quantity,,accept,"Tim 2026-09-26: PRD approved, all seven models"
w9hk9m4jy230vaidw6k30t9e,Units,ICD9_PRCDR_CD_6_units,not rebuilt: a per-column units leaf of the first build; units are library Units records bound by the quantity,,accept,"Tim 2026-09-26: PRD approved, all seven models"
rju4ap1o5hc3xnd9t80wfipq,Units,IDATE_units,not rebuilt: a per-column units leaf of the first build; units are library Units records bound by the quantity,,accept,"Tim 2026-09-26: PRD approved, all seven models"
n1pxpaw1gas8e838g6am5bf9,Units,IDAY_units,not rebuilt: a per-column units leaf of the first build; units are library Units records bound by the quantity,,accept,"Tim 2026-09-26: PRD approved, all seven models"
u4juo4qosmd2b2coeuzgof28,Units,IMONTH_units,not rebuilt: a per-column units leaf of the first build; units are library Units records bound by the quantity,,accept,"Tim 2026-09-26: PRD approved, all seven models"
fvp4ajfzlg57nckfsvnrxbo8,Units,_IMPRACE_units,not rebuilt: a per-column units leaf of the first build; units are library Units records bound by the quantity,,accept,"Tim 2026-09-26: PRD approved, all seven models"
hk6ul7fxazt3d16mhh56td7k,Units,_INCOMG1_units,not rebuilt: a per-column units leaf of the first build; units are library Units records bound by the quantity,,accept,"Tim 2026-09-26: PRD approved, all seven models"
hokvq5pxe8tqdhwla9t804rx,Units,IYEAR_units,not rebuilt: a per-column units leaf of the first build; units are library Units records bound by the quantity,,accept,"Tim 2026-09-26: PRD approved, all seven models"
qw8k2qbgxgjek6s0g207npof,Units,LADULT1_units,not rebuilt: a per-column units leaf of the first build; units are library Units records bound by the quantity,,accept,"Tim 2026-09-26: PRD approved, all seven models"
frhjo25w55zf2v33x6ta48ip,Units,LANDSEX1_units,not rebuilt: a per-column units leaf of the first build; units are library Units records bound by the quantity,,accept,"Tim 2026-09-26: PRD approved, all seven models"
pf8l4l9sc8k2x1urbnj953aw,Units,LASTSIG4_units,not rebuilt: a per-column units leaf of the first build; units are library Units records bound by the quantity,,accept,"Tim 2026-09-26: PRD approved, all seven models"
yrp2a04iock46p2ax7e3lo9a,Units,LBDBANO_units,not rebuilt: a per-column units leaf of the first build; units are library Units records bound by the quantity,,accept,"Tim 2026-09-26: PRD approved, all seven models"
vzld6jka6c8aue7b7btob1b5,Units,LBDEONO_units,not rebuilt: a per-column units leaf of the first build; units are library Units records bound by the quantity,,accept,"Tim 2026-09-26: PRD approved, all seven models"
u7jpw9eo2dlc3juumnwldtpp,Units,LBDLYMNO_units,not rebuilt: a per-column units leaf of the first build; units are library Units records bound by the quantity,,accept,"Tim 2026-09-26: PRD approved, all seven models"
y5juwkqbcj1epboabr0aa1d6,Units,LBDMONO_units,not rebuilt: a per-column units leaf of the first build; units are library Units records bound by the quantity,,accept,"Tim 2026-09-26: PRD approved, all seven models"
wyyxteajs2glyw2crjps79we,Units,LBDNENO_units,not rebuilt: a per-column units leaf of the first build; units are library Units records bound by the quantity,,accept,"Tim 2026-09-26: PRD approved, all seven models"
qcylx7swsk2q0f2rn3fipdf6,Units,LBDTCSI_units,not rebuilt: a per-column units leaf of the first build; units are library Units records bound by the quantity,,accept,"Tim 2026-09-26: PRD approved, all seven models"
cj78mje85fub3b5qc8sj6ugr,Units,LBXBAPCT_units,not rebuilt: a per-column units leaf of the first build; units are library Units records bound by the quantity,,accept,"Tim 2026-09-26: PRD approved, all seven models"
g2wzs0fkryw2jkxu2pkmbd03,Units,LBXHCT_units,not rebuilt: a per-column units leaf of the first build; units are library Units records bound by the quantity,,accept,"Tim 2026-09-26: PRD approved, all seven models"
a2byeose6nzl6wjhtlay5vqg,Units,LBXHGB_units,not rebuilt: a per-column units leaf of the first build; units are library Units records bound by the quantity,,accept,"Tim 2026-09-26: PRD approved, all seven models"
yuxg37p9qw1cmg7b5gj2jggp,Units,LBXLYPCT_units,not rebuilt: a per-column units leaf of the first build; units are library Units records bound by the quantity,,accept,"Tim 2026-09-26: PRD approved, all seven models"
nuyl6h2tawlwyqo7slwtagyi,Units,LBXMCHSI_units,not rebuilt: a per-column units leaf of the first build; units are library Units records bound by the quantity,,accept,"Tim 2026-09-26: PRD approved, all seven models"
qhfzf8ru858h1vq73alugky3,Units,LBXMC_units,not rebuilt: a per-column units leaf of the first build; units are library Units records bound by the quantity,,accept,"Tim 2026-09-26: PRD approved, all seven models"
ryh40e8ofxsqahnjfcecm5xy,Units,LBXMCVSI_units,not rebuilt: a per-column units leaf of the first build; units are library Units records bound by the quantity,,accept,"Tim 2026-09-26: PRD approved, all seven models"
mswhmkbrg8btfozgay285c5o,Units,LBXMPSI_units,not rebuilt: a per-column units leaf of the first build; units are library Units records bound by the quantity,,accept,"Tim 2026-09-26: PRD approved, all seven models"
xofkbhkqq1wcws99roq4xrva,Units,LBXNEPCT_units,not rebuilt: a per-column units leaf of the first build; units are library Units records bound by the quantity,,accept,"Tim 2026-09-26: PRD approved, all seven models"
j5jim9ektjcl1ri3nkesvwjw,Units,LBXNRBC_units,not rebuilt: a per-column units leaf of the first build; units are library Units records bound by the quantity,,accept,"Tim 2026-09-26: PRD approved, all seven models"
lb6jm5skdf2zojxca93woqsi,Units,LBXPLTSI_units,not rebuilt: a per-column units leaf of the first build; units are library Units records bound by the quantity,,accept,"Tim 2026-09-26: PRD approved, all seven models"
vk046qmy596zekiwi6ylhnoo,Units,LBXRBCSI_units,not rebuilt: a per-column units leaf of the first build; units are library Units records bound by the quantity,,accept,"Tim 2026-09-26: PRD approved, all seven models"
d6qtlgj6nlexyfdb8oj6pnx0,Units,LBXTC_units,not rebuilt: a per-column units leaf of the first build; units are library Units records bound by the quantity,,accept,"Tim 2026-09-26: PRD approved, all seven models"
j9ozzvgc271p7ohe95rvc9f7,Units,LBXWBCSI_units,not rebuilt: a per-column units leaf of the first build; units are library Units records bound by the quantity,,accept,"Tim 2026-09-26: PRD approved, all seven models"
k4dto90unxl9dr850eope5em,Units,LCSCTSC1_units,not rebuilt: a per-column units leaf of the first build; units are library Units records bound by the quantity,,accept,"Tim 2026-09-26: PRD approved, all seven models"
u2s5q5uoucn2wni7bdq08a6j,Units,LCSCTWHN_units,not rebuilt: a per-column units leaf of the first build; units are library Units records bound by the quantity,,accept,"Tim 2026-09-26: PRD approved, all seven models"
lpcjfed043tppvx1hdclz9h8,Units,LCSFIRST_units,not rebuilt: a per-column units leaf of the first build; units are library Units records bound by the quantity,,accept,"Tim 2026-09-26: PRD approved, all seven models"
sdlu74er5kix89wxoyoqg1vy,Units,LCSLAST_units,not rebuilt: a per-column units leaf of the first build; units are library Units records bound by the quantity,,accept,"Tim 2026-09-26: PRD approved, all seven models"
m3xm32uvx9hqvklzxz6x25bl,Units,LCSNUMCG_units,not rebuilt: a per-column units leaf of the first build; units are library Units records bound by the quantity,,accept,"Tim 2026-09-26: PRD approved, all seven models"
h1x6tj2ewqp6d4kp92266fgx,Units,_LCSREC_units,not rebuilt: a per-column units leaf of the first build; units are library Units records bound by the quantity,,accept,"Tim 2026-09-26: PRD approved, all seven models"
mkpm4uqqdrte40wbq211kcav,Units,LCSSCNCR_units,not rebuilt: a per-column units leaf of the first build; units are library Units records bound by the quantity,,accept,"Tim 2026-09-26: PRD approved, all seven models"
iiyb46rkr2qsmskz0hivqr8r,Units,_LLCPWT2_units,not rebuilt: a per-column units leaf of the first build; units are library Units records bound by the quantity,,accept,"Tim 2026-09-26: PRD approved, all seven models"
n3htaphhhq40zxqclj16tu5w,Units,_LLCPWT_units,not rebuilt: a per-column units leaf of the first build; units are library Units records bound by the quantity,,accept,"Tim 2026-09-26: PRD approved, all seven models"
s7w4nukr7fjeds7hlyup67mp,Units,LSATISFY_units,not rebuilt: a per-column units leaf of the first build; units are library Units records bound by the quantity,,accept,"Tim 2026-09-26: PRD approved, all seven models"
nw651249zibf1uhki109orek,Units,_LTASTH1_units,not rebuilt: a per-column units leaf of the first build; units are library Units records bound by the quantity,,accept,"Tim 2026-09-26: PRD approved, all seven models"
z3lmrvmrnogm0gvp1z25rkaq,Units,_MAM5023_units,not rebuilt: a per-column units leaf of the first build; units are library Units records bound by the quantity,,accept,"Tim 2026-09-26: PRD approved, all seven models"
gc65ahgupj3asiuxdmgdlrij,Units,MAXDRNKS_units,not rebuilt: a per-column units leaf of the first build; units are library Units records bound by the quantity,,accept,"Tim 2026-09-26: PRD approved, all seven models"
sldm2i80dvxqu6s3rsalxx8n,Units,MCD180A_units,not rebuilt: a per-column units leaf of the first build; units are library Units records bound by the quantity,,accept,"Tim 2026-09-26: PRD approved, all seven models"
d26sq66bjnqqb7kfuc904lso,Units,MCD180B_units,not rebuilt: a per-column units leaf of the first build; units are library Units records bound by the quantity,,accept,"Tim 2026-09-26: PRD approved, all seven models"
t64m4bsgsfu4ghm8ct68xvcl,Units,MCD180C_units,not rebuilt: a per-column units leaf of the first build; units are library Units records bound by the quantity,,accept,"Tim 2026-09-26: PRD approved, all seven models"
sfw96a6x12abx5ogfx73xum1,Units,MCD180D_units,not rebuilt: a per-column units leaf of the first build; units are library Units records bound by the quantity,,accept,"Tim 2026-09-26: PRD approved, all seven models"
d8s9u7m9mihkorbkj34jxgv0,Units,MCD180F_units,not rebuilt: a per-column units leaf of the first build; units are library Units records bound by the quantity,,accept,"Tim 2026-09-26: PRD approved, all seven models"
v91il6mzlcjutly6w5pksltp,Units,MCD180G_units,not rebuilt: a per-column units leaf of the first build; units are library Units records bound by the quantity,,accept,"Tim 2026-09-26: PRD approved, all seven models"
rr0q4x2q643p7dhssxz2ssne,Units,MCD180K_units,not rebuilt: a per-column units leaf of the first build; units are library Units records bound by the quantity,,accept,"Tim 2026-09-26: PRD approved, all seven models"
t04vih9fe9wgvplnt51aofxj,Units,MCD180L_units,not rebuilt: a per-column units leaf of the first build; units are library Units records bound by the quantity,,accept,"Tim 2026-09-26: PRD approved, all seven models"
a62fj4uekr17jsd5y9q6mbcn,Units,MCD180M_units,not rebuilt: a per-column units leaf of the first build; units are library Units records bound by the quantity,,accept,"Tim 2026-09-26: PRD approved, all seven models"
lhq4sds3hukjdb7nhll7ir3h,Units,MCD180N_units,not rebuilt: a per-column units leaf of the first build; units are library Units records bound by the quantity,,accept,"Tim 2026-09-26: PRD approved, all seven models"
tt61jg20wulfojsjsqul5vsi,Units,MCD240A_units,not rebuilt: a per-column units leaf of the first build; units are library Units records bound by the quantity,,accept,"Tim 2026-09-26: PRD approved, all seven models"
sdhckbudrcn5ehhxbvug9n4h,Units,MCQ010_units,not rebuilt: a per-column units leaf of the first build; units are library Units records bound by the quantity,,accept,"Tim 2026-09-26: PRD approved, all seven models"
c063we1fiyeynsn307ol7jeh,Units,MCQ025_units,not rebuilt: a per-column units leaf of the first build; units are library Units records bound by the quantity,,accept,"Tim 2026-09-26: PRD approved, all seven models"
s6x80buxr126a5bsqb7raadf,Units,MCQ035_units,not rebuilt: a per-column units leaf of the first build; units are library Units records bound by the quantity,,accept,"Tim 2026-09-26: PRD approved, all seven models"
wepg6q3jnmdz54s8jiksxnls,Units,MCQ080_units,not rebuilt: a per-column units leaf of the first build; units are library Units records bound by the quantity,,accept,"Tim 2026-09-26: PRD approved, all seven models"
ptibv27eq3y4oir2j3qalvf4,Units,MCQ160A_units,not rebuilt: a per-column units leaf of the first build; units are library Units records bound by the quantity,,accept,"Tim 2026-09-26: PRD approved, all seven models"
v6oz5zz5r8a07n4t7insiaq3,Units,MCQ160C_units,not rebuilt: a per-column units leaf of the first build; units are library Units records bound by the quantity,,accept,"Tim 2026-09-26: PRD approved, all seven models"
awmmin3eb449tolzqnzx92f1,Units,MCQ160D_units,not rebuilt: a per-column units leaf of the first build; units are library Units records bound by the quantity,,accept,"Tim 2026-09-26: PRD approved, all seven models"
y0a0y0q2ydz5tkjnoowb2hm6,Units,MCQ160F_units,not rebuilt: a per-column units leaf of the first build; units are library Units records bound by the quantity,,accept,"Tim 2026-09-26: PRD approved, all seven models"
ey2x6wd6c0b5gu83lbh9kn6f,Units,MCQ160G_units,not rebuilt: a per-column units leaf of the first build; units are library Units records bound by the quantity,,accept,"Tim 2026-09-26: PRD approved, all seven models"
a4zj28ts75cjwkuo2u2sombm,Units,MCQ160K_units,not rebuilt: a per-column units leaf of the first build; units are library Units records bound by the quantity,,accept,"Tim 2026-09-26: PRD approved, all seven models"
abbc585ynt723g8hd5dtfs9c,Units,MCQ160M_units,not rebuilt: a per-column units leaf of the first build; units are library Units records bound by the quantity,,accept,"Tim 2026-09-26: PRD approved, all seven models"
b62pgg0veflrlv0l4wvgm4yy,Units,MCQ160N_units,not rebuilt: a per-column units leaf of the first build; units are library Units records bound by the quantity,,accept,"Tim 2026-09-26: PRD approved, all seven models"
k4l9eo19nzvhdv3aay3nukl4,Units,MCQ160O_units,not rebuilt: a per-column units leaf of the first build; units are library Units records bound by the quantity,,accept,"Tim 2026-09-26: PRD approved, all seven models"
eiosngthy3ayluvr5x6rkefm,Units,MCQ170K_units,not rebuilt: a per-column units leaf of the first build; units are library Units records bound by the quantity,,accept,"Tim 2026-09-26: PRD approved, all seven models"
wmfas1b43ue6rf4h74kdy0qn,Units,MCQ170M_units,not rebuilt: a per-column units leaf of the first build; units are library Units records bound by the quantity,,accept,"Tim 2026-09-26: PRD approved, all seven models"
drk981cqxno7fq8q4wg1m8qu,Units,MCQ195_units,not rebuilt: a per-column units leaf of the first build; units are library Units records bound by the quantity,,accept,"Tim 2026-09-26: PRD approved, all seven models"
q795nwztgylyyzdid5npcg4d,Units,MCQ203_units,not rebuilt: a per-column units leaf of the first build; units are library Units records bound by the quantity,,accept,"Tim 2026-09-26: PRD approved, all seven models"
z286t2hskucohwwellktex4m,Units,MCQ206_units,not rebuilt: a per-column units leaf of the first build; units are library Units records bound by the quantity,,accept,"Tim 2026-09-26: PRD approved, all seven models"
w7lle8mauc0wm4auwundr6f8,Units,MCQ220_units,not rebuilt: a per-column units leaf of the first build; units are library Units records bound by the quantity,,accept,"Tim 2026-09-26: PRD approved, all seven models"
r09mdjjqbehatzi3w9aox1c4,Units,MCQ230A_units,not rebuilt: a per-column units leaf of the first build; units are library Units records bound by the quantity,,accept,"Tim 2026-09-26: PRD approved, all seven models"
xszomngoip0ere5mho4ij4ty,Units,MCQ366A_units,not rebuilt: a per-column units leaf of the first build; units are library Units records bound by the quantity,,accept,"Tim 2026-09-26: PRD approved, all seven models"
dkmc0b1w8yqub3zo6hrfq1xi,Units,MCQ366C_units,not rebuilt: a per-column units leaf of the first build; units are library Units records bound by the quantity,,accept,"Tim 2026-09-26: PRD approved, all seven models"
brakldt7upm1nghh3m6ih4mp,Units,MCQ366D_units,not rebuilt: a per-column units leaf of the first build; units are library Units records bound by the quantity,,accept,"Tim 2026-09-26: PRD approved, all seven models"
pzgfsc2mzh5sk9t2lta3417o,Units,MCQ371A_units,not rebuilt: a per-column units leaf of the first build; units are library Units records bound by the quantity,,accept,"Tim 2026-09-26: PRD approved, all seven models"
kylwmexrmum564vze0oa3qjt,Units,MCQ371C_units,not rebuilt: a per-column units leaf of the first build; units are library Units records bound by the quantity,,accept,"Tim 2026-09-26: PRD approved, all seven models"
qw2uuwhlvyu20l2gluiyamgq,Units,MCQ371D_units,not rebuilt: a per-column units leaf of the first build; units are library Units records bound by the quantity,,accept,"Tim 2026-09-26: PRD approved, all seven models"
hvgl5v6540do5vlvnmklws6m,Units,MCQ510A_units,not rebuilt: a per-column units leaf of the first build; units are library Units records bound by the quantity,,accept,"Tim 2026-09-26: PRD approved, all seven models"
o5brs3sbk93hciaaotl48xeg,Units,MCQ510F_units,not rebuilt: a per-column units leaf of the first build; units are library Units records bound by the quantity,,accept,"Tim 2026-09-26: PRD approved, all seven models"
g1gge75tysui65vyyxcu5cvw,Units,MCQ530_units,not rebuilt: a per-column units leaf of the first build; units are library Units records bound by the quantity,,accept,"Tim 2026-09-26: PRD approved, all seven models"
rxplm33cnrhll3t0a3i94ydg,Units,MCQ540_units,not rebuilt: a per-column units leaf of the first build; units are library Units records bound by the quantity,,accept,"Tim 2026-09-26: PRD approved, all seven models"
vwt9y32ia85wr4grbguj6ruh,Units,MCQ550_units,not rebuilt: a per-column units leaf of the first build; units are library Units records bound by the quantity,,accept,"Tim 2026-09-26: PRD approved, all seven models"
tpyat57elg9wqx9huyndvlt3,Units,MCQ560_units,not rebuilt: a per-column units leaf of the first build; units are library Units records bound by the quantity,,accept,"Tim 2026-09-26: PRD approved, all seven models"
vmhn2did85w6laexq60skszu,Units,MCQ570_units,not rebuilt: a per-column units leaf of the first build; units are library Units records bound by the quantity,,accept,"Tim 2026-09-26: PRD approved, all seven models"
n5uaac4qfzhldyf8mgzhf00g,Units,MEDCOST1_units,not rebuilt: a per-column units leaf of the first build; units are library Units records bound by the quantity,,accept,"Tim 2026-09-26: PRD approved, all seven models"
zdnogydpn4fe9ckhgp9zpd43,Units,MEDREIMB_CAR_units,not rebuilt: a per-column units leaf of the first build; units are library Units records bound by the quantity,,accept,"Tim 2026-09-26: PRD approved, all seven models"
yeuvuetylqv7s90d5833t4wq,Units,MEDREIMB_IP_units,not rebuilt: a per-column units leaf of the first build; units are library Units records bound by the quantity,,accept,"Tim 2026-09-26: PRD approved, all seven models"
u4gby7o5s8aut09a5cts4y97,Units,MEDREIMB_OP_units,not rebuilt: a per-column units leaf of the first build; units are library Units records bound by the quantity,,accept,"Tim 2026-09-26: PRD approved, all seven models"
jawnjl5bwue4qg2evwngua1k,Units,_MENT14D_units,not rebuilt: a per-column units leaf of the first build; units are library Units records bound by the quantity,,accept,"Tim 2026-09-26: PRD approved, all seven models"
kprwdqm0i0pxgr9tem2fjxb6,Units,MENTHLTH_units,not rebuilt: a per-column units leaf of the first build; units are library Units records bound by the quantity,,accept,"Tim 2026-09-26: PRD approved, all seven models"
e3dl7madguht1li6dvr2uaz6,Units,_METSTAT_units,not rebuilt: a per-column units leaf of the first build; units are library Units records bound by the quantity,,accept,"Tim 2026-09-26: PRD approved, all seven models"
qa18nyh15t8bs4ke7u55om2t,Units,_MICHD_units,not rebuilt: a per-column units leaf of the first build; units are library Units records bound by the quantity,,accept,"Tim 2026-09-26: PRD approved, all seven models"
ny9w4zd792y80cykj2haw8rw,Units,_MRACE2_units,not rebuilt: a per-column units leaf of the first build; units are library Units records bound by the quantity,,accept,"Tim 2026-09-26: PRD approved, all seven models"
tbv4yknqw1kzycduoljrsglg,Units,MSCODE_units,not rebuilt: a per-column units leaf of the first build; units are library Units records bound by the quantity,,accept,"Tim 2026-09-26: PRD approved, all seven models"
eer29rtizqjkz54h3zd2f00s,Units,NCH_BENE_BLOOD_DDCTBL_LBLTY_AM_units,not rebuilt: a per-column units leaf of the first build; units are library Units records bound by the quantity,,accept,"Tim 2026-09-26: PRD approved, all seven models"
i0g300frfhfo0ahj67p579uv,Units,NCH_BENE_DSCHRG_DT_units,not rebuilt: a per-column units leaf of the first build; units are library Units records bound by the quantity,,accept,"Tim 2026-09-26: PRD approved, all seven models"
hgi06l44o07hzoyemqgwseu9,Units,NCH_BENE_IP_DDCTBL_AMT_units,not rebuilt: a per-column units leaf of the first build; units are library Units records bound by the quantity,,accept,"Tim 2026-09-26: PRD approved, all seven models"
tg3e8huqyiau9g4aynpc76k4,Units,NCH_BENE_PTA_COINSRNC_LBLTY_AM_units,not rebuilt: a per-column units leaf of the first build; units are library Units records bound by the quantity,,accept,"Tim 2026-09-26: PRD approved, all seven models"
ddpu53k0gndny8uakgpc0z2e,Units,NCH_BENE_PTB_COINSRNC_AMT_units,not rebuilt: a per-column units leaf of the first build; units are library Units records bound by the quantity,,accept,"Tim 2026-09-26: PRD approved, all seven models"
e42flkfra1ch1f5p3hbecvzw,Units,NCH_BENE_PTB_DDCTBL_AMT_units,not rebuilt: a per-column units leaf of the first build; units are library Units records bound by the quantity,,accept,"Tim 2026-09-26: PRD approved, all seven models"
s9yfszp64hixpmpj2zswuu11,Units,NCH_PRMRY_PYR_CLM_PD_AMT_units,not rebuilt: a per-column units leaf of the first build; units are library Units records bound by the quantity,,accept,"Tim 2026-09-26: PRD approved, all seven models"
pl2j5rhq8i7bj9llmn86mhm1,Units,NUMADULT_units,not rebuilt: a per-column units leaf of the first build; units are library Units records bound by the quantity,,accept,"Tim 2026-09-26: PRD approved, all seven models"
gbqydvlap8cfxekrtcitggi9,Units,NUMHHOL4_units,not rebuilt: a per-column units leaf of the first build; units are library Units records bound by the quantity,,accept,"Tim 2026-09-26: PRD approved, all seven models"
v6wofjh9pbrrzmbi0d401v71,Units,NUMPHON4_units,not rebuilt: a per-column units leaf of the first build; units are library Units records bound by the quantity,,accept,"Tim 2026-09-26: PRD approved, all seven models"
fh3rvtb3kq3c35ffod5zq2tq,Units,OP_PHYSN_NPI_units,not rebuilt: a per-column units leaf of the first build; units are library Units records bound by the quantity,,accept,"Tim 2026-09-26: PRD approved, all seven models"
ysxeyfguugysjfa0zoawd6n1,Units,OSQ230_units,not rebuilt: a per-column units leaf of the first build; units are library Units records bound by the quantity,,accept,"Tim 2026-09-26: PRD approved, all seven models"
j416iuxsr9nbupapph6p8omy,Units,OT_PHYSN_NPI_units,not rebuilt: a per-column units leaf of the first build; units are library Units records bound by the quantity,,accept,"Tim 2026-09-26: PRD approved, all seven models"
ltwhacrs6c34emlorurj5i3k,Units,_PACKDAY_units,not rebuilt: a per-column units leaf of the first build; units are library Units records bound by the quantity,,accept,"Tim 2026-09-26: PRD approved, all seven models"
y0olspt8rash6yxsebuadje4,Units,PDE_ID_units,not rebuilt: a per-column units leaf of the first build; units are library Units records bound by the quantity,,accept,"Tim 2026-09-26: PRD approved, all seven models"
iyde4eoi36u4anlpak41tb9q,Units,PERSDOC3_units,not rebuilt: a per-column units leaf of the first build; units are library Units records bound by the quantity,,accept,"Tim 2026-09-26: PRD approved, all seven models"
hm9p732ykxewcbbra0sabcp9,Units,PFQ020_units,not rebuilt: a per-column units leaf of the first build; units are library Units records bound by the quantity,,accept,"Tim 2026-09-26: PRD approved, all seven models"
tpt2kqfwr3f0w1n4gxioxeq5,Units,PFQ041_units,not rebuilt: a per-column units leaf of the first build; units are library Units records bound by the quantity,,accept,"Tim 2026-09-26: PRD approved, all seven models"
emevs8odpflj01r732is1hcy,Units,PFQ049_units,not rebuilt: a per-column units leaf of the first build; units are library Units records bound by the quantity,,accept,"Tim 2026-09-26: PRD approved, all seven models"
n3dgzooicl30b2pt1314riby,Units,PFQ057_units,not rebuilt: a per-column units leaf of the first build; units are library Units records bound by the quantity,,accept,"Tim 2026-09-26: PRD approved, all seven models"
iwx2wmy21cethvxot5k790pi,Units,PFQ061B_units,not rebuilt: a per-column units leaf of the first build; units are library Units records bound by the quantity,,accept,"Tim 2026-09-26: PRD approved, all seven models"
r5uxadg4hbbmls6foiwukgcu,Units,PFQ061D_units,not rebuilt: a per-column units leaf of the first build; units are library Units records bound by the quantity,,accept,"Tim 2026-09-26: PRD approved, all seven models"
eiyabozpb2vr4fobcs0qdvb7,Units,PFQ061J_units,not rebuilt: a per-column units leaf of the first build; units are library Units records bound by the quantity,,accept,"Tim 2026-09-26: PRD approved, all seven models"
s6o37glmk5yn24nr8fa0ykh4,Units,PFQ061K_units,not rebuilt: a per-column units leaf of the first build; units are library Units records bound by the quantity,,accept,"Tim 2026-09-26: PRD approved, all seven models"
sk54d2ig9ernuzzuo2w7ooeo,Units,PFQ063A_units,not rebuilt: a per-column units leaf of the first build; units are library Units records bound by the quantity,,accept,"Tim 2026-09-26: PRD approved, all seven models"
wkfamziacqa72z8h6c0i9u4d,Units,PFQ063B_units,not rebuilt: a per-column units leaf of the first build; units are library Units records bound by the quantity,,accept,"Tim 2026-09-26: PRD approved, all seven models"
x3558e8uviz0csx2usseos1q,Units,PFQ063C_units,not rebuilt: a per-column units leaf of the first build; units are library Units records bound by the quantity,,accept,"Tim 2026-09-26: PRD approved, all seven models"
uu28f82xew8fc7obp7c49j48,Units,PFQ063D_units,not rebuilt: a per-column units leaf of the first build; units are library Units records bound by the quantity,,accept,"Tim 2026-09-26: PRD approved, all seven models"
qmumdt7caut9s4yqtzawkvpt,Units,PFQ063E_units,not rebuilt: a per-column units leaf of the first build; units are library Units records bound by the quantity,,accept,"Tim 2026-09-26: PRD approved, all seven models"
uqv807jsbuqf16lmtch9el3d,Units,PFQ090_units,not rebuilt: a per-column units leaf of the first build; units are library Units records bound by the quantity,,accept,"Tim 2026-09-26: PRD approved, all seven models"
r3z8tfrepbn90s3flyt4bz51,Units,_PHYS14D_units,not rebuilt: a per-column units leaf of the first build; units are library Units records bound by the quantity,,accept,"Tim 2026-09-26: PRD approved, all seven models"
pxd66s4b696rczd77dmj3nxr,Units,PHYSHLTH_units,not rebuilt: a per-column units leaf of the first build; units are library Units records bound by the quantity,,accept,"Tim 2026-09-26: PRD approved, all seven models"
r6s53dn8h2t0lnlbjurri2up,Units,PLAN_CVRG_MOS_NUM_units,not rebuilt: a per-column units leaf of the first build; units are library Units records bound by the quantity,,accept,"Tim 2026-09-26: PRD approved, all seven models"
wjagtxiunvnaej71a3pvogkz,Units,_PNEUMO3_units,not rebuilt: a per-column units leaf of the first build; units are library Units records bound by the quantity,,accept,"Tim 2026-09-26: PRD approved, all seven models"
u4iyz14gfoy36a4lsynpqukg,Units,PNEUVAC4_units,not rebuilt: a per-column units leaf of the first build; units are library Units records bound by the quantity,,accept,"Tim 2026-09-26: PRD approved, all seven models"
iv97l8zoxymilmffsbakoj1l,Units,POORHLTH_units,not rebuilt: a per-column units leaf of the first build; units are library Units records bound by the quantity,,accept,"Tim 2026-09-26: PRD approved, all seven models"
f33ul0q6yxzmp9cd57rwq40y,Units,PPPYMT_CAR_units,not rebuilt: a per-column units leaf of the first build; units are library Units records bound by the quantity,,accept,"Tim 2026-09-26: PRD approved, all seven models"
zvixhybqj6jxa8inokyoaspq,Units,PPPYMT_IP_units,not rebuilt: a per-column units leaf of the first build; units are library Units records bound by the quantity,,accept,"Tim 2026-09-26: PRD approved, all seven models"
h00iq125c6afg6ehxe7kh340,Units,PPPYMT_OP_units,not rebuilt: a per-column units leaf of the first build; units are library Units records bound by the quantity,,accept,"Tim 2026-09-26: PRD approved, all seven models"
flhqj5r2wp9eds2eh16jsq0j,Units,_PRACE2_units,not rebuilt: a per-column units leaf of the first build; units are library Units records bound by the quantity,,accept,"Tim 2026-09-26: PRD approved, all seven models"
u41lo7pptvpxd9hmuqyci2xv,Units,PRIMINSR_units,not rebuilt: a per-column units leaf of the first build; units are library Units records bound by the quantity,,accept,"Tim 2026-09-26: PRD approved, all seven models"
k1c9dtxm5y8q2cxu9jvg014e,Units,PROD_SRVC_ID_units,not rebuilt: a per-column units leaf of the first build; units are library Units records bound by the quantity,,accept,"Tim 2026-09-26: PRD approved, all seven models"
by8us6utnueggiwayjec74ai,Units,_PSU_units,not rebuilt: a per-column units leaf of the first build; units are library Units records bound by the quantity,,accept,"Tim 2026-09-26: PRD approved, all seven models"
ymsojeu51iizuhg8cv90axwf,Units,PTNT_PAY_AMT_units,not rebuilt: a per-column units leaf of the first build; units are library Units records bound by the quantity,,accept,"Tim 2026-09-26: PRD approved, all seven models"
emuefd01ruux3nweh46wchr4,Units,PVTRESD1_units,not rebuilt: a per-column units leaf of the first build; units are library Units records bound by the quantity,,accept,"Tim 2026-09-26: PRD approved, all seven models"
n01z04gkdj3t4q05synh1r1f,Units,QSTLANG_units,not rebuilt: a per-column units leaf of the first build; units are library Units records bound by the quantity,,accept,"Tim 2026-09-26: PRD approved, all seven models"
c0gcmgqkqbsf39wur42vmdpu,Units,QSTVER_units,not rebuilt: a per-column units leaf of the first build; units are library Units records bound by the quantity,,accept,"Tim 2026-09-26: PRD approved, all seven models"
xg9jbponsmtdritv4w0bodif,Units,QTY_DSPNSD_NUM_units,not rebuilt: a per-column units leaf of the first build; units are library Units records bound by the quantity,,accept,"Tim 2026-09-26: PRD approved, all seven models"
rs8g5nnpmdpgy74gxn8n5ld7,Units,_RACE1_units,not rebuilt: a per-column units leaf of the first build; units are library Units records bound by the quantity,,accept,"Tim 2026-09-26: PRD approved, all seven models"
utz2zhz657asnwf2p7e19e4n,Units,_RACEG22_units,not rebuilt: a per-column units leaf of the first build; units are library Units records bound by the quantity,,accept,"Tim 2026-09-26: PRD approved, all seven models"
t6f1nsm09tnoo0uoxwnm94h5,Units,_RACEGR4_units,not rebuilt: a per-column units leaf of the first build; units are library Units records bound by the quantity,,accept,"Tim 2026-09-26: PRD approved, all seven models"
cabiw2ca569d3k72go7iobqz,Units,_RACEPR1_units,not rebuilt: a per-column units leaf of the first build; units are library Units records bound by the quantity,,accept,"Tim 2026-09-26: PRD approved, all seven models"
ir793ope9d20yu8ycplb81ar,Units,_RAWRAKE_units,not rebuilt: a per-column units leaf of the first build; units are library Units records bound by the quantity,,accept,"Tim 2026-09-26: PRD approved, all seven models"
f5d9avywj5vd89d7x5fgzvq5,Units,RCSGEND1_units,not rebuilt: a per-column units leaf of the first build; units are library Units records bound by the quantity,,accept,"Tim 2026-09-26: PRD approved, all seven models"
fwuuci8xk3ns7vcolrpbrodl,Units,RCSRLTN2_units,not rebuilt: a per-column units leaf of the first build; units are library Units records bound by the quantity,,accept,"Tim 2026-09-26: PRD approved, all seven models"
b8gd9kj58zah2blds3mb8kgv,Units,RENTHOM1_units,not rebuilt: a per-column units leaf of the first build; units are library Units records bound by the quantity,,accept,"Tim 2026-09-26: PRD approved, all seven models"
e0fxephpixnyprsk6wzuol02,Units,RESPSLCT_units,not rebuilt: a per-column units leaf of the first build; units are library Units records bound by the quantity,,accept,"Tim 2026-09-26: PRD approved, all seven models"
dr1dd1ikmypyryxnfpkun744,Units,_RFBING6_units,not rebuilt: a per-column units leaf of the first build; units are library Units records bound by the quantity,,accept,"Tim 2026-09-26: PRD approved, all seven models"
im6ekkosg7ue863pm14g1ysa,Units,_RFBLDS5_units,not rebuilt: a per-column units leaf of the first build; units are library Units records bound by the quantity,,accept,"Tim 2026-09-26: PRD approved, all seven models"
rbi4wl5y39rrhuy12uzimtaw,Units,_RFBMI5_units,not rebuilt: a per-column units leaf of the first build; units are library Units records bound by the quantity,,accept,"Tim 2026-09-26: PRD approved, all seven models"
hdq2snn0ixpqr4mk3bbzejlx,Units,_RFDRHV8_units,not rebuilt: a per-column units leaf of the first build; units are library Units records bound by the quantity,,accept,"Tim 2026-09-26: PRD approved, all seven models"
fzpb4a0bahe5yjjpsgh8fj0x,Units,_RFHLTH_units,not rebuilt: a per-column units leaf of the first build; units are library Units records bound by the quantity,,accept,"Tim 2026-09-26: PRD approved, all seven models"
apjlrizq3zjy38jtkq7pbsig,Units,_RFMAM22_units,not rebuilt: a per-column units leaf of the first build; units are library Units records bound by the quantity,,accept,"Tim 2026-09-26: PRD approved, all seven models"
qrn4mj4my8ytwpfpa6z41k82,Units,_RFSMOK3_units,not rebuilt: a per-column units leaf of the first build; units are library Units records bound by the quantity,,accept,"Tim 2026-09-26: PRD approved, all seven models"
s6tazv2n9b6ajf7h4u8i0ddd,Units,RXDDAYS_units,not rebuilt: a per-column units leaf of the first build; units are library Units records bound by the quantity,,accept,"Tim 2026-09-26: PRD approved, all seven models"
p0grq4ojx06ozlvzln1msn7u,Units,RXDUSE_units,not rebuilt: a per-column units leaf of the first build; units are library Units records bound by the quantity,,accept,"Tim 2026-09-26: PRD approved, all seven models"
ksnpgokwwirhcz6rpvjjcbb3,Units,_SBONTI1_units,not rebuilt: a per-column units leaf of the first build; units are library Units records bound by the quantity,,accept,"Tim 2026-09-26: PRD approved, all seven models"
pvx3p3by00p0f7bzoko4vrco,Units,SDHBILLS_units,not rebuilt: a per-column units leaf of the first build; units are library Units records bound by the quantity,,accept,"Tim 2026-09-26: PRD approved, all seven models"
gyut6f3sa7uevornqzla8426,Units,SDHEMPLY_units,not rebuilt: a per-column units leaf of the first build; units are library Units records bound by the quantity,,accept,"Tim 2026-09-26: PRD approved, all seven models"
wxsa5eqn6mzju1egam938g83,Units,SDHFOOD1_units,not rebuilt: a per-column units leaf of the first build; units are library Units records bound by the quantity,,accept,"Tim 2026-09-26: PRD approved, all seven models"
fy99h7hhmvlxyb30ntv0l3x0,Units,SDHISOLT_units,not rebuilt: a per-column units leaf of the first build; units are library Units records bound by the quantity,,accept,"Tim 2026-09-26: PRD approved, all seven models"
q7fl39xadb3jxrcffmi5envl,Units,SDHSTRE1_units,not rebuilt: a per-column units leaf of the first build; units are library Units records bound by the quantity,,accept,"Tim 2026-09-26: PRD approved, all seven models"
ete2rl6xarzv9jq054v2mudr,Units,SDHTRNSP_units,not rebuilt: a per-column units leaf of the first build; units are library Units records bound by the quantity,,accept,"Tim 2026-09-26: PRD approved, all seven models"
f3lwqz4qhke4fc8h5hjdwu6q,Units,SDHUTILS_units,not rebuilt: a per-column units leaf of the first build; units are library Units records bound by the quantity,,accept,"Tim 2026-09-26: PRD approved, all seven models"
r50z5o3bf2zaokz6fpdp86rt,Units,SDNATES1_units,not rebuilt: a per-column units leaf of the first build; units are library Units records bound by the quantity,,accept,"Tim 2026-09-26: PRD approved, all seven models"
okawov8se52v6dfgsxbz1gxr,Units,SEGMENT_units,not rebuilt: a per-column units leaf of the first build; units are library Units records bound by the quantity,,accept,"Tim 2026-09-26: PRD approved, all seven models"
d83w6tsrhf5qn8ap0farmk40,Units,SEQNO_units,not rebuilt: a per-column units leaf of the first build; units are library Units records bound by the quantity,,accept,"Tim 2026-09-26: PRD approved, all seven models"
pqcm6c5x6ewasobqlyru8r8g,Units,_SEX_units,not rebuilt: a per-column units leaf of the first build; units are library Units records bound by the quantity,,accept,"Tim 2026-09-26: PRD approved, all seven models"
zvj6a4gvmiuh4y8pzixu7tp1,Units,SEXVAR_units,not rebuilt: a per-column units leaf of the first build; units are library Units records bound by the quantity,,accept,"Tim 2026-09-26: PRD approved, all seven models"
rme4ttnnccuok4zdby9htrmv,Units,_SGMS101_units,not rebuilt: a per-column units leaf of the first build; units are library Units records bound by the quantity,,accept,"Tim 2026-09-26: PRD approved, all seven models"
jv8yrxwq2089fsj18wov1p1i,Units,_SGMSCP1_units,not rebuilt: a per-column units leaf of the first build; units are library Units records bound by the quantity,,accept,"Tim 2026-09-26: PRD approved, all seven models"
n8jdmwwjkvx3xstv2kmdc4cp,Units,SIGMTES1_units,not rebuilt: a per-column units leaf of the first build; units are library Units records bound by the quantity,,accept,"Tim 2026-09-26: PRD approved, all seven models"
olib4i0pap7z8qwa5p4q65j5,Units,SLEPTIM1_units,not rebuilt: a per-column units leaf of the first build; units are library Units records bound by the quantity,,accept,"Tim 2026-09-26: PRD approved, all seven models"
ouiyg958jm8byjvoxwbgk1dt,Units,SMALSTOL_units,not rebuilt: a per-column units leaf of the first build; units are library Units records bound by the quantity,,accept,"Tim 2026-09-26: PRD approved, all seven models"
qyk5dwogmvnf5w6nrousydnz,Units,SMD030_units,not rebuilt: a per-column units leaf of the first build; units are library Units records bound by the quantity,,accept,"Tim 2026-09-26: PRD approved, all seven models"
d4wwheg13gwgkq84dkqeeo4z,Units,SMD057_units,not rebuilt: a per-column units leaf of the first build; units are library Units records bound by the quantity,,accept,"Tim 2026-09-26: PRD approved, all seven models"
cehiag7q3pd47liulu6w8jzk,Units,SMD093_units,not rebuilt: a per-column units leaf of the first build; units are library Units records bound by the quantity,,accept,"Tim 2026-09-26: PRD approved, all seven models"
bu5rz6n5x3ig9fie1gmronin,Units,SMD100CO_units,not rebuilt: a per-column units leaf of the first build; units are library Units records bound by the quantity,,accept,"Tim 2026-09-26: PRD approved, all seven models"
u0mws6eoef5ulias5w6o45oc,Units,SMD100FL_units,not rebuilt: a per-column units leaf of the first build; units are library Units records bound by the quantity,,accept,"Tim 2026-09-26: PRD approved, all seven models"
b0jx00yn2jnslb1o3vmo5blo,Units,SMD641_units,not rebuilt: a per-column units leaf of the first build; units are library Units records bound by the quantity,,accept,"Tim 2026-09-26: PRD approved, all seven models"
qzyb9txov29yqxlhcbwkezas,Units,SMD650_units,not rebuilt: a per-column units leaf of the first build; units are library Units records bound by the quantity,,accept,"Tim 2026-09-26: PRD approved, all seven models"
ogjlj25lgz5dtkdbswoub4ca,Units,SMOKDAY2_units,not rebuilt: a per-column units leaf of the first build; units are library Units records bound by the quantity,,accept,"Tim 2026-09-26: PRD approved, all seven models"
hukk9xrh4atiroyc4ks4jt7x,Units,SMOKE100_units,not rebuilt: a per-column units leaf of the first build; units are library Units records bound by the quantity,,accept,"Tim 2026-09-26: PRD approved, all seven models"
pxx797y958s4jioo1lxr9u5w,Units,_SMOKER3_units,not rebuilt: a per-column units leaf of the first build; units are library Units records bound by the quantity,,accept,"Tim 2026-09-26: PRD approved, all seven models"
aqo7v7u9juz26u83d2t7chfe,Units,_SMOKGRP_units,not rebuilt: a per-column units leaf of the first build; units are library Units records bound by the quantity,,accept,"Tim 2026-09-26: PRD approved, all seven models"
m3kultn5ecm9h84wku9ohw5u,Units,SMQ020_units,not rebuilt: a per-column units leaf of the first build; units are library Units records bound by the quantity,,accept,"Tim 2026-09-26: PRD approved, all seven models"
f0hvusa103uln6aitm6v4bx2,Units,SMQ040_units,not rebuilt: a per-column units leaf of the first build; units are library Units records bound by the quantity,,accept,"Tim 2026-09-26: PRD approved, all seven models"
dhjdje2j4ujvd618tymnl5oc,Units,SMQ050Q_units,not rebuilt: a per-column units leaf of the first build; units are library Units records bound by the quantity,,accept,"Tim 2026-09-26: PRD approved, all seven models"
s14zrrw7l9ntg5blnl6e473d,Units,SMQ050U_units,not rebuilt: a per-column units leaf of the first build; units are library Units records bound by the quantity,,accept,"Tim 2026-09-26: PRD approved, all seven models"
y4i95gippsnmn93i5nkh8vzh,Units,SMQ078_units,not rebuilt: a per-column units leaf of the first build; units are library Units records bound by the quantity,,accept,"Tim 2026-09-26: PRD approved, all seven models"
g2v25ksk6wo115looyomv0n1,Units,SMQ621_units,not rebuilt: a per-column units leaf of the first build; units are library Units records bound by the quantity,,accept,"Tim 2026-09-26: PRD approved, all seven models"
i3htq9fknq611k5zq2qcwtyc,Units,SMQ670_units,not rebuilt: a per-column units leaf of the first build; units are library Units records bound by the quantity,,accept,"Tim 2026-09-26: PRD approved, all seven models"
au3cgx59mb3o44m5x2cbty11,Units,SMQ848_units,not rebuilt: a per-column units leaf of the first build; units are library Units records bound by the quantity,,accept,"Tim 2026-09-26: PRD approved, all seven models"
riwl3da9tai98m6w6vp0e64z,Units,SMQ852Q_units,not rebuilt: a per-column units leaf of the first build; units are library Units records bound by the quantity,,accept,"Tim 2026-09-26: PRD approved, all seven models"
bz1rin0roo747vb30ziwv5bq,Units,SMQ852U_units,not rebuilt: a per-column units leaf of the first build; units are library Units records bound by the quantity,,accept,"Tim 2026-09-26: PRD approved, all seven models"
g2h8bd2k4xxld74ivd8261lr,Units,SMQ890_units,not rebuilt: a per-column units leaf of the first build; units are library Units records bound by the quantity,,accept,"Tim 2026-09-26: PRD approved, all seven models"
mikubmyg31mgkzklt4k9j3e8,Units,SMQ895_units,not rebuilt: a per-column units leaf of the first build; units are library Units records bound by the quantity,,accept,"Tim 2026-09-26: PRD approved, all seven models"
p8bggxjhxtdhw45v34vxuqii,Units,SMQ900_units,not rebuilt: a per-column units leaf of the first build; units are library Units records bound by the quantity,,accept,"Tim 2026-09-26: PRD approved, all seven models"
xw1hduwvxe6bdnjn87eefnx6,Units,SMQ905_units,not rebuilt: a per-column units leaf of the first build; units are library Units records bound by the quantity,,accept,"Tim 2026-09-26: PRD approved, all seven models"
k93r7hs99rosnt4b7qf4mv31,Units,SMQ910_units,not rebuilt: a per-column units leaf of the first build; units are library Units records bound by the quantity,,accept,"Tim 2026-09-26: PRD approved, all seven models"
jdygnpf0ytwt50f4xc7ruvmj,Units,SMQ915_units,not rebuilt: a per-column units leaf of the first build; units are library Units records bound by the quantity,,accept,"Tim 2026-09-26: PRD approved, all seven models"
oj7qyudynnks35z86ni95s5x,Units,SP_ALZHDMTA_units,not rebuilt: a per-column units leaf of the first build; units are library Units records bound by the quantity,,accept,"Tim 2026-09-26: PRD approved, all seven models"
ijq7uqk9c4ex61d7vwx2yzby,Units,SP_CHF_units,not rebuilt: a per-column units leaf of the first build; units are library Units records bound by the quantity,,accept,"Tim 2026-09-26: PRD approved, all seven models"
qke557xk7utvhoniw7gg2j01,Units,SP_CHRNKIDN_units,not rebuilt: a per-column units leaf of the first build; units are library Units records bound by the quantity,,accept,"Tim 2026-09-26: PRD approved, all seven models"
lin3ronbz5tbtvmg6lwau4bw,Units,SP_CNCR_units,not rebuilt: a per-column units leaf of the first build; units are library Units records bound by the quantity,,accept,"Tim 2026-09-26: PRD approved, all seven models"
v17dtuzy859si0wftl1zl8fl,Units,SP_COPD_units,not rebuilt: a per-column units leaf of the first build; units are library Units records bound by the quantity,,accept,"Tim 2026-09-26: PRD approved, all seven models"
odpods7v95y9lfvom499mx64,Units,SP_DEPRESSN_units,not rebuilt: a per-column units leaf of the first build; units are library Units records bound by the quantity,,accept,"Tim 2026-09-26: PRD approved, all seven models"
defq2a1dgkfk1b331wekkjpa,Units,SP_ISCHMCHT_units,not rebuilt: a per-column units leaf of the first build; units are library Units records bound by the quantity,,accept,"Tim 2026-09-26: PRD approved, all seven models"
g8itou5b8n15w993oi0txtqh,Units,SP_OSTEOPRS_units,not rebuilt: a per-column units leaf of the first build; units are library Units records bound by the quantity,,accept,"Tim 2026-09-26: PRD approved, all seven models"
qr5px8gcf51x77s06h0bjiib,Units,SP_RA_OA_units,not rebuilt: a per-column units leaf of the first build; units are library Units records bound by the quantity,,accept,"Tim 2026-09-26: PRD approved, all seven models"
takrggdncqi729cxqka2uzal,Units,SP_STRKETIA_units,not rebuilt: a per-column units leaf of the first build; units are library Units records bound by the quantity,,accept,"Tim 2026-09-26: PRD approved, all seven models"
ygphw12w2gipof0rqc0eztqk,Units,SRVC_DT_units,not rebuilt: a per-column units leaf of the first build; units are library Units records bound by the quantity,,accept,"Tim 2026-09-26: PRD approved, all seven models"
v7zh4fgikjypzq28qjeu8z2p,Units,STATERE1_units,not rebuilt: a per-column units leaf of the first build; units are library Units records bound by the quantity,,accept,"Tim 2026-09-26: PRD approved, all seven models"
fy44nx48qq0lbtx7vkijw8ut,Units,_STOLDN1_units,not rebuilt: a per-column units leaf of the first build; units are library Units records bound by the quantity,,accept,"Tim 2026-09-26: PRD approved, all seven models"
mpy70cq08slkezunfilf5xlc,Units,STOLTEST_units,not rebuilt: a per-column units leaf of the first build; units are library Units records bound by the quantity,,accept,"Tim 2026-09-26: PRD approved, all seven models"
q6v7iiof01ofbgldxl6cgeg0,Units,STOOLDN2_units,not rebuilt: a per-column units leaf of the first build; units are library Units records bound by the quantity,,accept,"Tim 2026-09-26: PRD approved, all seven models"
ygnyl9wttoer2c2yokl22mdi,Units,_STRWT_units,not rebuilt: a per-column units leaf of the first build; units are library Units records bound by the quantity,,accept,"Tim 2026-09-26: PRD approved, all seven models"
j6t4dg3kgqdhtshj4yo6lbrg,Units,_STSTR_units,not rebuilt: a per-column units leaf of the first build; units are library Units records bound by the quantity,,accept,"Tim 2026-09-26: PRD approved, all seven models"
wfsn3qfky34uemup3l42vih9,Units,TETANUS1_units,not rebuilt: a per-column units leaf of the first build; units are library Units records bound by the quantity,,accept,"Tim 2026-09-26: PRD approved, all seven models"
xchwa6nvto71dagyxnjqgy7l,Units,_TOTINDA_units,not rebuilt: a per-column units leaf of the first build; units are library Units records bound by the quantity,,accept,"Tim 2026-09-26: PRD approved, all seven models"
wf5vo9feo25k78c6cbvcujv8,Units,TOT_RX_CST_AMT_units,not rebuilt: a per-column units leaf of the first build; units are library Units records bound by the quantity,,accept,"Tim 2026-09-26: PRD approved, all seven models"
s8ivlgputx59lt47pvbk5l6o,Units,_URBSTAT_units,not rebuilt: a per-column units leaf of the first build; units are library Units records bound by the quantity,,accept,"Tim 2026-09-26: PRD approved, all seven models"
i3aacdrw26okuf5xrnhbfc8n,Units,USENOW3_units,not rebuilt: a per-column units leaf of the first build; units are library Units records bound by the quantity,,accept,"Tim 2026-09-26: PRD approved, all seven models"
exmbfqh6j7av4f0nct1e9cjf,Units,VCLNTES2_units,not rebuilt: a per-column units leaf of the first build; units are library Units records bound by the quantity,,accept,"Tim 2026-09-26: PRD approved, all seven models"
rpk4x7ci6dpgg3deh8ozggdc,Units,VETERAN3_units,not rebuilt: a per-column units leaf of the first build; units are library Units records bound by the quantity,,accept,"Tim 2026-09-26: PRD approved, all seven models"
h5p3pbvl219jtbd6gk18huv4,Units,_VIRCOL1_units,not rebuilt: a per-column units leaf of the first build; units are library Units records bound by the quantity,,accept,"Tim 2026-09-26: PRD approved, all seven models"
y87l9ylw2khayg5ukm1ynri2,Units,VIRCOLO1_units,not rebuilt: a per-column units leaf of the first build; units are library Units records bound by the quantity,,accept,"Tim 2026-09-26: PRD approved, all seven models"
wamd2mdpbitbakt6u2hb1bzk,Units,_WT2RAKE_units,not rebuilt: a per-column units leaf of the first build; units are library Units records bound by the quantity,,accept,"Tim 2026-09-26: PRD approved, all seven models"
x2a4wsiiujhkbcukxt6fr5z2,Units,WTKG3_units,not rebuilt: a per-column units leaf of the first build; units are library Units records bound by the quantity,,accept,"Tim 2026-09-26: PRD approved, all seven models"
pxf2ag460wpf1y8kobhs8hyv,Units,_YRSQUIT_units,not rebuilt: a per-column units leaf of the first build; units are library Units records bound by the quantity,,accept,"Tim 2026-09-26: PRD approved, all seven models"
agehld3b9rhow242jwpq0l8m,Units,_YRSSMOK_units,not rebuilt: a per-column units leaf of the first build; units are library Units records bound by the quantity,,accept,"Tim 2026-09-26: PRD approved, all seven models"
n2y95s2rl2qjtkku0zqujz7j,XdCount,Alzheimer's Disease or Related Disorders,covered by condition-alzheimers-disease,condition-alzheimers-disease,accept,"Tim 2026-09-26: PRD approved, all seven models"
lgpbp4ds3lw9tma1k9qtqw20,XdCount,Annual Sequence Number,covered by brfss-annual-sequence-number,brfss-annual-sequence-number,accept,"Tim 2026-09-26: PRD approved, all seven models"
oxf8o3fv3f2qb02fzdm5vb37,XdCount,Attending Physician NPI,covered by cms-attending-physician-npi,cms-attending-physician-npi,accept,"Tim 2026-09-26: PRD approved, all seven models"
oj3fgci9u2wi77utbsagsu7c,XdCount,Beneficiary Discharge Date,covered by cms-beneficiary-discharge-date,cms-beneficiary-discharge-date,accept,"Tim 2026-09-26: PRD approved, all seven models"
vpib1sfkuwg0505mvqh203wh,XdCount,Calculated sex variable,covered by https://axius-sdc.com/library/default/administrative-gender,https://axius-sdc.com/library/default/administrative-gender,accept,"Tim 2026-09-26: PRD approved, all seven models"
p8x4hzlolz09c9dcplx2ibdj,XdCount,Cancer,covered by condition-cancer,condition-cancer,accept,"Tim 2026-09-26: PRD approved, all seven models"
udy2zvfqk7npu3k8kcta3y8h,XdCount,Chronic Kidney Disease,covered by condition-kidney-disease,condition-kidney-disease,accept,"Tim 2026-09-26: PRD approved, all seven models"
zdk007gxpq8vkefmcbiqnbud,XdCount,Chronic Obstructive Pulmonary Disease,covered by condition-copd,condition-copd,accept,"Tim 2026-09-26: PRD approved, all seven models"
gr6k0r7dt16bmpelwwd8llsy,XdCount,Claim Admission Date,covered by cms-claim-admission-date,cms-claim-admission-date,accept,"Tim 2026-09-26: PRD approved, all seven models"
r0j15xm8h3qf7c2159lilkfz,XdCount,Claim ID,covered by cms-claim-id,cms-claim-id,accept,"Tim 2026-09-26: PRD approved, all seven models"
k9y6cjmb6i3td87pg51bpgwj,XdCount,Claims End Date,covered by https://axius-sdc.com/library/fhir/encounter-end,https://axius-sdc.com/library/fhir/encounter-end,accept,"Tim 2026-09-26: PRD approved, all seven models"
ydx9s8vc3mkm6xl2ghk2u71a,XdCount,Claims Start Date,covered by https://axius-sdc.com/library/fhir/encounter-start,https://axius-sdc.com/library/fhir/encounter-start,accept,"Tim 2026-09-26: PRD approved, all seven models"
su9zbp0qwfw9b7ioof68pa1t,XdCount,Claim Utilization Day Count,covered by cms-claim-utilization-day-count,cms-claim-utilization-day-count,accept,"Tim 2026-09-26: PRD approved, all seven models"
ja0do2y6ffla0zw3gwzwax73,XdCount,Congestive Heart Failure,covered by condition-congestive-heart-failure,condition-congestive-heart-failure,accept,"Tim 2026-09-26: PRD approved, all seven models"
yobh8qjv9c8a9jkjumvy137j,XdCount,County Code,covered by cms-county-code,cms-county-code,accept,"Tim 2026-09-26: PRD approved, all seven models"
l6b0nmya930r9ofdycfj5r0w,XdCount,Date of Birth,covered by https://axius-sdc.com/library/default/date-of-birth,https://axius-sdc.com/library/default/date-of-birth,accept,"Tim 2026-09-26: PRD approved, all seven models"
hb8t4dz0i2rtey2xdl6i1yaz,XdCount,Days Supply,covered by cms-days-supply,cms-days-supply,accept,"Tim 2026-09-26: PRD approved, all seven models"
ir43mp3ngcs4h3ekbeo4e4ka,XdCount,Depression,covered by condition-depression,condition-depression,accept,"Tim 2026-09-26: PRD approved, all seven models"
y52f7jtdnb9ekqphlchbjo50,XdCount,Diagnosis Related Group Code,covered by cms-diagnosis-related-group-code,cms-diagnosis-related-group-code,accept,"Tim 2026-09-26: PRD approved, all seven models"
piixyffc72zluvupku9rjngw,XdCount,HCPCS_CD_24 (duplicate label),not rebuilt: a duplicate-label leaf of the first build,,accept,"Tim 2026-09-26: PRD approved, all seven models"
f9td31zp14lf2zwbtw4bcrbx,XdCount,HCPCS_CD_26 (duplicate label),not rebuilt: a duplicate-label leaf of the first build,,accept,"Tim 2026-09-26: PRD approved, all seven models"
jor22hzapzva8mn0xmit2ifl,XdCount,HCPCS_CD_27 (duplicate label),not rebuilt: a duplicate-label leaf of the first build,,accept,"Tim 2026-09-26: PRD approved, all seven models"
qj106tovelir2rqz5vf59ldr,XdCount,HCPCS_CD_29 (duplicate label),not rebuilt: a duplicate-label leaf of the first build,,accept,"Tim 2026-09-26: PRD approved, all seven models"
xy1i1wzwrtvzns1iqimr3xy5,XdCount,HCPCS_CD_32 (duplicate label),not rebuilt: a duplicate-label leaf of the first build,,accept,"Tim 2026-09-26: PRD approved, all seven models"
l8070v0ceogx8cvrfpqmoymp,XdCount,HCPCS_CD_33 (duplicate label),not rebuilt: a duplicate-label leaf of the first build,,accept,"Tim 2026-09-26: PRD approved, all seven models"
bl9xra4q7r9d0iionsgxzql4,XdCount,HCPCS_CD_34 (duplicate label),not rebuilt: a duplicate-label leaf of the first build,,accept,"Tim 2026-09-26: PRD approved, all seven models"
fnwfb61x0cw9atshp12wm6tf,XdCount,HCPCS_CD_35 (duplicate label),not rebuilt: a duplicate-label leaf of the first build,,accept,"Tim 2026-09-26: PRD approved, all seven models"
qg0nsyz1n43q4yuxf0mxjxot,XdCount,HCPCS_CD_38 (duplicate label),not rebuilt: a duplicate-label leaf of the first build,,accept,"Tim 2026-09-26: PRD approved, all seven models"
z0ws00oj3zj620bg3q3r1ewv,XdCount,HCPCS_CD_39 (duplicate label),not rebuilt: a duplicate-label leaf of the first build,,accept,"Tim 2026-09-26: PRD approved, all seven models"
ll5ui05hda7pi42ib2e42ie3,XdCount,HCPCS_CD_40 (duplicate label),not rebuilt: a duplicate-label leaf of the first build,,accept,"Tim 2026-09-26: PRD approved, all seven models"
s4eqjfu26lmro8pm2qqkmhy0,XdCount,HCPCS_CD_43 (duplicate label),not rebuilt: a duplicate-label leaf of the first build,,accept,"Tim 2026-09-26: PRD approved, all seven models"
zf9v0w0c5vtzlck15pd13anq,XdCount,HCPCS_CD_5 (duplicate label),not rebuilt: a duplicate-label leaf of the first build,,accept,"Tim 2026-09-26: PRD approved, all seven models"
caxtzljmvwbomsoouwocszl6,XdCount,HMO Coverage Months,covered by cms-hmo-coverage-months,cms-hmo-coverage-months,accept,"Tim 2026-09-26: PRD approved, all seven models"
g25z8erbr3oxyhbp1pfx9qsa,XdCount,Hospital Insurance Coverage Months,covered by cms-part-a-coverage-months,cms-part-a-coverage-months,accept,"Tim 2026-09-26: PRD approved, all seven models"
m0tgvo8sixm18drjo3z5r6gz,XdCount,ICD-9-CM Diagnosis Code 10,covered by cms-claim-diagnosis-10,cms-claim-diagnosis-10,accept,"Tim 2026-09-26: PRD approved, all seven models"
d4r1c0kl1d3jqiyjckvtugfd,XdCount,ICD-9-CM Procedure Code 1,covered by cms-claim-procedure-1,cms-claim-procedure-1,accept,"Tim 2026-09-26: PRD approved, all seven models"
fwi8sccyhudpyb8qjzb9g0yu,XdCount,ICD-9-CM Procedure Code 5,covered by cms-claim-procedure-5,cms-claim-procedure-5,accept,"Tim 2026-09-26: PRD approved, all seven models"
vzw5dynjqtjgfsnrkzp6q6i1,XdCount,ICD-9-CM Procedure Code 6,covered by cms-claim-procedure-6,cms-claim-procedure-6,accept,"Tim 2026-09-26: PRD approved, all seven models"
da0r7x0tvbgrbp0n4eyy8k0u,XdCount,ICD9_DGNS_CD_9 (duplicate label),not rebuilt: a duplicate-label leaf of the first build,,accept,"Tim 2026-09-26: PRD approved, all seven models"
pkhqwjitqte8vcigj72z2z9c,XdCount,Interview Date,not carried into the second build: a column outside the scope of docs/design/FAIR-Demo-2-PRD.md section 3; the first build's model that composes it stays published,,accept,"Tim 2026-09-26: PRD approved, all seven models"
a3dpca5ge7orm8xdxl47c9h4,XdCount,Interview Day,not carried into the second build: a column outside the scope of docs/design/FAIR-Demo-2-PRD.md section 3; the first build's model that composes it stays published,,accept,"Tim 2026-09-26: PRD approved, all seven models"
ptay2izlzt44di3ocmwi75or,XdCount,Interview Month,not carried into the second build: a column outside the scope of docs/design/FAIR-Demo-2-PRD.md section 3; the first build's model that composes it stays published,,accept,"Tim 2026-09-26: PRD approved, all seven models"
i7bblawg1w9vqolnvuxnxa9l,XdCount,Interview Year,not carried into the second build: a column outside the scope of docs/design/FAIR-Demo-2-PRD.md section 3; the first build's model that composes it stays published,,accept,"Tim 2026-09-26: PRD approved, all seven models"
c00tkbqt91njoavo6gfkxfzy,XdCount,Ischemic Heart Disease,covered by condition-coronary-heart-disease,condition-coronary-heart-disease,accept,"Tim 2026-09-26: PRD approved, all seven models"
nq1us0z45fvjpa7pi0lxx2r4,XdCount,Operating Physician NPI,not carried into the second build: a column outside the scope of docs/design/FAIR-Demo-2-PRD.md section 3; the first build's model that composes it stays published,,accept,"Tim 2026-09-26: PRD approved, all seven models"
alx9i6qtut67hq3o7o6funhu,XdCount,Osteoporosis,covered by condition-osteoporosis,condition-osteoporosis,accept,"Tim 2026-09-26: PRD approved, all seven models"
gar0akj5prixv8lqcd1zrb17,XdCount,Other Physician NPI,not carried into the second build: a column outside the scope of docs/design/FAIR-Demo-2-PRD.md section 3; the first build's model that composes it stays published,,accept,"Tim 2026-09-26: PRD approved, all seven models"
xg5kj7hykhhh0aebjaudrjfh,XdCount,Part D Plan Coverage Months,covered by cms-part-d-coverage-months,cms-part-d-coverage-months,accept,"Tim 2026-09-26: PRD approved, all seven models"
fgnbk11h2vzwomg4txfocqhk,XdCount,Prescription Drug Event ID,covered by cms-prescription-drug-event-id,cms-prescription-drug-event-id,accept,"Tim 2026-09-26: PRD approved, all seven models"
wt04kmf82aqpi3hkxigzpilh,XdCount,Product/Service ID (NDC),covered by product-ndc,product-ndc,accept,"Tim 2026-09-26: PRD approved, all seven models"
je8telqg11pzntpcbm2tmt8p,XdCount,Race,covered by ct:u5tietya3u56hbz2kos06ai7,ct:u5tietya3u56hbz2kos06ai7,accept,"Tim 2026-09-26: PRD approved, all seven models"
at0gbvqwfye87h90hwvzduug,XdCount,Rheumatoid Arthritis / Osteoarthritis,covered by condition-arthritis,condition-arthritis,accept,"Tim 2026-09-26: PRD approved, all seven models"
a2tag43yf695zvtmnc6pxzjn,XdCount,SEGMENT (duplicate label),not rebuilt: a duplicate-label leaf of the first build,,accept,"Tim 2026-09-26: PRD approved, all seven models"
lbczhz56pdloeylt99l3h5nv,XdCount,Service Date,covered by cms-service-date,cms-service-date,accept,"Tim 2026-09-26: PRD approved, all seven models"
vopo0hpkl6fna3reydvyycje,XdCount,Stroke / Transient Ischemic Attack,covered by condition-stroke,condition-stroke,accept,"Tim 2026-09-26: PRD approved, all seven models"
d01zlcgispeiab338fqummdg,XdCount,Supplementary Medical Insurance Coverage Months,covered by cms-part-b-coverage-months,cms-part-b-coverage-months,accept,"Tim 2026-09-26: PRD approved, all seven models"
u1yb72vyf71z0mqtgl7wm6sm,XdQuantity,1st cancer - what kind was it?,not carried into the second build: a column outside the scope of docs/design/FAIR-Demo-2-PRD.md section 3; the first build's model that composes it stays published,,accept,"Tim 2026-09-26: PRD approved, all seven models"
jygdqqncec7ssmtm4shgadli,XdQuantity,60 sec HR (30 sec HR * 2),covered by https://axius-sdc.com/library/fhir/heart-rate,https://axius-sdc.com/library/fhir/heart-rate,accept,"Tim 2026-09-26: PRD approved, all seven models"
x747pjmrj88farwsmxqzvqxm,XdQuantity,60 sec. pulse (30 sec. pulse * 2),covered by https://axius-sdc.com/library/fhir/heart-rate,https://axius-sdc.com/library/fhir/heart-rate,accept,"Tim 2026-09-26: PRD approved, all seven models"
i5igyikh9loow8r5uf2lki7n,XdQuantity,Adult flu shot/spray past 12 mos,not carried into the second build: a column outside the scope of docs/design/FAIR-Demo-2-PRD.md section 3; the first build's model that composes it stays published,,accept,"Tim 2026-09-26: PRD approved, all seven models"
ybwkdwgurojv7s85o5x8680m,XdQuantity,Adults aged 18+ that have had permanent teeth extracted,not carried into the second build: a column outside the scope of docs/design/FAIR-Demo-2-PRD.md section 3; the first build's model that composes it stays published,,accept,"Tim 2026-09-26: PRD approved, all seven models"
r5tmcu7326a36ebmf0bpw3pb,XdQuantity,Adults aged 65+ who have had all their natural teeth extracted,not carried into the second build: a column outside the scope of docs/design/FAIR-Demo-2-PRD.md section 3; the first build's model that composes it stays published,,accept,"Tim 2026-09-26: PRD approved, all seven models"
ivd0vwqfxx8td6cf5k1ow8k1,XdQuantity,"Adults that have visited a dentist, dental hygenist or dental clinic within the past year",not carried into the second build: a column outside the scope of docs/design/FAIR-Demo-2-PRD.md section 3; the first build's model that composes it stays published,,accept,"Tim 2026-09-26: PRD approved, all seven models"
yum8kxp4q88kj4ft21xu6snz,XdQuantity,Adults with good or better health,not carried into the second build: a column outside the scope of docs/design/FAIR-Demo-2-PRD.md section 3; the first build's model that composes it stays published,,accept,"Tim 2026-09-26: PRD approved, all seven models"
zwo8z6ndwk3vv2ey2ayl7vg7,XdQuantity,Age 1st cancer (MCQ230a) diagnosed,not carried into the second build: a column outside the scope of docs/design/FAIR-Demo-2-PRD.md section 3; the first build's model that composes it stays published,,accept,"Tim 2026-09-26: PRD approved, all seven models"
iebmz9y6vnejrns5lp1zbyl9,XdQuantity,Age started smoking cigarettes regularly,not carried into the second build: a column outside the scope of docs/design/FAIR-Demo-2-PRD.md section 3; the first build's model that composes it stays published,,accept,"Tim 2026-09-26: PRD approved, all seven models"
lhfti5yn0ct36207w68mzjqx,XdQuantity,Age when 1st had gallbladder surgery?,not carried into the second build: a column outside the scope of docs/design/FAIR-Demo-2-PRD.md section 3; the first build's model that composes it stays published,,accept,"Tim 2026-09-26: PRD approved, all seven models"
vw3tfq52l8sbzxmdt06b9ztj,XdQuantity,Age when first had asthma,not carried into the second build: a column outside the scope of docs/design/FAIR-Demo-2-PRD.md section 3; the first build's model that composes it stays published,,accept,"Tim 2026-09-26: PRD approved, all seven models"
aekujfw5ggwvezetcovffqn7,XdQuantity,Age when told had coronary heart disease,not carried into the second build: a column outside the scope of docs/design/FAIR-Demo-2-PRD.md section 3; the first build's model that composes it stays published,,accept,"Tim 2026-09-26: PRD approved, all seven models"
gx1qgzmpeuke4q2i18027yuj,XdQuantity,Age when told you had a liver condition,not carried into the second build: a column outside the scope of docs/design/FAIR-Demo-2-PRD.md section 3; the first build's model that composes it stays published,,accept,"Tim 2026-09-26: PRD approved, all seven models"
zdj1nb1ku1pszuv2yhkjklds,XdQuantity,Age when told you had angina pectoris,not carried into the second build: a column outside the scope of docs/design/FAIR-Demo-2-PRD.md section 3; the first build's model that composes it stays published,,accept,"Tim 2026-09-26: PRD approved, all seven models"
cty59dsvu0d4ztl8j1vgjwwm,XdQuantity,Age when told you had arthritis,not carried into the second build: a column outside the scope of docs/design/FAIR-Demo-2-PRD.md section 3; the first build's model that composes it stays published,,accept,"Tim 2026-09-26: PRD approved, all seven models"
r1rf7q8sl6c0h415brv6qyns,XdQuantity,Age when told you had a stroke,not carried into the second build: a column outside the scope of docs/design/FAIR-Demo-2-PRD.md section 3; the first build's model that composes it stays published,,accept,"Tim 2026-09-26: PRD approved, all seven models"
o40xhnljjsggp3ipl0ok297p,XdQuantity,Age when told you had chronic bronchitis,not carried into the second build: a column outside the scope of docs/design/FAIR-Demo-2-PRD.md section 3; the first build's model that composes it stays published,,accept,"Tim 2026-09-26: PRD approved, all seven models"
mt5ocezn46u8qte1m0q2686r,XdQuantity,Age when told you had emphysema,not carried into the second build: a column outside the scope of docs/design/FAIR-Demo-2-PRD.md section 3; the first build's model that composes it stays published,,accept,"Tim 2026-09-26: PRD approved, all seven models"
h1lvmbte1916y0ypk22rbgs0,XdQuantity,Age when told you had gout,not carried into the second build: a column outside the scope of docs/design/FAIR-Demo-2-PRD.md section 3; the first build's model that composes it stays published,,accept,"Tim 2026-09-26: PRD approved, all seven models"
lg58px4xao93fbr79t2tasgh,XdQuantity,Age when told you had heart failure,not carried into the second build: a column outside the scope of docs/design/FAIR-Demo-2-PRD.md section 3; the first build's model that composes it stays published,,accept,"Tim 2026-09-26: PRD approved, all seven models"
b0tjy1oi7u3z480izid9u993,XdQuantity,Age when told you had thyroid problem,not carried into the second build: a column outside the scope of docs/design/FAIR-Demo-2-PRD.md section 3; the first build's model that composes it stays published,,accept,"Tim 2026-09-26: PRD approved, all seven models"
qt6mrj4wbp1vhll0jkqlggha,XdQuantity,Age when told you have jaundice?,not carried into the second build: a column outside the scope of docs/design/FAIR-Demo-2-PRD.md section 3; the first build's model that composes it stays published,,accept,"Tim 2026-09-26: PRD approved, all seven models"
iclmp4qqffdx7i702kzxoq20,XdQuantity,Any metal objects inside your body?,not carried into the second build: a column outside the scope of docs/design/FAIR-Demo-2-PRD.md section 3; the first build's model that composes it stays published,,accept,"Tim 2026-09-26: PRD approved, all seven models"
fw0qeps245x0v22e1j43u5e6,XdQuantity,Are you 18 years of age or older?,not carried into the second build: a column outside the scope of docs/design/FAIR-Demo-2-PRD.md section 3; the first build's model that composes it stays published,,accept,"Tim 2026-09-26: PRD approved, all seven models"
ikjn7ur4yd4sdsta8k1ho35r,XdQuantity,Are You A Veteran,covered by veteran-status,veteran-status,accept,"Tim 2026-09-26: PRD approved, all seven models"
gdhurbjjp0jee643noke2blz,XdQuantity,Are you deaf or do you have serious difficulty hearing?,not carried into the second build: a column outside the scope of docs/design/FAIR-Demo-2-PRD.md section 3; the first build's model that composes it stays published,,accept,"Tim 2026-09-26: PRD approved, all seven models"
f7fhkza4hsrr2agz9qf2r4ew,XdQuantity,Are you male or female?,covered by https://axius-sdc.com/library/default/administrative-gender,https://axius-sdc.com/library/default/administrative-gender,accept,"Tim 2026-09-26: PRD approved, all seven models"
pscz7izii23h0pu0t6b6llu5,XdQuantity,Are you now controlling or losing weight,not carried into the second build: a column outside the scope of docs/design/FAIR-Demo-2-PRD.md section 3; the first build's model that composes it stays published,,accept,"Tim 2026-09-26: PRD approved, all seven models"
cptaniju6h6hyilf082fh0es,XdQuantity,Are you now reducing fat in diet,not carried into the second build: a column outside the scope of docs/design/FAIR-Demo-2-PRD.md section 3; the first build's model that composes it stays published,,accept,"Tim 2026-09-26: PRD approved, all seven models"
pkwfvrav0745gg31k2rafe9w,XdQuantity,Are you now reducing salt in diet,not carried into the second build: a column outside the scope of docs/design/FAIR-Demo-2-PRD.md section 3; the first build's model that composes it stays published,,accept,"Tim 2026-09-26: PRD approved, all seven models"
o7sn9ypj5u8qsjapo3v5b6df,XdQuantity,Arm selected,covered by nhanes-arm-selected,nhanes-arm-selected,accept,"Tim 2026-09-26: PRD approved, all seven models"
htpd3pmhah8pqd29mukk5wdw,XdQuantity,Avg alcoholic drinks per day in past 30,covered by brfss-average-drinks-per-day,brfss-average-drinks-per-day,accept,"Tim 2026-09-26: PRD approved, all seven models"
k6uj5bhzdqpk3db82orgbhc6,XdQuantity,Avg # cigarettes/day during past 30 days,not carried into the second build: a column outside the scope of docs/design/FAIR-Demo-2-PRD.md section 3; the first build's model that composes it stays published,,accept,"Tim 2026-09-26: PRD approved, all seven models"
l3cj6ajgat9is3htlw4qokpu,XdQuantity,Basophils number (1000 cells/uL),not carried into the second build: a column outside the scope of docs/design/FAIR-Demo-2-PRD.md section 3; the first build's model that composes it stays published,,accept,"Tim 2026-09-26: PRD approved, all seven models"
naktjnbxrzcsme8cud714j3h,XdQuantity,Basophils percent (%),not carried into the second build: a column outside the scope of docs/design/FAIR-Demo-2-PRD.md section 3; the first build's model that composes it stays published,,accept,"Tim 2026-09-26: PRD approved, all seven models"
hkkovfz4t2o7nxb4lzbpp9cz,XdQuantity,Binge Drinking,not carried into the second build: a column outside the scope of docs/design/FAIR-Demo-2-PRD.md section 3; the first build's model that composes it stays published,,accept,"Tim 2026-09-26: PRD approved, all seven models"
n0c8v5twxeolomr7ynesu7wd,XdQuantity,Binge Drinking Calculated Variable,not carried into the second build: a column outside the scope of docs/design/FAIR-Demo-2-PRD.md section 3; the first build's model that composes it stays published,,accept,"Tim 2026-09-26: PRD approved, all seven models"
j76k8rbzkuiemid1di6lc7v0,XdQuantity,Blind or Difficulty seeing,covered by brfss-blind-or-difficulty-seeing,brfss-blind-or-difficulty-seeing,accept,"Tim 2026-09-26: PRD approved, all seven models"
cyr76x1s3bu5dzdewetc8gv8,XdQuantity,Blood Deductible Liability Amount,covered by cms-blood-deductible-liability-amount,cms-blood-deductible-liability-amount,accept,"Tim 2026-09-26: PRD approved, all seven models"
k5ap1ymzlqajv9luquuksmn2,XdQuantity,Calculated non-Hispanic Race including multiracial,not carried into the second build: a column outside the scope of docs/design/FAIR-Demo-2-PRD.md section 3; the first build's model that composes it stays published,,accept,"Tim 2026-09-26: PRD approved, all seven models"
f3apc1ipvz2m1bx5hbwsc00j,XdQuantity,Calculated sex variable,covered by https://axius-sdc.com/library/default/administrative-gender,https://axius-sdc.com/library/default/administrative-gender,accept,"Tim 2026-09-26: PRD approved, all seven models"
mpwce28dzkh2i3fz8j52ywq9,XdQuantity,Carrier Annual Beneficiary Responsibility,not carried into the second build: a column outside the scope of docs/design/FAIR-Demo-2-PRD.md section 3; the first build's model that composes it stays published,,accept,"Tim 2026-09-26: PRD approved, all seven models"
h8ruw27uj9gkuufqgbnkopfy,XdQuantity,Carrier Annual Medicare Reimbursement,not carried into the second build: a column outside the scope of docs/design/FAIR-Demo-2-PRD.md section 3; the first build's model that composes it stays published,,accept,"Tim 2026-09-26: PRD approved, all seven models"
e68r03lol0jqmstbc34oip0s,XdQuantity,Carrier Annual Primary Payer Reimbursement,not carried into the second build: a column outside the scope of docs/design/FAIR-Demo-2-PRD.md section 3; the first build's model that composes it stays published,,accept,"Tim 2026-09-26: PRD approved, all seven models"
obqg86yl6rix83kzqtqe3fpi,XdQuantity,Cellular Telephone,not carried into the second build: a column outside the scope of docs/design/FAIR-Demo-2-PRD.md section 3; the first build's model that composes it stays published,,accept,"Tim 2026-09-26: PRD approved, all seven models"
cw819akghzvnld6w81yn0dsf,XdQuantity,"Child Hispanic, Latino/a, or Spanish origin calculated variable",not carried into the second build: a column outside the scope of docs/design/FAIR-Demo-2-PRD.md section 3; the first build's model that composes it stays published,,accept,"Tim 2026-09-26: PRD approved, all seven models"
a70gzqyklhcpyg1h61mn9smy,XdQuantity,Child Non-Hispanic Race including Multiracial,not carried into the second build: a column outside the scope of docs/design/FAIR-Demo-2-PRD.md section 3; the first build's model that composes it stays published,,accept,"Tim 2026-09-26: PRD approved, all seven models"
a6qjl30ysoydysxw7worm7lk,XdQuantity,Cigarette Filter type,not carried into the second build: a column outside the scope of docs/design/FAIR-Demo-2-PRD.md section 3; the first build's model that composes it stays published,,accept,"Tim 2026-09-26: PRD approved, all seven models"
sik3nllwro9coyfifr5au0e1,XdQuantity,Cigarettes smoked in entire life,not carried into the second build: a column outside the scope of docs/design/FAIR-Demo-2-PRD.md section 3; the first build's model that composes it stays published,,accept,"Tim 2026-09-26: PRD approved, all seven models"
dcewhp2o0paiqtg5mw4n6rgw,XdQuantity,# cigarettes smoked per day when quit,not carried into the second build: a column outside the scope of docs/design/FAIR-Demo-2-PRD.md section 3; the first build's model that composes it stays published,,accept,"Tim 2026-09-26: PRD approved, all seven models"
kgosixk2oeknxjw3wabyyoug,XdQuantity,Claim Pass-Through Per Diem Amount,covered by cms-pass-through-per-diem-amount,cms-pass-through-per-diem-amount,accept,"Tim 2026-09-26: PRD approved, all seven models"
b7wqs85a0zfe76e23m40djap,XdQuantity,Claim Payment Amount,covered by cms-claim-payment-amount,cms-claim-payment-amount,accept,"Tim 2026-09-26: PRD approved, all seven models"
zb0h147ogifwrbm6891m3qcp,XdQuantity,Coded cuff size,covered by nhanes-coded-cuff-size,nhanes-coded-cuff-size,accept,"Tim 2026-09-26: PRD approved, all seven models"
glhn7hgjes66t7qbdga7t6a7,XdQuantity,Computed Asthma Status,not carried into the second build: a column outside the scope of docs/design/FAIR-Demo-2-PRD.md section 3; the first build's model that composes it stays published,,accept,"Tim 2026-09-26: PRD approved, all seven models"
n5cm7c5foof63rjewuerdtpt,XdQuantity,Computed body mass index categories,not carried into the second build: a column outside the scope of docs/design/FAIR-Demo-2-PRD.md section 3; the first build's model that composes it stays published,,accept,"Tim 2026-09-26: PRD approved, all seven models"
r3uiku6laqeepuldfd4w3opa,XdQuantity,Computed Five level race/ethnicity category.,not carried into the second build: a column outside the scope of docs/design/FAIR-Demo-2-PRD.md section 3; the first build's model that composes it stays published,,accept,"Tim 2026-09-26: PRD approved, all seven models"
wqam75p0vr0jfsqz4cbyahnt,XdQuantity,Computed Height in Inches,not carried into the second build: a column outside the scope of docs/design/FAIR-Demo-2-PRD.md section 3; the first build's model that composes it stays published,,accept,"Tim 2026-09-26: PRD approved, all seven models"
mk04y2wxaul9wje1d2e699wh,XdQuantity,Computed Height in Meters,not carried into the second build: a column outside the scope of docs/design/FAIR-Demo-2-PRD.md section 3; the first build's model that composes it stays published,,accept,"Tim 2026-09-26: PRD approved, all seven models"
js62r6sl022ytnzojn2ae10y,XdQuantity,Computed income categories,not carried into the second build: a column outside the scope of docs/design/FAIR-Demo-2-PRD.md section 3; the first build's model that composes it stays published,,accept,"Tim 2026-09-26: PRD approved, all seven models"
uub49893wlobm525jxomo8fj,XdQuantity,Computed level of education completed categories,not carried into the second build: a column outside the scope of docs/design/FAIR-Demo-2-PRD.md section 3; the first build's model that composes it stays published,,accept,"Tim 2026-09-26: PRD approved, all seven models"
i7gssagyinc8rzchlsf3fhrn,XdQuantity,Computed Mental Health Status,not carried into the second build: a column outside the scope of docs/design/FAIR-Demo-2-PRD.md section 3; the first build's model that composes it stays published,,accept,"Tim 2026-09-26: PRD approved, all seven models"
e0b0txcj6s7nrp4xuf4lqyp2,XdQuantity,Computed number of children in household,not carried into the second build: a column outside the scope of docs/design/FAIR-Demo-2-PRD.md section 3; the first build's model that composes it stays published,,accept,"Tim 2026-09-26: PRD approved, all seven models"
k1b82tjseebk8090m29szivo,XdQuantity,Computed Physical Health Status,not carried into the second build: a column outside the scope of docs/design/FAIR-Demo-2-PRD.md section 3; the first build's model that composes it stays published,,accept,"Tim 2026-09-26: PRD approved, all seven models"
vsi09maxyy9bqqodnmw53w8f,XdQuantity,Computed Preferred Race,not carried into the second build: a column outside the scope of docs/design/FAIR-Demo-2-PRD.md section 3; the first build's model that composes it stays published,,accept,"Tim 2026-09-26: PRD approved, all seven models"
rhlcako8y0479099gcm7etme,XdQuantity,Computed Race-Ethnicity grouping,not carried into the second build: a column outside the scope of docs/design/FAIR-Demo-2-PRD.md section 3; the first build's model that composes it stays published,,accept,"Tim 2026-09-26: PRD approved, all seven models"
xh4k4m2cvaoojgxvqh84jrxa,XdQuantity,Computed race groups used for internet prevalence tables,not carried into the second build: a column outside the scope of docs/design/FAIR-Demo-2-PRD.md section 3; the first build's model that composes it stays published,,accept,"Tim 2026-09-26: PRD approved, all seven models"
sow0ho082kz0fwq5u91bi11f,XdQuantity,Computed Smoking Status,not carried into the second build: a column outside the scope of docs/design/FAIR-Demo-2-PRD.md section 3; the first build's model that composes it stays published,,accept,"Tim 2026-09-26: PRD approved, all seven models"
j96ehmxm5bgqusguq4bdj634,XdQuantity,Computed Weight in Kilograms,not carried into the second build: a column outside the scope of docs/design/FAIR-Demo-2-PRD.md section 3; the first build's model that composes it stays published,,accept,"Tim 2026-09-26: PRD approved, all seven models"
taaqpfgl79w8kmd5icwv0smb,XdQuantity,Correct telephone number?,not carried into the second build: a column outside the scope of docs/design/FAIR-Demo-2-PRD.md section 3; the first build's model that composes it stays published,,accept,"Tim 2026-09-26: PRD approved, all seven models"
p75o028b2if5v65bnac3zaqa,XdQuantity,Could Not Afford To See Doctor,not carried into the second build: a column outside the scope of docs/design/FAIR-Demo-2-PRD.md section 3; the first build's model that composes it stays published,,accept,"Tim 2026-09-26: PRD approved, all seven models"
g46mlb32co4iy0mzebt598b2,XdQuantity,CPDEMO1C,not carried into the second build: a column outside the scope of docs/design/FAIR-Demo-2-PRD.md section 3; the first build's model that composes it stays published,,accept,"Tim 2026-09-26: PRD approved, all seven models"
cli8i9pgnf293ml4azc4s792,XdQuantity,"Crawl, walk, run, play limitations",not carried into the second build: a column outside the scope of docs/design/FAIR-Demo-2-PRD.md section 3; the first build's model that composes it stays published,,accept,"Tim 2026-09-26: PRD approved, all seven models"
gkyu6urzy3bphtzvc2qalrnt,XdQuantity,Current Asthma Calculated Variable,not carried into the second build: a column outside the scope of docs/design/FAIR-Demo-2-PRD.md section 3; the first build's model that composes it stays published,,accept,"Tim 2026-09-26: PRD approved, all seven models"
e61drqhiwnbydt4ydyhm0qxa,XdQuantity,Current E-cigarette User Calculated Variable,not carried into the second build: a column outside the scope of docs/design/FAIR-Demo-2-PRD.md section 3; the first build's model that composes it stays published,,accept,"Tim 2026-09-26: PRD approved, all seven models"
dji9zzn7gmnqsdq3fkqgktde,XdQuantity,Current Smoking Calculated Variable,not carried into the second build: a column outside the scope of docs/design/FAIR-Demo-2-PRD.md section 3; the first build's model that composes it stays published,,accept,"Tim 2026-09-26: PRD approved, all seven models"
y88h8l7cf8pqakgfkaon6ll6,XdQuantity,Days in past 30 had alcoholic beverage,not carried into the second build: a column outside the scope of docs/design/FAIR-Demo-2-PRD.md section 3; the first build's model that composes it stays published,,accept,"Tim 2026-09-26: PRD approved, all seven models"
dpqfkdq66lmad1dv3d31u3cx,XdQuantity,# days smoked cigs during past 30 days,not carried into the second build: a column outside the scope of docs/design/FAIR-Demo-2-PRD.md section 3; the first build's model that composes it stays published,,accept,"Tim 2026-09-26: PRD approved, all seven models"
v5ew61lj6n31ze8qr63ysp2f,XdQuantity,Design weight use in raking,not carried into the second build: a column outside the scope of docs/design/FAIR-Demo-2-PRD.md section 3; the first build's model that composes it stays published,,accept,"Tim 2026-09-26: PRD approved, all seven models"
h5w5nwm7pq1uzpz7uzo9szat,XdQuantity,DIABAGE4,not carried into the second build: a column outside the scope of docs/design/FAIR-Demo-2-PRD.md section 3; the first build's model that composes it stays published,,accept,"Tim 2026-09-26: PRD approved, all seven models"
c04foj0elc9jj3wwpfayek7i,XdQuantity,Did SP have episode of hay fever/past yr,not carried into the second build: a column outside the scope of docs/design/FAIR-Demo-2-PRD.md section 3; the first build's model that composes it stays published,,accept,"Tim 2026-09-26: PRD approved, all seven models"
bgzw1ozsw7ko8dleo2kj84et,XdQuantity,Did you have a CT or CAT scan?,not carried into the second build: a column outside the scope of docs/design/FAIR-Demo-2-PRD.md section 3; the first build's model that composes it stays published,,accept,"Tim 2026-09-26: PRD approved, all seven models"
xtnl3nxf1tgn2oti4c8z6uim,XdQuantity,Difficulty Concentrating or Remembering,not carried into the second build: a column outside the scope of docs/design/FAIR-Demo-2-PRD.md section 3; the first build's model that composes it stays published,,accept,"Tim 2026-09-26: PRD approved, all seven models"
p6c2yu5i7r83gyz457oa715i,XdQuantity,Difficulty Doing Errands Alone,not carried into the second build: a column outside the scope of docs/design/FAIR-Demo-2-PRD.md section 3; the first build's model that composes it stays published,,accept,"Tim 2026-09-26: PRD approved, all seven models"
atjmbnb7enj3ezrw35bq19la,XdQuantity,Difficulty Dressing or Bathing,not carried into the second build: a column outside the scope of docs/design/FAIR-Demo-2-PRD.md section 3; the first build's model that composes it stays published,,accept,"Tim 2026-09-26: PRD approved, all seven models"
ogrr75s07d4llfrqknxa8jqm,XdQuantity,Difficulty getting in and out of bed,not carried into the second build: a column outside the scope of docs/design/FAIR-Demo-2-PRD.md section 3; the first build's model that composes it stays published,,accept,"Tim 2026-09-26: PRD approved, all seven models"
dmvg7kngcmfzdqk0ld5hg1fz,XdQuantity,"Difficulty stooping, crouching, kneeling",not carried into the second build: a column outside the scope of docs/design/FAIR-Demo-2-PRD.md section 3; the first build's model that composes it stays published,,accept,"Tim 2026-09-26: PRD approved, all seven models"
c14mic61hsut34p7abm5yd5z,XdQuantity,"Difficulty using fork, knife, cup",not carried into the second build: a column outside the scope of docs/design/FAIR-Demo-2-PRD.md section 3; the first build's model that composes it stays published,,accept,"Tim 2026-09-26: PRD approved, all seven models"
p8hes9hfkvdt5hfa627w2flq,XdQuantity,Difficulty walking for a quarter mile,not carried into the second build: a column outside the scope of docs/design/FAIR-Demo-2-PRD.md section 3; the first build's model that composes it stays published,,accept,"Tim 2026-09-26: PRD approved, all seven models"
gckmyw76rajyu07wfb0egm00,XdQuantity,Difficulty Walking or Climbing Stairs,not carried into the second build: a column outside the scope of docs/design/FAIR-Demo-2-PRD.md section 3; the first build's model that composes it stays published,,accept,"Tim 2026-09-26: PRD approved, all seven models"
g37cjo5qydixzk1l4rlt5nrl,XdQuantity,Do Any High Risk Situations Apply,not carried into the second build: a column outside the scope of docs/design/FAIR-Demo-2-PRD.md section 3; the first build's model that composes it stays published,,accept,"Tim 2026-09-26: PRD approved, all seven models"
bh3k4thlbw3uua3ey9pkiyoy,XdQuantity,Doctor ever said you had arthritis,not carried into the second build: a column outside the scope of docs/design/FAIR-Demo-2-PRD.md section 3; the first build's model that composes it stays published,,accept,"Tim 2026-09-26: PRD approved, all seven models"
h7knx3vohbwnsdn3yg9b1ipv,XdQuantity,Doctor ever said you were overweight,not carried into the second build: a column outside the scope of docs/design/FAIR-Demo-2-PRD.md section 3; the first build's model that composes it stays published,,accept,"Tim 2026-09-26: PRD approved, all seven models"
xxd7w47rl9nzaaogs3xt7nrj,XdQuantity,Doctor ever told you that you had gout?,not carried into the second build: a column outside the scope of docs/design/FAIR-Demo-2-PRD.md section 3; the first build's model that composes it stays published,,accept,"Tim 2026-09-26: PRD approved, all seven models"
gkvuvz1srh222s9sq3rchxbc,XdQuantity,Doctor told you to control/lose weight,not carried into the second build: a column outside the scope of docs/design/FAIR-Demo-2-PRD.md section 3; the first build's model that composes it stays published,,accept,"Tim 2026-09-26: PRD approved, all seven models"
wbbb13h1xvqfsw4fa87qvw4e,XdQuantity,Doctor told you to reduce fat/calories,not carried into the second build: a column outside the scope of docs/design/FAIR-Demo-2-PRD.md section 3; the first build's model that composes it stays published,,accept,"Tim 2026-09-26: PRD approved, all seven models"
o7y1emu01gkdu199klw5wy7w,XdQuantity,Doctor told you to reduce salt in diet,not carried into the second build: a column outside the scope of docs/design/FAIR-Demo-2-PRD.md section 3; the first build's model that composes it stays published,,accept,"Tim 2026-09-26: PRD approved, all seven models"
o4uh1ylklzqyc5cp5dop7c1b,XdQuantity,Do you now smoke cigarettes?,not carried into the second build: a column outside the scope of docs/design/FAIR-Demo-2-PRD.md section 3; the first build's model that composes it stays published,,accept,"Tim 2026-09-26: PRD approved, all seven models"
pznq8hl57e58m5prvqzt3a4e,XdQuantity,"Do you now use e-cigarettes, or vaping products every day, some days, or not at all?",not carried into the second build: a column outside the scope of docs/design/FAIR-Demo-2-PRD.md section 3; the first build's model that composes it stays published,,accept,"Tim 2026-09-26: PRD approved, all seven models"
ud7ar862l8g6skfjhmmfsslk,XdQuantity,Do you still have chronic bronchitis,not carried into the second build: a column outside the scope of docs/design/FAIR-Demo-2-PRD.md section 3; the first build's model that composes it stays published,,accept,"Tim 2026-09-26: PRD approved, all seven models"
mk5or7lkflhmwtfw2c8awloa,XdQuantity,Do you still have thyroid problem,not carried into the second build: a column outside the scope of docs/design/FAIR-Demo-2-PRD.md section 3; the first build's model that composes it stays published,,accept,"Tim 2026-09-26: PRD approved, all seven models"
a5nf6bbaoacrxtjs8ojygred,XdQuantity,Drink any alcoholic beverages in past 30 days,not carried into the second build: a column outside the scope of docs/design/FAIR-Demo-2-PRD.md section 3; the first build's model that composes it stays published,,accept,"Tim 2026-09-26: PRD approved, all seven models"
v3429yglabpkx6l11pta0ow3,XdQuantity,Dual Phone Use Categories,not carried into the second build: a column outside the scope of docs/design/FAIR-Demo-2-PRD.md section 3; the first build's model that composes it stays published,,accept,"Tim 2026-09-26: PRD approved, all seven models"
djohuxibiz3ad3bx2raeva9j,XdQuantity,Dual Phone Use Correction Factor,not carried into the second build: a column outside the scope of docs/design/FAIR-Demo-2-PRD.md section 3; the first build's model that composes it stays published,,accept,"Tim 2026-09-26: PRD approved, all seven models"
qj6h9lhm4ja3at6c8jjkihxu,XdQuantity,During the past 12 months have you received food stamps,not carried into the second build: a column outside the scope of docs/design/FAIR-Demo-2-PRD.md section 3; the first build's model that composes it stays published,,accept,"Tim 2026-09-26: PRD approved, all seven models"
qhvdor5a6czxn7qlghmdxnfg,XdQuantity,Education Level,not carried into the second build: a column outside the scope of docs/design/FAIR-Demo-2-PRD.md section 3; the first build's model that composes it stays published,,accept,"Tim 2026-09-26: PRD approved, all seven models"
qi6kznmkez6177vq1c4b152v,XdQuantity,Eosinophils number (1000 cells/uL),not carried into the second build: a column outside the scope of docs/design/FAIR-Demo-2-PRD.md section 3; the first build's model that composes it stays published,,accept,"Tim 2026-09-26: PRD approved, all seven models"
yrhg051q6nfnrs3twfyqu30h,XdQuantity,Ever been tested for HIV calculated variable,not carried into the second build: a column outside the scope of docs/design/FAIR-Demo-2-PRD.md section 3; the first build's model that composes it stays published,,accept,"Tim 2026-09-26: PRD approved, all seven models"
gkj6hhetsarx0eey84e5iwsk,XdQuantity,Ever been told you have asthma,not carried into the second build: a column outside the scope of docs/design/FAIR-Demo-2-PRD.md section 3; the first build's model that composes it stays published,,accept,"Tim 2026-09-26: PRD approved, all seven models"
gh6dvpom7v6hwren4ntwxu3h,XdQuantity,Ever been told you have jaundice?,not carried into the second build: a column outside the scope of docs/design/FAIR-Demo-2-PRD.md section 3; the first build's model that composes it stays published,,accept,"Tim 2026-09-26: PRD approved, all seven models"
bb2of5otgbfqpxlm398kcmfi,XdQuantity,Ever Diagnosed with Angina or Coronary Heart Disease,not carried into the second build: a column outside the scope of docs/design/FAIR-Demo-2-PRD.md section 3; the first build's model that composes it stays published,,accept,"Tim 2026-09-26: PRD approved, all seven models"
w7ftbfaufocbfwlk73i5tag1,XdQuantity,Ever Diagnosed with a Stroke,not carried into the second build: a column outside the scope of docs/design/FAIR-Demo-2-PRD.md section 3; the first build's model that composes it stays published,,accept,"Tim 2026-09-26: PRD approved, all seven models"
phej7keynj8cqytljcaz2csk,XdQuantity,Ever Diagnosed with Heart Attack,not carried into the second build: a column outside the scope of docs/design/FAIR-Demo-2-PRD.md section 3; the first build's model that composes it stays published,,accept,"Tim 2026-09-26: PRD approved, all seven models"
io0wxk0uhlqbm7k9vvjgqwu5,XdQuantity,"Ever had a colonoscopy, sigmoidoscopy, or both",not carried into the second build: a column outside the scope of docs/design/FAIR-Demo-2-PRD.md section 3; the first build's model that composes it stays published,,accept,"Tim 2026-09-26: PRD approved, all seven models"
on1zikxcq357wlzqu7jz2w8k,XdQuantity,Ever had any other kind of test for colorectal cancer,not carried into the second build: a column outside the scope of docs/design/FAIR-Demo-2-PRD.md section 3; the first build's model that composes it stays published,,accept,"Tim 2026-09-26: PRD approved, all seven models"
fd8s7ljndmrrnefl5ec984df,XdQuantity,Ever had a virtual colonoscopy,not carried into the second build: a column outside the scope of docs/design/FAIR-Demo-2-PRD.md section 3; the first build's model that composes it stays published,,accept,"Tim 2026-09-26: PRD approved, all seven models"
gdtjhraa20wmp8in044slrha,XdQuantity,Ever had CHD or MI,not carried into the second build: a column outside the scope of docs/design/FAIR-Demo-2-PRD.md section 3; the first build's model that composes it stays published,,accept,"Tim 2026-09-26: PRD approved, all seven models"
exoum8jtqng002yhw7tacvwt,XdQuantity,Ever had gallbladder surgery?,not carried into the second build: a column outside the scope of docs/design/FAIR-Demo-2-PRD.md section 3; the first build's model that composes it stays published,,accept,"Tim 2026-09-26: PRD approved, all seven models"
uj9pw0hp2e7b211e4m7d5v9j,XdQuantity,Ever Had Sigmoidoscopy/Colonoscopy,not carried into the second build: a column outside the scope of docs/design/FAIR-Demo-2-PRD.md section 3; the first build's model that composes it stays published,,accept,"Tim 2026-09-26: PRD approved, all seven models"
j4odq2u3jmfnrv8l8ptg9q12,XdQuantity,Ever had stool DNA test?,not carried into the second build: a column outside the scope of docs/design/FAIR-Demo-2-PRD.md section 3; the first build's model that composes it stays published,,accept,"Tim 2026-09-26: PRD approved, all seven models"
hdff20h32rfdo4s0zhjqz3uu,XdQuantity,Ever had stool test?,not carried into the second build: a column outside the scope of docs/design/FAIR-Demo-2-PRD.md section 3; the first build's model that composes it stays published,,accept,"Tim 2026-09-26: PRD approved, all seven models"
cnvv7fp76n6cowod6dtctl7d,XdQuantity,Ever seen a DR about this pain,not carried into the second build: a column outside the scope of docs/design/FAIR-Demo-2-PRD.md section 3; the first build's model that composes it stays published,,accept,"Tim 2026-09-26: PRD approved, all seven models"
rrb6q4yguqkpvj1r80srl0fh,XdQuantity,Ever smoked a cigar even 1 time?,not carried into the second build: a column outside the scope of docs/design/FAIR-Demo-2-PRD.md section 3; the first build's model that composes it stays published,,accept,"Tim 2026-09-26: PRD approved, all seven models"
rk682jah866qqd7qvf9497ik,XdQuantity,Ever tested H.I.V.,not carried into the second build: a column outside the scope of docs/design/FAIR-Demo-2-PRD.md section 3; the first build's model that composes it stays published,,accept,"Tim 2026-09-26: PRD approved, all seven models"
ifk006im6086n6wi7i6s7iiv,XdQuantity,Ever Told Had Asthma,not carried into the second build: a column outside the scope of docs/design/FAIR-Demo-2-PRD.md section 3; the first build's model that composes it stays published,,accept,"Tim 2026-09-26: PRD approved, all seven models"
feldjyvk490va939oagmvzzn,XdQuantity,(Ever told) you had a depressive disorder,covered by condition-depression,condition-depression,accept,"Tim 2026-09-26: PRD approved, all seven models"
ziv2bv9sc0pwnweokf7y95mv,XdQuantity,Ever told you had angina/angina pectoris,not carried into the second build: a column outside the scope of docs/design/FAIR-Demo-2-PRD.md section 3; the first build's model that composes it stays published,,accept,"Tim 2026-09-26: PRD approved, all seven models"
zsc2ub0twvnb2zxttofyuj2i,XdQuantity,Ever told you had a stroke,not carried into the second build: a column outside the scope of docs/design/FAIR-Demo-2-PRD.md section 3; the first build's model that composes it stays published,,accept,"Tim 2026-09-26: PRD approved, all seven models"
bsnrpcsygyutm8g0xd5p3auu,XdQuantity,Ever told you had cancer or malignancy,not carried into the second build: a column outside the scope of docs/design/FAIR-Demo-2-PRD.md section 3; the first build's model that composes it stays published,,accept,"Tim 2026-09-26: PRD approved, all seven models"
u39l5jsnxdcx5vk0mi6pc1mv,XdQuantity,Ever told you had chronic bronchitis,not carried into the second build: a column outside the scope of docs/design/FAIR-Demo-2-PRD.md section 3; the first build's model that composes it stays published,,accept,"Tim 2026-09-26: PRD approved, all seven models"
o1gpi9b6hb6dqs3wbgh2thq3,XdQuantity,Ever told you had COPD?,not carried into the second build: a column outside the scope of docs/design/FAIR-Demo-2-PRD.md section 3; the first build's model that composes it stays published,,accept,"Tim 2026-09-26: PRD approved, all seven models"
s30mti073f3ucx56ncwd85x1,XdQuantity,Ever told you had C.O.P.D. emphysema or chronic bronchitis?,not carried into the second build: a column outside the scope of docs/design/FAIR-Demo-2-PRD.md section 3; the first build's model that composes it stays published,,accept,"Tim 2026-09-26: PRD approved, all seven models"
sehfjb0wzq30j05e2t8lrbsm,XdQuantity,Ever told you had coronary heart disease,not carried into the second build: a column outside the scope of docs/design/FAIR-Demo-2-PRD.md section 3; the first build's model that composes it stays published,,accept,"Tim 2026-09-26: PRD approved, all seven models"
jiknuhzx99z17zd7dxfg8bte,XdQuantity,(Ever told) you had diabetes,covered by condition-diabetes,condition-diabetes,accept,"Tim 2026-09-26: PRD approved, all seven models"
sgl1qdv7rprbypcsrd4mf37t,XdQuantity,Ever told you had emphysema,not carried into the second build: a column outside the scope of docs/design/FAIR-Demo-2-PRD.md section 3; the first build's model that composes it stays published,,accept,"Tim 2026-09-26: PRD approved, all seven models"
ghisv54gz9oaoebv942gtpu2,XdQuantity,(Ever told) (you had) melanoma or any other types of cancer?,covered by condition-cancer,condition-cancer,accept,"Tim 2026-09-26: PRD approved, all seven models"
hs8jfn9pwbza3hxi2stwi4sq,XdQuantity,(Ever told) (you had) skin cancer that is not melanoma?,covered by condition-skin-cancer,condition-skin-cancer,accept,"Tim 2026-09-26: PRD approved, all seven models"
vl5uwdar7dbfyuz9yiu7usym,XdQuantity,Ever told you had thyroid problem,not carried into the second build: a column outside the scope of docs/design/FAIR-Demo-2-PRD.md section 3; the first build's model that composes it stays published,,accept,"Tim 2026-09-26: PRD approved, all seven models"
l351s47nr7rw9037dcs1lij8,XdQuantity,Ever told you have kidney disease?,not carried into the second build: a column outside the scope of docs/design/FAIR-Demo-2-PRD.md section 3; the first build's model that composes it stays published,,accept,"Tim 2026-09-26: PRD approved, all seven models"
n23lq365jruukvujqc14uo5f,XdQuantity,Ever used an e-cigarette?,not carried into the second build: a column outside the scope of docs/design/FAIR-Demo-2-PRD.md section 3; the first build's model that composes it stays published,,accept,"Tim 2026-09-26: PRD approved, all seven models"
ycsqkgp5t2l0jgjftd032vn0,XdQuantity,Ever used smokeless tobacco?,not carried into the second build: a column outside the scope of docs/design/FAIR-Demo-2-PRD.md section 3; the first build's model that composes it stays published,,accept,"Tim 2026-09-26: PRD approved, all seven models"
y5g474udodkx9e0zg2nj85q8,XdQuantity,Exercise in Past 30 Days,not carried into the second build: a column outside the scope of docs/design/FAIR-Demo-2-PRD.md section 3; the first build's model that composes it stays published,,accept,"Tim 2026-09-26: PRD approved, all seven models"
tnbztxh7idmvpsk3kyrrnqlg,XdQuantity,Experience confusion/memory problems,not carried into the second build: a column outside the scope of docs/design/FAIR-Demo-2-PRD.md section 3; the first build's model that composes it stays published,,accept,"Tim 2026-09-26: PRD approved, all seven models"
xeyd57z8vdsz3zl223q0drft,XdQuantity,File Month,not carried into the second build: a column outside the scope of docs/design/FAIR-Demo-2-PRD.md section 3; the first build's model that composes it stays published,,accept,"Tim 2026-09-26: PRD approved, all seven models"
oizhhs620vvdzwodp6k5ehll,XdQuantity,Final child weight: Land-line and Cell-Phone data,not carried into the second build: a column outside the scope of docs/design/FAIR-Demo-2-PRD.md section 3; the first build's model that composes it stays published,,accept,"Tim 2026-09-26: PRD approved, all seven models"
xio8bzoppq4ie1ncftamv3ed,XdQuantity,Final Disposition,not carried into the second build: a column outside the scope of docs/design/FAIR-Demo-2-PRD.md section 3; the first build's model that composes it stays published,,accept,"Tim 2026-09-26: PRD approved, all seven models"
jpn4h8qzwyd57odeudt8lj83,XdQuantity,Final weight: Land-line and cell-phone data,not carried into the second build: a column outside the scope of docs/design/FAIR-Demo-2-PRD.md section 3; the first build's model that composes it stays published,,accept,"Tim 2026-09-26: PRD approved, all seven models"
gfrjga0idq84o1avaz8fi1ze,XdQuantity,Flu Shot Calculated Variable,not carried into the second build: a column outside the scope of docs/design/FAIR-Demo-2-PRD.md section 3; the first build's model that composes it stays published,,accept,"Tim 2026-09-26: PRD approved, all seven models"
plpqk85z1v2i3ecnrs33cuup,XdQuantity,Four level child age,not carried into the second build: a column outside the scope of docs/design/FAIR-Demo-2-PRD.md section 3; the first build's model that composes it stays published,,accept,"Tim 2026-09-26: PRD approved, all seven models"
alr4urwn3rcnipzbk80lrpuc,XdQuantity,Frequency of Days Now Smoking,not carried into the second build: a column outside the scope of docs/design/FAIR-Demo-2-PRD.md section 3; the first build's model that composes it stays published,,accept,"Tim 2026-09-26: PRD approved, all seven models"
fc6kk1vtoplu39hrjvo1ztk5,XdQuantity,FTC Carbon Monoxide Content,not carried into the second build: a column outside the scope of docs/design/FAIR-Demo-2-PRD.md section 3; the first build's model that composes it stays published,,accept,"Tim 2026-09-26: PRD approved, all seven models"
fifo62l7o3pt7bosit7a0bgw,XdQuantity,Gender of child,not carried into the second build: a column outside the scope of docs/design/FAIR-Demo-2-PRD.md section 3; the first build's model that composes it stays published,,accept,"Tim 2026-09-26: PRD approved, all seven models"
serl81fog17gmp4uqzkwv52m,XdQuantity,General Health,not carried into the second build: a column outside the scope of docs/design/FAIR-Demo-2-PRD.md section 3; the first build's model that composes it stays published,,accept,"Tim 2026-09-26: PRD approved, all seven models"
z3v03y4mwvcq96ubpk9pozgj,XdQuantity,Had colonoscopy calculated variable,not carried into the second build: a column outside the scope of docs/design/FAIR-Demo-2-PRD.md section 3; the first build's model that composes it stays published,,accept,"Tim 2026-09-26: PRD approved, all seven models"
ia9p35rf8bbn1yl6giazg4oj,XdQuantity,Had Hysterectomy,not carried into the second build: a column outside the scope of docs/design/FAIR-Demo-2-PRD.md section 3; the first build's model that composes it stays published,,accept,"Tim 2026-09-26: PRD approved, all seven models"
pz3jc34p13pfyrym55ig6bpl,XdQuantity,Had sigmoidoscopy calculated variable,not carried into the second build: a column outside the scope of docs/design/FAIR-Demo-2-PRD.md section 3; the first build's model that composes it stays published,,accept,"Tim 2026-09-26: PRD approved, all seven models"
gdynzlffx64b6bmb5kf6f053,XdQuantity,"Has a lack of reliable transportation kept you from appointments, meetings, work, or getting things needed",not carried into the second build: a column outside the scope of docs/design/FAIR-Demo-2-PRD.md section 3; the first build's model that composes it stays published,,accept,"Tim 2026-09-26: PRD approved, all seven models"
tw43lqq29uazpkt5ic76av2v,XdQuantity,Has DR ever said you have gallstones,not carried into the second build: a column outside the scope of docs/design/FAIR-Demo-2-PRD.md section 3; the first build's model that composes it stays published,,accept,"Tim 2026-09-26: PRD approved, all seven models"
um1szqwjbzjpnlthkv0izxyy,XdQuantity,Have an 3 month or longer covid symptoms?,not carried into the second build: a column outside the scope of docs/design/FAIR-Demo-2-PRD.md section 3; the first build's model that composes it stays published,,accept,"Tim 2026-09-26: PRD approved, all seven models"
mpfkqf6h5ravk7ghzxa2s4ct,XdQuantity,Have an H.P.V. test and recent cervical cancer screening,not carried into the second build: a column outside the scope of docs/design/FAIR-Demo-2-PRD.md section 3; the first build's model that composes it stays published,,accept,"Tim 2026-09-26: PRD approved, all seven models"
al1vnmswlu32qkthyel8kyd2,XdQuantity,Have any health insurance,not carried into the second build: a column outside the scope of docs/design/FAIR-Demo-2-PRD.md section 3; the first build's model that composes it stays published,,accept,"Tim 2026-09-26: PRD approved, all seven models"
fsouplgx1gk2f9oj2wtu90a4,XdQuantity,Have a PAP test and recent cervical cancer screening,not carried into the second build: a column outside the scope of docs/design/FAIR-Demo-2-PRD.md section 3; the first build's model that composes it stays published,,accept,"Tim 2026-09-26: PRD approved, all seven models"
i5k79nga3bgvufo4abn7g6x8,XdQuantity,Have Personal Health Care Provider?,not carried into the second build: a column outside the scope of docs/design/FAIR-Demo-2-PRD.md section 3; the first build's model that composes it stays published,,accept,"Tim 2026-09-26: PRD approved, all seven models"
qoihqusqjneud4esegb3ch6l,XdQuantity,Have you ever been told you tested positive for COVID 19?,not carried into the second build: a column outside the scope of docs/design/FAIR-Demo-2-PRD.md section 3; the first build's model that composes it stays published,,accept,"Tim 2026-09-26: PRD approved, all seven models"
lsctb3hyge22aqs9za3utury,XdQuantity,Have you ever had a cervical cancer screening test?,not carried into the second build: a column outside the scope of docs/design/FAIR-Demo-2-PRD.md section 3; the first build's model that composes it stays published,,accept,"Tim 2026-09-26: PRD approved, all seven models"
uz7r34yzz4sn191mzjs3qk1x,XdQuantity,Have You Ever Had a Mammogram,not carried into the second build: a column outside the scope of docs/design/FAIR-Demo-2-PRD.md section 3; the first build's model that composes it stays published,,accept,"Tim 2026-09-26: PRD approved, all seven models"
gdmbmll3093yzzrea4uhrumz,XdQuantity,Have you lost employment or had hours reduced?,not carried into the second build: a column outside the scope of docs/design/FAIR-Demo-2-PRD.md section 3; the first build's model that composes it stays published,,accept,"Tim 2026-09-26: PRD approved, all seven models"
wjqbf6h7xxrgm84zgcz80hgf,XdQuantity,Health problem causing difficulty,not carried into the second build: a column outside the scope of docs/design/FAIR-Demo-2-PRD.md section 3; the first build's model that composes it stays published,,accept,"Tim 2026-09-26: PRD approved, all seven models"
uyxgw230nc3hnbz3q2k4bjmy,XdQuantity,Health problem causing difficulty,not carried into the second build: a column outside the scope of docs/design/FAIR-Demo-2-PRD.md section 3; the first build's model that composes it stays published,,accept,"Tim 2026-09-26: PRD approved, all seven models"
c5o7hy1tjt9prja368o8ppbm,XdQuantity,Health problem causing difficulty,not carried into the second build: a column outside the scope of docs/design/FAIR-Demo-2-PRD.md section 3; the first build's model that composes it stays published,,accept,"Tim 2026-09-26: PRD approved, all seven models"
niwm5x272g622yobo87ccffz,XdQuantity,Health problem causing difficulty,not carried into the second build: a column outside the scope of docs/design/FAIR-Demo-2-PRD.md section 3; the first build's model that composes it stays published,,accept,"Tim 2026-09-26: PRD approved, all seven models"
h439u2ws4oug8fhv6pxpduuf,XdQuantity,Health problem causing difficulty,not carried into the second build: a column outside the scope of docs/design/FAIR-Demo-2-PRD.md section 3; the first build's model that composes it stays published,,accept,"Tim 2026-09-26: PRD approved, all seven models"
n8rkon326b6y06ob6x9b93o3,XdQuantity,Heavy Alcohol Consumption Calculated Variable,not carried into the second build: a column outside the scope of docs/design/FAIR-Demo-2-PRD.md section 3; the first build's model that composes it stays published,,accept,"Tim 2026-09-26: PRD approved, all seven models"
da8zt8ihun8371ovlgjooz2l,XdQuantity,Hematocrit (%),not carried into the second build: a column outside the scope of docs/design/FAIR-Demo-2-PRD.md section 3; the first build's model that composes it stays published,,accept,"Tim 2026-09-26: PRD approved, all seven models"
uo8b3vzt0aak21tskp6qkw0w,XdQuantity,Hemoglobin (g/dL),not carried into the second build: a column outside the scope of docs/design/FAIR-Demo-2-PRD.md section 3; the first build's model that composes it stays published,,accept,"Tim 2026-09-26: PRD approved, all seven models"
i98893ur39wcpn5vexeg16ar,XdQuantity,"Hispanic, Latino/a, or Spanish origin calculated variable",not carried into the second build: a column outside the scope of docs/design/FAIR-Demo-2-PRD.md section 3; the first build's model that composes it stays published,,accept,"Tim 2026-09-26: PRD approved, all seven models"
h5d8pkwjz3mqfz4a7kdlvx9d,XdQuantity,Hlth pro ever said child has asthma,not carried into the second build: a column outside the scope of docs/design/FAIR-Demo-2-PRD.md section 3; the first build's model that composes it stays published,,accept,"Tim 2026-09-26: PRD approved, all seven models"
xxzg4tlh9qszedvu9a6foenw,XdQuantity,Household Landline Telephones,not carried into the second build: a column outside the scope of docs/design/FAIR-Demo-2-PRD.md section 3; the first build's model that composes it stays published,,accept,"Tim 2026-09-26: PRD approved, all seven models"
ocbj606gsh7twip9dlc0ip7q,XdQuantity,How Long since Last Mammogram,not carried into the second build: a column outside the scope of docs/design/FAIR-Demo-2-PRD.md section 3; the first build's model that composes it stays published,,accept,"Tim 2026-09-26: PRD approved, all seven models"
ny5cy725wem8v18rrskl2trr,XdQuantity,How long since quit smoking cigarettes,not carried into the second build: a column outside the scope of docs/design/FAIR-Demo-2-PRD.md section 3; the first build's model that composes it stays published,,accept,"Tim 2026-09-26: PRD approved, all seven models"
j6h17hgy3mmaloq6gqkwg55m,XdQuantity,How long since you had colonoscopy,not carried into the second build: a column outside the scope of docs/design/FAIR-Demo-2-PRD.md section 3; the first build's model that composes it stays published,,accept,"Tim 2026-09-26: PRD approved, all seven models"
dl82xqhk094xppoqmyf4zazk,XdQuantity,How long since you had sigmoidoscopy,not carried into the second build: a column outside the scope of docs/design/FAIR-Demo-2-PRD.md section 3; the first build's model that composes it stays published,,accept,"Tim 2026-09-26: PRD approved, all seven models"
d8g14d48fmwyuwmo6ol4n2ff,XdQuantity,How long since you had stool DNA,not carried into the second build: a column outside the scope of docs/design/FAIR-Demo-2-PRD.md section 3; the first build's model that composes it stays published,,accept,"Tim 2026-09-26: PRD approved, all seven models"
wjkh4ufiou9lj9a5tyy4syxr,XdQuantity,How long since you had stool test?,not carried into the second build: a column outside the scope of docs/design/FAIR-Demo-2-PRD.md section 3; the first build's model that composes it stays published,,accept,"Tim 2026-09-26: PRD approved, all seven models"
c2tuvvxiwv53ls1ecwda9pgx,XdQuantity,How long since you had virtual colonoscopy,not carried into the second build: a column outside the scope of docs/design/FAIR-Demo-2-PRD.md section 3; the first build's model that composes it stays published,,accept,"Tim 2026-09-26: PRD approved, all seven models"
k4eq7gidk594zwtqm4qhjm0v,XdQuantity,How long were you able to stop smoking,not carried into the second build: a column outside the scope of docs/design/FAIR-Demo-2-PRD.md section 3; the first build's model that composes it stays published,,accept,"Tim 2026-09-26: PRD approved, all seven models"
ngn0wr2ytu8xpzuxklavcre4,XdQuantity,How many days smoked a cigar?,not carried into the second build: a column outside the scope of docs/design/FAIR-Demo-2-PRD.md section 3; the first build's model that composes it stays published,,accept,"Tim 2026-09-26: PRD approved, all seven models"
is19mkxwui57if0fs0yeix4r,XdQuantity,How many days used an e-cigarette?,not carried into the second build: a column outside the scope of docs/design/FAIR-Demo-2-PRD.md section 3; the first build's model that composes it stays published,,accept,"Tim 2026-09-26: PRD approved, all seven models"
lfmveyjwfqw4at7u43gr91ga,XdQuantity,How many days used smokeless tobacco?,not carried into the second build: a column outside the scope of docs/design/FAIR-Demo-2-PRD.md section 3; the first build's model that composes it stays published,,accept,"Tim 2026-09-26: PRD approved, all seven models"
gr00kh5zypw1act27nftz6b5,XdQuantity,How Much Time Do You Sleep,not carried into the second build: a column outside the scope of docs/design/FAIR-Demo-2-PRD.md section 3; the first build's model that composes it stays published,,accept,"Tim 2026-09-26: PRD approved, all seven models"
xj10pq8yqj15jobn2rls5sfk,XdQuantity,"How often did the food that you bought not last, and you didn’t have money to get more?",not carried into the second build: a column outside the scope of docs/design/FAIR-Demo-2-PRD.md section 3; the first build's model that composes it stays published,,accept,"Tim 2026-09-26: PRD approved, all seven models"
v89n2d14hmqbgqtqu0vsnuvs,XdQuantity,How often do you feel socially isolated from others?,not carried into the second build: a column outside the scope of docs/design/FAIR-Demo-2-PRD.md section 3; the first build's model that composes it stays published,,accept,"Tim 2026-09-26: PRD approved, all seven models"
tm6qbqbub7ktmyexk20ahkmt,XdQuantity,How often get emotional support needed,not carried into the second build: a column outside the scope of docs/design/FAIR-Demo-2-PRD.md section 3; the first build's model that composes it stays published,,accept,"Tim 2026-09-26: PRD approved, all seven models"
h7u79noyxpl9b95xpjbw87rt,XdQuantity,How often have you felt this kind of stress?,not carried into the second build: a column outside the scope of docs/design/FAIR-Demo-2-PRD.md section 3; the first build's model that composes it stays published,,accept,"Tim 2026-09-26: PRD approved, all seven models"
j7k4xrxmqzldwrktkmh4ta6o,XdQuantity,How old when you first started smoking?,not carried into the second build: a column outside the scope of docs/design/FAIR-Demo-2-PRD.md section 3; the first build's model that composes it stays published,,accept,"Tim 2026-09-26: PRD approved, all seven models"
btd6ocozlnfl7l7lrest4imw,XdQuantity,How old when you last smoked?,not carried into the second build: a column outside the scope of docs/design/FAIR-Demo-2-PRD.md section 3; the first build's model that composes it stays published,,accept,"Tim 2026-09-26: PRD approved, all seven models"
wr8u7ufbprd8wdzgnc9jzsej,XdQuantity,How soon after waking do you smoke,not carried into the second build: a column outside the scope of docs/design/FAIR-Demo-2-PRD.md section 3; the first build's model that composes it stays published,,accept,"Tim 2026-09-26: PRD approved, all seven models"
uwsuwdkqzx3qgrb0e7l9l9gq,XdQuantity,Imputed race/ethnicity value,not carried into the second build: a column outside the scope of docs/design/FAIR-Demo-2-PRD.md section 3; the first build's model that composes it stays published,,accept,"Tim 2026-09-26: PRD approved, all seven models"
s40zfe8vuotonl030ei82ydn,XdQuantity,Inpatient Annual Beneficiary Responsibility,not carried into the second build: a column outside the scope of docs/design/FAIR-Demo-2-PRD.md section 3; the first build's model that composes it stays published,,accept,"Tim 2026-09-26: PRD approved, all seven models"
g72advg02to55d601h0befuz,XdQuantity,Inpatient Annual Medicare Reimbursement,not carried into the second build: a column outside the scope of docs/design/FAIR-Demo-2-PRD.md section 3; the first build's model that composes it stays published,,accept,"Tim 2026-09-26: PRD approved, all seven models"
fp1zcln4hx9qg0oiktsphmbh,XdQuantity,Inpatient Annual Primary Payer Reimbursement,not carried into the second build: a column outside the scope of docs/design/FAIR-Demo-2-PRD.md section 3; the first build's model that composes it stays published,,accept,"Tim 2026-09-26: PRD approved, all seven models"
u7zxxfdswq89hadusvew9js9,XdQuantity,Inpatient Deductible Amount,not carried into the second build: a column outside the scope of docs/design/FAIR-Demo-2-PRD.md section 3; the first build's model that composes it stays published,,accept,"Tim 2026-09-26: PRD approved, all seven models"
b82ew5gxqgkopq36bgcii7i3,XdQuantity,Language identifier,not carried into the second build: a column outside the scope of docs/design/FAIR-Demo-2-PRD.md section 3; the first build's model that composes it stays published,,accept,"Tim 2026-09-26: PRD approved, all seven models"
g08fesmv5932t9ttnlnkdjc2,XdQuantity,Leisure Time Physical Activity Calculated Variable,not carried into the second build: a column outside the scope of docs/design/FAIR-Demo-2-PRD.md section 3; the first build's model that composes it stays published,,accept,"Tim 2026-09-26: PRD approved, all seven models"
ov28sjh0pxd674if30q7ejy1,XdQuantity,Length of time since last routine checkup,not carried into the second build: a column outside the scope of docs/design/FAIR-Demo-2-PRD.md section 3; the first build's model that composes it stays published,,accept,"Tim 2026-09-26: PRD approved, all seven models"
vk4tsi4kiidtkhv69u6icsxx,XdQuantity,Lifetime Asthma Calculated Variable,not carried into the second build: a column outside the scope of docs/design/FAIR-Demo-2-PRD.md section 3; the first build's model that composes it stays published,,accept,"Tim 2026-09-26: PRD approved, all seven models"
mpiygyxvppedk0xhxqx943ib,XdQuantity,Limitations keeping you from working,not carried into the second build: a column outside the scope of docs/design/FAIR-Demo-2-PRD.md section 3; the first build's model that composes it stays published,,accept,"Tim 2026-09-26: PRD approved, all seven models"
jv86ecr3oq594jsmaqo02ov8,XdQuantity,Liver condition: Fatty liver,not carried into the second build: a column outside the scope of docs/design/FAIR-Demo-2-PRD.md section 3; the first build's model that composes it stays published,,accept,"Tim 2026-09-26: PRD approved, all seven models"
dung3kq1w1qqq7lww5i57zoe,XdQuantity,Liver condition: Other liver disease,not carried into the second build: a column outside the scope of docs/design/FAIR-Demo-2-PRD.md section 3; the first build's model that composes it stays published,,accept,"Tim 2026-09-26: PRD approved, all seven models"
xd76ggz9qpdxwr7ccfp9sky9,XdQuantity,Lung cancer screening recommendation status,not carried into the second build: a column outside the scope of docs/design/FAIR-Demo-2-PRD.md section 3; the first build's model that composes it stays published,,accept,"Tim 2026-09-26: PRD approved, all seven models"
ygkq39us9xtloltx57jamubo,XdQuantity,Lymphocyte number (1000 cells/uL),not carried into the second build: a column outside the scope of docs/design/FAIR-Demo-2-PRD.md section 3; the first build's model that composes it stays published,,accept,"Tim 2026-09-26: PRD approved, all seven models"
sk96k4xevzowaqcfaz67bbs3,XdQuantity,Lymphocyte percent (%),not carried into the second build: a column outside the scope of docs/design/FAIR-Demo-2-PRD.md section 3; the first build's model that composes it stays published,,accept,"Tim 2026-09-26: PRD approved, all seven models"
a70pyanqcjqlhcwvc5eos3j7,XdQuantity,May I please see the pack of cigarettes,not carried into the second build: a column outside the scope of docs/design/FAIR-Demo-2-PRD.md section 3; the first build's model that composes it stays published,,accept,"Tim 2026-09-26: PRD approved, all seven models"
ao6k5d25ntvc2uz6jwf1egtv,XdQuantity,Mean cell hemoglobin (pg),not carried into the second build: a column outside the scope of docs/design/FAIR-Demo-2-PRD.md section 3; the first build's model that composes it stays published,,accept,"Tim 2026-09-26: PRD approved, all seven models"
xbht4od2h5gl1dtnhe16rchf,XdQuantity,Mean Cell Hgb Conc. (g/dL),not carried into the second build: a column outside the scope of docs/design/FAIR-Demo-2-PRD.md section 3; the first build's model that composes it stays published,,accept,"Tim 2026-09-26: PRD approved, all seven models"
elmfdm52ydpq9bh1gvzco95v,XdQuantity,Mean cell volume (fL),not carried into the second build: a column outside the scope of docs/design/FAIR-Demo-2-PRD.md section 3; the first build's model that composes it stays published,,accept,"Tim 2026-09-26: PRD approved, all seven models"
jycfm08zsgre1peqtr0mfs87,XdQuantity,Mean platelet volume (fL),not carried into the second build: a column outside the scope of docs/design/FAIR-Demo-2-PRD.md section 3; the first build's model that composes it stays published,,accept,"Tim 2026-09-26: PRD approved, all seven models"
c19ybupdwtx82bwthb3wgvh8,XdQuantity,Metropolitan Status,not carried into the second build: a column outside the scope of docs/design/FAIR-Demo-2-PRD.md section 3; the first build's model that composes it stays published,,accept,"Tim 2026-09-26: PRD approved, all seven models"
rj05dj4174czin8ffhpj6czm,XdQuantity,Metropolitan Status Code,not carried into the second build: a column outside the scope of docs/design/FAIR-Demo-2-PRD.md section 3; the first build's model that composes it stays published,,accept,"Tim 2026-09-26: PRD approved, all seven models"
lgzkb3bg6a5zu6lkfs0biwiu,XdQuantity,MIL: maximum inflation levels (mm Hg),covered by nhanes-maximum-inflation-level,nhanes-maximum-inflation-level,accept,"Tim 2026-09-26: PRD approved, all seven models"
lqweugttyqvy0ioz5b4f95pf,XdQuantity,Monocyte number (1000 cells/uL),not carried into the second build: a column outside the scope of docs/design/FAIR-Demo-2-PRD.md section 3; the first build's model that composes it stays published,,accept,"Tim 2026-09-26: PRD approved, all seven models"
cth1j00jwyrngveovrybsf8t,XdQuantity,Month and Year of Last HIV Test,not carried into the second build: a column outside the scope of docs/design/FAIR-Demo-2-PRD.md section 3; the first build's model that composes it stays published,,accept,"Tim 2026-09-26: PRD approved, all seven models"
fw86gigqgr4iapyg5pzj8q0w,XdQuantity,Most drinks on single occasion past 30 days,not carried into the second build: a column outside the scope of docs/design/FAIR-Demo-2-PRD.md section 3; the first build's model that composes it stays published,,accept,"Tim 2026-09-26: PRD approved, all seven models"
vksufta7tnxdlfxg7cvduqdk,XdQuantity,Nucleated red blood cells (/100 WBC),not carried into the second build: a column outside the scope of docs/design/FAIR-Demo-2-PRD.md section 3; the first build's model that composes it stays published,,accept,"Tim 2026-09-26: PRD approved, all seven models"
b0z9vv9kibdiy5dv2t0s1n6x,XdQuantity,Number of Adults in Household,not carried into the second build: a column outside the scope of docs/design/FAIR-Demo-2-PRD.md section 3; the first build's model that composes it stays published,,accept,"Tim 2026-09-26: PRD approved, all seven models"
geghojpnfz8fpgu0hqdxg39a,XdQuantity,Number of Children in Household,not carried into the second build: a column outside the scope of docs/design/FAIR-Demo-2-PRD.md section 3; the first build's model that composes it stays published,,accept,"Tim 2026-09-26: PRD approved, all seven models"
rk7l5zpqt18pdw3eusv0u7nb,XdQuantity,Number of Days Mental Health Not Good,not carried into the second build: a column outside the scope of docs/design/FAIR-Demo-2-PRD.md section 3; the first build's model that composes it stays published,,accept,"Tim 2026-09-26: PRD approved, all seven models"
tab7sz3efawip1rxpoc3cbyg,XdQuantity,Number of Days Physical Health Not Good,not carried into the second build: a column outside the scope of docs/design/FAIR-Demo-2-PRD.md section 3; the first build's model that composes it stays published,,accept,"Tim 2026-09-26: PRD approved, all seven models"
a4gsbuoc8ezh2a2wsf1tlhnk,XdQuantity,Number of days taken medicine,covered by nhanes-days-taken-medicine,nhanes-days-taken-medicine,accept,"Tim 2026-09-26: PRD approved, all seven models"
dvbxvzqf7yn0f7ptfp8arv1e,XdQuantity,Number of packs of cigarettes smoked per day,not carried into the second build: a column outside the scope of docs/design/FAIR-Demo-2-PRD.md section 3; the first build's model that composes it stays published,,accept,"Tim 2026-09-26: PRD approved, all seven models"
g8fzdlcyy0kvareyxwggmder,XdQuantity,Number of years since quit smoking cigarettes,not carried into the second build: a column outside the scope of docs/design/FAIR-Demo-2-PRD.md section 3; the first build's model that composes it stays published,,accept,"Tim 2026-09-26: PRD approved, all seven models"
yvwjq2pn15fkdcjk4crfyg9n,XdQuantity,Number of years smoked cigarettes,not carried into the second build: a column outside the scope of docs/design/FAIR-Demo-2-PRD.md section 3; the first build's model that composes it stays published,,accept,"Tim 2026-09-26: PRD approved, all seven models"
jdbbi0ur0baxthg1wv1h8r9h,XdQuantity,NUMPHON4,not carried into the second build: a column outside the scope of docs/design/FAIR-Demo-2-PRD.md section 3; the first build's model that composes it stays published,,accept,"Tim 2026-09-26: PRD approved, all seven models"
o9tv75s6ipl92pgqggkkmm6i,XdQuantity,"On average, how many cigarettes do you smoke each day?",not carried into the second build: a column outside the scope of docs/design/FAIR-Demo-2-PRD.md section 3; the first build's model that composes it stays published,,accept,"Tim 2026-09-26: PRD approved, all seven models"
vb9tdi30dopcbfdiwekwwmkv,XdQuantity,Outpatient Annual Beneficiary Responsibility,not carried into the second build: a column outside the scope of docs/design/FAIR-Demo-2-PRD.md section 3; the first build's model that composes it stays published,,accept,"Tim 2026-09-26: PRD approved, all seven models"
j83j13loyym0u0u1qpu817tj,XdQuantity,Outpatient Annual Medicare Reimbursement,not carried into the second build: a column outside the scope of docs/design/FAIR-Demo-2-PRD.md section 3; the first build's model that composes it stays published,,accept,"Tim 2026-09-26: PRD approved, all seven models"
so5u2az6xi65w1r8l1wm7yla,XdQuantity,Outpatient Annual Primary Payer Reimbursement,not carried into the second build: a column outside the scope of docs/design/FAIR-Demo-2-PRD.md section 3; the first build's model that composes it stays published,,accept,"Tim 2026-09-26: PRD approved, all seven models"
kdqiqq2lo2phonxs7g9v1jc7,XdQuantity,Overweight or obese calculated variable,not carried into the second build: a column outside the scope of docs/design/FAIR-Demo-2-PRD.md section 3; the first build's model that composes it stays published,,accept,"Tim 2026-09-26: PRD approved, all seven models"
vtlpqqyck51hm8dofn4ozebu,XdQuantity,Own or Rent Home,not carried into the second build: a column outside the scope of docs/design/FAIR-Demo-2-PRD.md section 3; the first build's model that composes it stays published,,accept,"Tim 2026-09-26: PRD approved, all seven models"
m7sw0r8fyakfp69xr03ou2ew,XdQuantity,Part A Coinsurance Liability Amount,not carried into the second build: a column outside the scope of docs/design/FAIR-Demo-2-PRD.md section 3; the first build's model that composes it stays published,,accept,"Tim 2026-09-26: PRD approved, all seven models"
ytjmfsqg2yrwi6r6gwcgg0k1,XdQuantity,Part B Coinsurance Amount,not carried into the second build: a column outside the scope of docs/design/FAIR-Demo-2-PRD.md section 3; the first build's model that composes it stays published,,accept,"Tim 2026-09-26: PRD approved, all seven models"
lt6gjz0ljidgd52dj6jmt84p,XdQuantity,Part B Deductible Amount,not carried into the second build: a column outside the scope of docs/design/FAIR-Demo-2-PRD.md section 3; the first build's model that composes it stays published,,accept,"Tim 2026-09-26: PRD approved, all seven models"
c4sic57q44hgzdqcdlpqn8im,XdQuantity,Patient Payment Amount,covered by cms-patient-pay-amount,cms-patient-pay-amount,accept,"Tim 2026-09-26: PRD approved, all seven models"
ulzdn089gwljgzcgnz5wugjq,XdQuantity,Platelet count (1000 cells/uL),not carried into the second build: a column outside the scope of docs/design/FAIR-Demo-2-PRD.md section 3; the first build's model that composes it stays published,,accept,"Tim 2026-09-26: PRD approved, all seven models"
zc8jxydcyygfwfp157gcomyr,XdQuantity,Pneumonia shot ever,not carried into the second build: a column outside the scope of docs/design/FAIR-Demo-2-PRD.md section 3; the first build's model that composes it stays published,,accept,"Tim 2026-09-26: PRD approved, all seven models"
u4s8orhlyo4kdbxvycphrni4,XdQuantity,Pneumonia Vaccination Calculated Variable,not carried into the second build: a column outside the scope of docs/design/FAIR-Demo-2-PRD.md section 3; the first build's model that composes it stays published,,accept,"Tim 2026-09-26: PRD approved, all seven models"
g8fg7olxlnoxqu35uup7tgz5,XdQuantity,Poor Physical or Mental Health,not carried into the second build: a column outside the scope of docs/design/FAIR-Demo-2-PRD.md section 3; the first build's model that composes it stays published,,accept,"Tim 2026-09-26: PRD approved, all seven models"
p4199myntpqsbe2km8bltifm,XdQuantity,Preferred Child Race Categories,not carried into the second build: a column outside the scope of docs/design/FAIR-Demo-2-PRD.md section 3; the first build's model that composes it stays published,,accept,"Tim 2026-09-26: PRD approved, all seven models"
gp8pll5nz09c494ffc228z7g,XdQuantity,Primary Payer Claim Paid Amount,not carried into the second build: a column outside the scope of docs/design/FAIR-Demo-2-PRD.md section 3; the first build's model that composes it stays published,,accept,"Tim 2026-09-26: PRD approved, all seven models"
gtkt68khi07hxu9yu84n3y5x,XdQuantity,Primary Sampling Unit,not carried into the second build: a column outside the scope of docs/design/FAIR-Demo-2-PRD.md section 3; the first build's model that composes it stays published,,accept,"Tim 2026-09-26: PRD approved, all seven models"
r3z244d1848mzcp4dgdvixya,XdQuantity,Private Residence?,not carried into the second build: a column outside the scope of docs/design/FAIR-Demo-2-PRD.md section 3; the first build's model that composes it stays published,,accept,"Tim 2026-09-26: PRD approved, all seven models"
h4hkyyiheeykkxzw5ky8ztfi,XdQuantity,Quantity Dispensed,covered by cms-quantity-dispensed,cms-quantity-dispensed,accept,"Tim 2026-09-26: PRD approved, all seven models"
l46m9c5jnvc6c7ybq4y1llur,XdQuantity,Questionnaire Version Identifier,not carried into the second build: a column outside the scope of docs/design/FAIR-Demo-2-PRD.md section 3; the first build's model that composes it stays published,,accept,"Tim 2026-09-26: PRD approved, all seven models"
ps2aikhmpjyexahgjpsbg8u5,XdQuantity,_RACEG22,not carried into the second build: a column outside the scope of docs/design/FAIR-Demo-2-PRD.md section 3; the first build's model that composes it stays published,,accept,"Tim 2026-09-26: PRD approved, all seven models"
sftykmoinqwwt7h7ephae16b,XdQuantity,Raw weighting factor used in raking,not carried into the second build: a column outside the scope of docs/design/FAIR-Demo-2-PRD.md section 3; the first build's model that composes it stays published,,accept,"Tim 2026-09-26: PRD approved, all seven models"
kul4r6vvyezdcl2qude5rf81,XdQuantity,Received Tetanus Shot Since 2005?,not carried into the second build: a column outside the scope of docs/design/FAIR-Demo-2-PRD.md section 3; the first build's model that composes it stays published,,accept,"Tim 2026-09-26: PRD approved, all seven models"
vmi90xbr3n9aj891p04b1y9p,XdQuantity,Receive special ed or early intervention,not carried into the second build: a column outside the scope of docs/design/FAIR-Demo-2-PRD.md section 3; the first build's model that composes it stays published,,accept,"Tim 2026-09-26: PRD approved, all seven models"
tskajnzne1inq5x93v11mc09,XdQuantity,Red blood cell count (million cells/uL),not carried into the second build: a column outside the scope of docs/design/FAIR-Demo-2-PRD.md section 3; the first build's model that composes it stays published,,accept,"Tim 2026-09-26: PRD approved, all seven models"
ff75rq9ofn5cwaobgmo8a87x,XdQuantity,Relationship to child,not carried into the second build: a column outside the scope of docs/design/FAIR-Demo-2-PRD.md section 3; the first build's model that composes it stays published,,accept,"Tim 2026-09-26: PRD approved, all seven models"
kiz9jxkrvz0m0bkcmi1qukd9,XdQuantity,Reported age in five-year age categories calculated variable,not carried into the second build: a column outside the scope of docs/design/FAIR-Demo-2-PRD.md section 3; the first build's model that composes it stays published,,accept,"Tim 2026-09-26: PRD approved, all seven models"
e8c5osoaws34c5r3t3gakuda,XdQuantity,Reported age in two age groups calculated variable,not carried into the second build: a column outside the scope of docs/design/FAIR-Demo-2-PRD.md section 3; the first build's model that composes it stays published,,accept,"Tim 2026-09-26: PRD approved, all seven models"
lsg40pxxdf4xyuqjr900tphr,XdQuantity,Require special healthcare equipment,not carried into the second build: a column outside the scope of docs/design/FAIR-Demo-2-PRD.md section 3; the first build's model that composes it stays published,,accept,"Tim 2026-09-26: PRD approved, all seven models"
tfodnjhefshn6eyktvsby72p,XdQuantity,Resident of State,not carried into the second build: a column outside the scope of docs/design/FAIR-Demo-2-PRD.md section 3; the first build's model that composes it stays published,,accept,"Tim 2026-09-26: PRD approved, all seven models"
pty3rjlewg4knst4ypku1h5u,XdQuantity,Respondents aged 18-64 with health insurance,not carried into the second build: a column outside the scope of docs/design/FAIR-Demo-2-PRD.md section 3; the first build's model that composes it stays published,,accept,"Tim 2026-09-26: PRD approved, all seven models"
evw8skku4jwuat34o4svx2ou,XdQuantity,Respondents aged 45-75 who have fully met the USPSTF recommendations,not carried into the second build: a column outside the scope of docs/design/FAIR-Demo-2-PRD.md section 3; the first build's model that composes it stays published,,accept,"Tim 2026-09-26: PRD approved, all seven models"
b1g6i3z6udq8ykptzdb07fbx,XdQuantity,Respondents aged 45-75 who have had a colonoscopy within the past ten years,not carried into the second build: a column outside the scope of docs/design/FAIR-Demo-2-PRD.md section 3; the first build's model that composes it stays published,,accept,"Tim 2026-09-26: PRD approved, all seven models"
zxp8egi7ueot42wxmp5jjmgp,XdQuantity,Respondents aged 45-75 who have had a sigmoidoscopy within the past five years,not carried into the second build: a column outside the scope of docs/design/FAIR-Demo-2-PRD.md section 3; the first build's model that composes it stays published,,accept,"Tim 2026-09-26: PRD approved, all seven models"
scdi1amd3bm05wh2z3d2jw35,XdQuantity,Respondents aged 45-75 who have had a sigmoidoscopy within the past ten years,not carried into the second build: a column outside the scope of docs/design/FAIR-Demo-2-PRD.md section 3; the first build's model that composes it stays published,,accept,"Tim 2026-09-26: PRD approved, all seven models"
hv21s7uvhscg9b3dswxcdy8x,XdQuantity,Respondents aged 45-75 who have had a stool DNA test within the past three years,not carried into the second build: a column outside the scope of docs/design/FAIR-Demo-2-PRD.md section 3; the first build's model that composes it stays published,,accept,"Tim 2026-09-26: PRD approved, all seven models"
n3axm1c3105qrdfvdw24kewf,XdQuantity,Respondents aged 45-75 who have had a stool test within the past year,not carried into the second build: a column outside the scope of docs/design/FAIR-Demo-2-PRD.md section 3; the first build's model that composes it stays published,,accept,"Tim 2026-09-26: PRD approved, all seven models"
ycdwg4m4kxkw53jci21dq2qz,XdQuantity,Respondents aged 45-75 who have had a virtual colonoscopy within the past five years,not carried into the second build: a column outside the scope of docs/design/FAIR-Demo-2-PRD.md section 3; the first build's model that composes it stays published,,accept,"Tim 2026-09-26: PRD approved, all seven models"
m8ybhe4mpa7t2sbeemyjwd7b,XdQuantity,Respondents diagnosed with arthritis,not carried into the second build: a column outside the scope of docs/design/FAIR-Demo-2-PRD.md section 3; the first build's model that composes it stays published,,accept,"Tim 2026-09-26: PRD approved, all seven models"
mx4i08uxaqywkrcsl2jjyo27,XdQuantity,Respondent selection,not carried into the second build: a column outside the scope of docs/design/FAIR-Demo-2-PRD.md section 3; the first build's model that composes it stays published,,accept,"Tim 2026-09-26: PRD approved, all seven models"
uwvzyp9t2pmr1qfdya77bgop,XdQuantity,Sample Design Stratification Variable,not carried into the second build: a column outside the scope of docs/design/FAIR-Demo-2-PRD.md section 3; the first build's model that composes it stays published,,accept,"Tim 2026-09-26: PRD approved, all seven models"
h8kfx67pxsxeih53lgcs4f7x,XdQuantity,Satisfaction with life,not carried into the second build: a column outside the scope of docs/design/FAIR-Demo-2-PRD.md section 3; the first build's model that composes it stays published,,accept,"Tim 2026-09-26: PRD approved, all seven models"
nw6d0xc4mm6q6y73sls6bns8,XdQuantity,_SBONTI1,not carried into the second build: a column outside the scope of docs/design/FAIR-Demo-2-PRD.md section 3; the first build's model that composes it stays published,,accept,"Tim 2026-09-26: PRD approved, all seven models"
gsmbpczyk21ujyv8ah4mii07,XdQuantity,Segmented neutrophils num (1000 cell/uL),not carried into the second build: a column outside the scope of docs/design/FAIR-Demo-2-PRD.md section 3; the first build's model that composes it stays published,,accept,"Tim 2026-09-26: PRD approved, all seven models"
fiztob9fqn7o42ag18qfzimr,XdQuantity,Segmented neutrophils percent (%),not carried into the second build: a column outside the scope of docs/design/FAIR-Demo-2-PRD.md section 3; the first build's model that composes it stays published,,accept,"Tim 2026-09-26: PRD approved, all seven models"
vdgjhn7ciuuywzvp2jfkyrgr,XdQuantity,Sex of Respondent,not carried into the second build: a column outside the scope of docs/design/FAIR-Demo-2-PRD.md section 3; the first build's model that composes it stays published,,accept,"Tim 2026-09-26: PRD approved, all seven models"
u002kli6alzd8v0t36l4c7ia,XdQuantity,Smoked at Least 100 Cigarettes,not carried into the second build: a column outside the scope of docs/design/FAIR-Demo-2-PRD.md section 3; the first build's model that composes it stays published,,accept,"Tim 2026-09-26: PRD approved, all seven models"
g2ngth6miv9vqo5l0anfbc6d,XdQuantity,Smoked at least 100 cigarettes in life,not carried into the second build: a column outside the scope of docs/design/FAIR-Demo-2-PRD.md section 3; the first build's model that composes it stays published,,accept,"Tim 2026-09-26: PRD approved, all seven models"
iuiai6aix5ex5dxhf66wmdnn,XdQuantity,Smoking Group,not carried into the second build: a column outside the scope of docs/design/FAIR-Demo-2-PRD.md section 3; the first build's model that composes it stays published,,accept,"Tim 2026-09-26: PRD approved, all seven models"
r6djyxiaf0ukk9s4d65siv7b,XdQuantity,Still have asthma,not carried into the second build: a column outside the scope of docs/design/FAIR-Demo-2-PRD.md section 3; the first build's model that composes it stays published,,accept,"Tim 2026-09-26: PRD approved, all seven models"
cbyv0b85l3a6oun9hrfvfc77,XdQuantity,Still Have Asthma,not carried into the second build: a column outside the scope of docs/design/FAIR-Demo-2-PRD.md section 3; the first build's model that composes it stays published,,accept,"Tim 2026-09-26: PRD approved, all seven models"
sysmf6lhzcsxa250r8k6mfye,XdQuantity,Stratum weight,not carried into the second build: a column outside the scope of docs/design/FAIR-Demo-2-PRD.md section 3; the first build's model that composes it stays published,,accept,"Tim 2026-09-26: PRD approved, all seven models"
imrhad1ziiactitsimpfvl7i,XdQuantity,"Taken prescription medicine, past month",covered by nhanes-taken-prescription-past-month,nhanes-taken-prescription-past-month,accept,"Tim 2026-09-26: PRD approved, all seven models"
ejrk3v5dkeq3idqmot530b9i,XdQuantity,Time since last cervical cancer screening test,not carried into the second build: a column outside the scope of docs/design/FAIR-Demo-2-PRD.md section 3; the first build's model that composes it stays published,,accept,"Tim 2026-09-26: PRD approved, all seven models"
tp0yliyg0iapsl1lfpmf4x44,XdQuantity,Time Since Last Sigmoidoscopy/Colonoscopy,not carried into the second build: a column outside the scope of docs/design/FAIR-Demo-2-PRD.md section 3; the first build's model that composes it stays published,,accept,"Tim 2026-09-26: PRD approved, all seven models"
k6w0681z4mwyrqdedx6xwbqi,XdQuantity,# times stopped smoking cigarettes,not carried into the second build: a column outside the scope of docs/design/FAIR-Demo-2-PRD.md section 3; the first build's model that composes it stays published,,accept,"Tim 2026-09-26: PRD approved, all seven models"
t7etyaw9aoo5js2iigo7ci4k,XdQuantity,Told Had Arthritis,not carried into the second build: a column outside the scope of docs/design/FAIR-Demo-2-PRD.md section 3; the first build's model that composes it stays published,,accept,"Tim 2026-09-26: PRD approved, all seven models"
a8y763jfyz6aornu8rho66m8,XdQuantity,Total Cholesterol (mg/dL),covered by nhanes-total-cholesterol,nhanes-total-cholesterol,accept,"Tim 2026-09-26: PRD approved, all seven models"
xzvtlbk1plfbhcyfo5oi5oon,XdQuantity,Total Cholesterol (mmol/L),covered by nhanes-total-cholesterol-si,nhanes-total-cholesterol-si,accept,"Tim 2026-09-26: PRD approved, all seven models"
epdophh67jdmmj9nfstmts73,XdQuantity,Total Prescription Cost,covered by cms-total-prescription-cost,cms-total-prescription-cost,accept,"Tim 2026-09-26: PRD approved, all seven models"
zkf2w6zt1whi9pg0c2ze44gn,XdQuantity,Tried to quit smoking,not carried into the second build: a column outside the scope of docs/design/FAIR-Demo-2-PRD.md section 3; the first build's model that composes it stays published,,accept,"Tim 2026-09-26: PRD approved, all seven models"
nwu0goway06eko1330nmzld3,XdQuantity,Truncated design weight used in adult combined land line and cell phone raking,not carried into the second build: a column outside the scope of docs/design/FAIR-Demo-2-PRD.md section 3; the first build's model that composes it stays published,,accept,"Tim 2026-09-26: PRD approved, all seven models"
uxt0syecap4httatv2xp561c,XdQuantity,Unit of measure (day/week/month/year),not carried into the second build: a column outside the scope of docs/design/FAIR-Demo-2-PRD.md section 3; the first build's model that composes it stays published,,accept,"Tim 2026-09-26: PRD approved, all seven models"
in1vyhrj2lin6suyahubjt70,XdQuantity,Unit of measure (day/week/month/year),not carried into the second build: a column outside the scope of docs/design/FAIR-Demo-2-PRD.md section 3; the first build's model that composes it stays published,,accept,"Tim 2026-09-26: PRD approved, all seven models"
ovx6gyqvueucw9b411cf7rxk,XdQuantity,Urban/Rural Status,not carried into the second build: a column outside the scope of docs/design/FAIR-Demo-2-PRD.md section 3; the first build's model that composes it stays published,,accept,"Tim 2026-09-26: PRD approved, all seven models"
byx6ancbrdf1defuxrnuiea4,XdQuantity,Use of Smokeless Tobacco Products,not carried into the second build: a column outside the scope of docs/design/FAIR-Demo-2-PRD.md section 3; the first build's model that composes it stays published,,accept,"Tim 2026-09-26: PRD approved, all seven models"
wowgwgepvbc72qjtwiwwqc1d,XdQuantity,Was test part of Cologuard test?,not carried into the second build: a column outside the scope of docs/design/FAIR-Demo-2-PRD.md section 3; the first build's model that composes it stays published,,accept,"Tim 2026-09-26: PRD approved, all seven models"
vi7847or65i9og3dm8te7or5,XdQuantity,Were any CT or CAT scans done to check for lung cancer?,not carried into the second build: a column outside the scope of docs/design/FAIR-Demo-2-PRD.md section 3; the first build's model that composes it stays published,,accept,"Tim 2026-09-26: PRD approved, all seven models"
gl85yi2b3q7vjgiiw8zwtah2,XdQuantity,Were you not able to pay utility bills or threatened to lose service?,not carried into the second build: a column outside the scope of docs/design/FAIR-Demo-2-PRD.md section 3; the first build's model that composes it stays published,,accept,"Tim 2026-09-26: PRD approved, all seven models"
md50o8pxrqv20zcc93ceggt6,XdQuantity,Were you not able to pay your bills?,not carried into the second build: a column outside the scope of docs/design/FAIR-Demo-2-PRD.md section 3; the first build's model that composes it stays published,,accept,"Tim 2026-09-26: PRD approved, all seven models"
kkbi2oiji4pzsscw7knjufz0,XdQuantity,What is Primary Source of Health Insurance?,not carried into the second build: a column outside the scope of docs/design/FAIR-Demo-2-PRD.md section 3; the first build's model that composes it stays published,,accept,"Tim 2026-09-26: PRD approved, all seven models"
xefrxnk88eu0eyx1k6k1oblf,XdQuantity,When did you have your most recent CT or CAT scan?,not carried into the second build: a column outside the scope of docs/design/FAIR-Demo-2-PRD.md section 3; the first build's model that composes it stays published,,accept,"Tim 2026-09-26: PRD approved, all seven models"
vbgy4f7ipcq79hnjr3yn44fo,XdQuantity,When did you receive your most recent seasonal flu shot/spray?,not carried into the second build: a column outside the scope of docs/design/FAIR-Demo-2-PRD.md section 3; the first build's model that composes it stays published,,accept,"Tim 2026-09-26: PRD approved, all seven models"
mxt11wj5m6tguf260qxdwoqf,XdQuantity,Where was the most uncomfortable pain,not carried into the second build: a column outside the scope of docs/design/FAIR-Demo-2-PRD.md section 3; the first build's model that composes it stays published,,accept,"Tim 2026-09-26: PRD approved, all seven models"
xzb4i6r8oqlfv6m8ml7ali8o,XdQuantity,Which type of arthritis was it?,not carried into the second build: a column outside the scope of docs/design/FAIR-Demo-2-PRD.md section 3; the first build's model that composes it stays published,,accept,"Tim 2026-09-26: PRD approved, all seven models"
ee0gptb3fsjqjxjwm0no71mi,XdQuantity,Which was the primary symptom that you experienced?,not carried into the second build: a column outside the scope of docs/design/FAIR-Demo-2-PRD.md section 3; the first build's model that composes it stays published,,accept,"Tim 2026-09-26: PRD approved, all seven models"
v0kvqr0u7yar3jejtpshsy2j,XdQuantity,White blood cell count (1000 cells/uL),not carried into the second build: a column outside the scope of docs/design/FAIR-Demo-2-PRD.md section 3; the first build's model that composes it stays published,,accept,"Tim 2026-09-26: PRD approved, all seven models"
jpd0xpalt83bo5wpz6ff689p,XdQuantity,Women respondents aged 40+ who have had a mammogram in the past two years,not carried into the second build: a column outside the scope of docs/design/FAIR-Demo-2-PRD.md section 3; the first build's model that composes it stays published,,accept,"Tim 2026-09-26: PRD approved, all seven models"
s65vqufhvjbi9co74x9gupsm,XdQuantity,Women respondents aged 50-74 that have had a mammogram in the past two years,not carried into the second build: a column outside the scope of docs/design/FAIR-Demo-2-PRD.md section 3; the first build's model that composes it stays published,,accept,"Tim 2026-09-26: PRD approved, all seven models"
rd06dge0m5z2u5s1if9u905b,Cluster,brfss,superseded by the study's data cluster of the second build,,accept,"Tim 2026-09-26: PRD approved, all seven models"
usgwubwsmi76ieeqapkp2ss1,Cluster,cms-beneficiary,superseded by the study's data cluster of the second build,,accept,"Tim 2026-09-26: PRD approved, all seven models"
ffnt4qrcrkncqo6uqohb2ojz,Cluster,cms-inpatient,superseded by the study's data cluster of the second build,,accept,"Tim 2026-09-26: PRD approved, all seven models"
rsg9ml37moqualgtlyesc2yo,Cluster,cms-outpatient,superseded by the study's data cluster of the second build,,accept,"Tim 2026-09-26: PRD approved, all seven models"
u7g1sa81glmh8ce7tqw6c54m,Cluster,cms-prescriptions,superseded by the study's data cluster of the second build,,accept,"Tim 2026-09-26: PRD approved, all seven models"
fha5l173r195kdvwcg59753k,Cluster,nhanes-blood-pressure,superseded by the study's data cluster of the second build,,accept,"Tim 2026-09-26: PRD approved, all seven models"
rpn1tks0yymm24e2vt3xlo0s,Cluster,nhanes-cbc,superseded by the study's data cluster of the second build,,accept,"Tim 2026-09-26: PRD approved, all seven models"
h32euhudcpt0wr4qdvugoke0,Cluster,nhanes-cholesterol,superseded by the study's data cluster of the second build,,accept,"Tim 2026-09-26: PRD approved, all seven models"
yrbebrafgd3sivfb4zosc4lq,Cluster,nhanes-medical-conditions,superseded by the study's data cluster of the second build,,accept,"Tim 2026-09-26: PRD approved, all seven models"
df4ef4clwf51373rjxnf7rul,Cluster,nhanes-medications,superseded by the study's data cluster of the second build,,accept,"Tim 2026-09-26: PRD approved, all seven models"
qgh9c0iri3qi4o22h96p9b62,Cluster,nhanes-physical-functioning,superseded by the study's data cluster of the second build,,accept,"Tim 2026-09-26: PRD approved, all seven models"
xkcna9ngqz966mv5k8kr0a7t,Cluster,nhanes-smoking,superseded by the study's data cluster of the second build,,accept,"Tim 2026-09-26: PRD approved, all seven models"
