model,ct_id,label,description,published,public,created,creator,links,members
XdBoolean,xzxwwep00bpagd3oc5mqzprm,Claim Line Segment,Segment number within the claim.,True,True,2026-03-25 15:09:58.963961+00:00,twcook@axius-sdc.com,rdfs:isDefinedBy https://www.cms.gov/data-research/statistics-trends-and-reports/medicare-claims-synthetic-public-use-files/cms-2008-2010-data-entrepreneurs-synthetic-public-use-file-de-synpuf|rdfs:isDefinedBy https://w3id.org/semanticarts/ns/ontology/gist/GeoSegment|dcterms:subject http://snomed.info/id/32485007,
XdBoolean,ujt1bpn5kgcrp58y6504jwq9,End-Stage Renal Disease Indicator,Indicator of whether the beneficiary has end-stage renal disease (ESRD).,True,True,2026-03-25 15:06:17.742829+00:00,twcook@axius-sdc.com,rdfs:isDefinedBy https://www.cms.gov/data-research/statistics-trends-and-reports/medicare-claims-synthetic-public-use-files/cms-2008-2010-data-entrepreneurs-synthetic-public-use-file-de-synpuf|rdfs:isDefinedBy https://schema.org/GovernmentBenefitsType|dcterms:subject http://snomed.info/id/184102003,
XdString,qj8zcwh3yx631s0cxjf8ec7s,2nd cancer - what kind was it?,NHANES 2017-2018: 2nd cancer - what kind was it?,True,True,2026-03-25 14:29:49.539852+00:00,twcook@axius-sdc.com,rdfs:isDefinedBy http://www.ontology-of-units-of-measure.org/resource/om-2/IMagnitude|rdfs:isDefinedBy https://wwwn.cdc.gov/nchs/nhanes/continuousnhanes/default.aspx?BeginYear=2017|dcterms:subject http://snomed.info/id/84100007,
XdString,rf4vmln0stawtlxqt7lfs34t,3rd cancer - what kind was it?,NHANES 2017-2018: 3rd cancer - what kind was it?,True,True,2026-03-25 14:29:49.562986+00:00,twcook@axius-sdc.com,rdfs:isDefinedBy http://www.ontology-of-units-of-measure.org/resource/om-2/IMagnitude|rdfs:isDefinedBy https://wwwn.cdc.gov/nchs/nhanes/continuousnhanes/default.aspx?BeginYear=2017|dcterms:subject http://snomed.info/id/84100007,
XdString,byet7dbnt5w4jzy026i1ra0r,Admitting Diagnosis Code (ICD-9-CM),ICD-9-CM diagnosis code for the principal reason for admission.,True,True,2026-03-25 15:09:59.025456+00:00,twcook@axius-sdc.com,rdfs:isDefinedBy https://www.cms.gov/data-research/statistics-trends-and-reports/medicare-claims-synthetic-public-use-files/cms-2008-2010-data-entrepreneurs-synthetic-public-use-file-de-synpuf|dcterms:subject http://snomed.info/id/32485007|rdfs:isDefinedBy sdc4:XdStringType/xdstring-language,
XdString,lqwv71ylp5dfmwvn3aliweth,Age 2nd cancer (MCQ230b) diagnosed,NHANES 2017-2018: Age 2nd cancer (MCQ230b) diagnosed,True,True,2026-03-25 14:29:49.551117+00:00,twcook@axius-sdc.com,rdfs:isDefinedBy https://wwwn.cdc.gov/nchs/nhanes/continuousnhanes/default.aspx?BeginYear=2017|dcterms:subject http://snomed.info/id/84100007,
XdString,tbfcgx1p72a71cr1ifrxhihj,Age 3rd cancer (MCQ230c) diagnosed,NHANES 2017-2018: Age 3rd cancer (MCQ230c) diagnosed,True,True,2026-03-25 14:29:49.575052+00:00,twcook@axius-sdc.com,rdfs:isDefinedBy https://wwwn.cdc.gov/nchs/nhanes/continuousnhanes/default.aspx?BeginYear=2017|dcterms:subject http://snomed.info/id/84100007,
XdString,cdjjf8e94x3tfky8js2i9uln,Age first smoked whole cigarette,NHANES 2017-2018: Age first smoked whole cigarette,True,True,2026-03-25 14:35:45.663720+00:00,twcook@axius-sdc.com,rdfs:isDefinedBy http://semanticscience.org/resource/SIO_001013|rdfs:isDefinedBy https://wwwn.cdc.gov/nchs/nhanes/continuousnhanes/default.aspx?BeginYear=2017|dcterms:subject http://snomed.info/id/365981007,
XdString,p4w0n9787r2xwd5ekc5jn8qs,Age Told Had Cancer,"BRFSS 2022: At what age were you told that you had cancer? (If Response = 2 (Two) or 3 (Three or more), ask: “At what age was your first diagnosis of cancer?”). Section: Cancer Survivorship: Type of Cancer",True,True,2026-03-25 14:40:48.509761+00:00,twcook@axius-sdc.com,rdfs:isDefinedBy https://www.cdc.gov/brfss/annual_data/annual_2022.html|dcterms:subject http://snomed.info/id/410188000|rdfs:isDefinedBy sdc4:XdStringType/xdstring-language,
XdString,a4yxvbcuntuyl3e35nn4ngdf,Any Firearms in Home,BRFSS 2022: Are any firearms now kept in or around your home?. Section: Firearm Safety,True,True,2026-03-25 14:40:49.318135+00:00,twcook@axius-sdc.com,rdfs:isDefinedBy https://www.cdc.gov/brfss/annual_data/annual_2022.html|dcterms:subject http://snomed.info/id/410188000|rdfs:isDefinedBy sdc4:XdStringType/xdstring-language,
XdString,jjbn5jotdid4i2utdzqzyc1r,Any Firearms Loaded,BRFSS 2022: Are any of these firearms now loaded?. Section: Firearm Safety,True,True,2026-03-25 14:40:49.328382+00:00,twcook@axius-sdc.com,rdfs:isDefinedBy https://www.cdc.gov/brfss/annual_data/annual_2022.html|dcterms:subject http://snomed.info/id/410188000|rdfs:isDefinedBy sdc4:XdStringType/xdstring-language,
XdString,zp6p8qb89w083irwkdb8a0ml,Any Loaded Firearms Also Unlocked,BRFSS 2022: Are any of these loaded firearms also unlocked?. Section: Firearm Safety,True,True,2026-03-25 14:40:49.339601+00:00,twcook@axius-sdc.com,rdfs:isDefinedBy https://www.cdc.gov/brfss/annual_data/annual_2022.html|dcterms:subject http://snomed.info/id/410188000|rdfs:isDefinedBy sdc4:XdStringType/xdstring-language,
XdString,h1cnekyn5482zasugd7971lu,Are you 18 years of age or older?,BRFSS 2022: Are you 18 years of age or older?. Section: Cell Phone Introduction. Note: Variable only on the cell phone survey,True,True,2026-03-25 14:40:47.679498+00:00,twcook@axius-sdc.com,rdfs:isDefinedBy https://www.cdc.gov/brfss/annual_data/annual_2022.html|dcterms:subject http://snomed.info/id/410188000|rdfs:isDefinedBy sdc4:XdStringType/xdstring-language,
XdString,xdijqxn94ox8v8sg5l8y3bpy,Are You Doing Anything to Keep From Getting Pregnant?,"BRFSS 2022: The last time you had sexual intercourse, what else, if anything, did you or your partner do to keep you from getting pregnant?. Section: Family Planning",True,True,2026-03-25 14:40:49.480760+00:00,twcook@axius-sdc.com,rdfs:isDefinedBy https://www.cdc.gov/brfss/annual_data/annual_2022.html|dcterms:subject http://snomed.info/id/410188000|rdfs:isDefinedBy sdc4:XdStringType/xdstring-language,
XdString,jxo0034hxyy5t5q82ly4jatz,Are you male or female?,BRFSS 2022: Are you male or female?. Section: Cell Phone Introduction. Note: Variable only on the cell phone survey,True,True,2026-03-25 14:40:47.690885+00:00,twcook@axius-sdc.com,rdfs:isDefinedBy https://www.cdc.gov/brfss/annual_data/annual_2022.html|dcterms:subject http://snomed.info/id/410188000|rdfs:isDefinedBy sdc4:XdStringType/xdstring-language,
XdString,qmcbgoh0afzv6h0fpowmamm1,Are you male or female?,BRFSS 2022: What was your sex at birth? Was it male or female?. Section: Sex at Birth,True,True,2026-03-25 14:40:49.387661+00:00,twcook@axius-sdc.com,rdfs:isDefinedBy https://www.cdc.gov/brfss/annual_data/annual_2022.html|dcterms:subject http://snomed.info/id/410188000|rdfs:isDefinedBy sdc4:XdStringType/xdstring-language,
XdString,pznacl3p5tul0wog5j3roaio,Are you male or female?,BRFSS 2022: Are you male or female?. Section: Land Line Introduction. Note: Variable only on the land line survey,True,True,2026-03-25 14:40:47.588345+00:00,twcook@axius-sdc.com,rdfs:isDefinedBy https://www.cdc.gov/brfss/annual_data/annual_2022.html|dcterms:subject http://snomed.info/id/410188000|rdfs:isDefinedBy sdc4:XdStringType/xdstring-language,
XdString,q852kr76prjwhhw2hb08t8a4,Asked during checkup if you drink alchohol,"BRFSS 2022: You told me earlier that your last routine checkup was [within the past year/within the past 2 years]. At that checkup, were you asked in person or on a form if you drink alcohol?. Section: Alcohol Screening &amp; Brief Intervention (ASBI)",True,True,2026-03-25 14:40:49.259387+00:00,twcook@axius-sdc.com,rdfs:isDefinedBy https://www.cdc.gov/brfss/annual_data/annual_2022.html|dcterms:subject http://snomed.info/id/410188000|rdfs:isDefinedBy sdc4:XdStringType/xdstring-language,
XdString,oba5a7vmnyy8lxo98rnx86vj,Asked in person or by form how much you drink?,BRFSS 2022: Did the health care provider ask you in person or on a form how much you drink?. Section: Alcohol Screening &amp; Brief Intervention (ASBI),True,True,2026-03-25 14:40:49.269258+00:00,twcook@axius-sdc.com,rdfs:isDefinedBy https://www.cdc.gov/brfss/annual_data/annual_2022.html|dcterms:subject http://snomed.info/id/410188000|rdfs:isDefinedBy sdc4:XdStringType/xdstring-language,
XdString,zsvosfp6gnzdiwictxzwtxur,Asked whether you drank [5 FOR MEN /4 FOR WOMEN] or more alcoholic drinks on an occasion?,BRFSS 2022: Did the healthcare provider specifically ask whether you drank [5 FOR MEN /4 FOR WOMEN] or more alcoholic drinks on an occasion?. Section: Alcohol Screening &amp; Brief Intervention (ASBI),True,True,2026-03-25 14:40:49.280369+00:00,twcook@axius-sdc.com,rdfs:isDefinedBy https://www.cdc.gov/brfss/annual_data/annual_2022.html|dcterms:subject http://snomed.info/id/410188000|rdfs:isDefinedBy sdc4:XdStringType/xdstring-language,
XdString,qeqb0siehg15s5megtj1rbk8,Beneficiary Code,Unique identifier linking the prescription drug event to a beneficiary.,True,True,2026-03-25 15:06:17.702126+00:00,twcook@axius-sdc.com,rdfs:isDefinedBy https://www.cms.gov/data-research/statistics-trends-and-reports/medicare-claims-synthetic-public-use-files/cms-2008-2010-data-entrepreneurs-synthetic-public-use-file-de-synpuf|rdfs:isDefinedBy https://w3id.org/semanticarts/ns/ontology/gist/ID|dcterms:subject http://snomed.info/id/184102003,
XdString,gl5jvkodoxh0w1y0i3p7pi29,Brand of cigarettes smoked past 30 days,NHANES 2017-2018: Brand of cigarettes smoked past 30 days,True,True,2026-03-25 14:35:45.674942+00:00,twcook@axius-sdc.com,rdfs:isDefinedBy https://schema.org/Brand|rdfs:isDefinedBy https://wwwn.cdc.gov/nchs/nhanes/continuousnhanes/default.aspx?BeginYear=2017|dcterms:subject http://snomed.info/id/365981007,
XdString,ma5vg3ouvefc0p8vmc1hgmcm,Camel variety,NHANES 2017-2018: Camel variety,True,True,2026-03-25 14:35:45.699269+00:00,twcook@axius-sdc.com,rdfs:isDefinedBy https://wwwn.cdc.gov/nchs/nhanes/continuousnhanes/default.aspx?BeginYear=2017|dcterms:subject http://snomed.info/id/365981007|rdfs:isDefinedBy sdc4:XdStringType/xdstring-language,
XdString,qjus7soypr53n8nj6kje28mg,Child´s sex at birth,BRFSS 2022: What was the child´s sex on their original birth certificate?. Section: Random Child Selection,True,True,2026-03-25 14:40:49.354529+00:00,twcook@axius-sdc.com,rdfs:isDefinedBy https://www.cdc.gov/brfss/annual_data/annual_2022.html|dcterms:subject http://snomed.info/id/410188000|rdfs:isDefinedBy sdc4:XdStringType/xdstring-language,
XdString,xa5vot1z62qk6idrzbyhovpg,Child still have asthma?,BRFSS 2022: Does the child still have asthma?. Section: Childhood Asthma Prevalence,True,True,2026-03-25 14:40:49.376761+00:00,twcook@axius-sdc.com,rdfs:isDefinedBy https://www.cdc.gov/brfss/annual_data/annual_2022.html|dcterms:subject http://snomed.info/id/410188000|rdfs:isDefinedBy sdc4:XdStringType/xdstring-language,
XdString,tklh369iaz6n2dhhtlsl6g2z,Cig 12-digit Universal Product Code-UPC,NHANES 2017-2018: Cig 12-digit Universal Product Code-UPC,True,True,2026-03-25 14:35:45.628130+00:00,twcook@axius-sdc.com,rdfs:isDefinedBy https://wwwn.cdc.gov/nchs/nhanes/continuousnhanes/default.aspx?BeginYear=2017|rdfs:isDefinedBy https://schema.org/Product|dcterms:subject http://snomed.info/id/365981007,
XdString,glrnrh1n7zddge4pqus0xi31,Cigarette Brand/sub-brand,NHANES 2017-2018: Cigarette Brand/sub-brand,True,True,2026-03-25 14:35:45.639425+00:00,twcook@axius-sdc.com,rdfs:isDefinedBy https://wwwn.cdc.gov/nchs/nhanes/continuousnhanes/default.aspx?BeginYear=2017|dcterms:subject http://snomed.info/id/365981007|rdfs:isDefinedBy sdc4:XdStringType/xdstring-language,
XdString,gsfg2stxz7svogl3hcty0f9c,Computed drink-occasions-per-day,BRFSS 2022: Drink-occasions-per-day. Section: Calculated Variables,True,True,2026-03-25 14:40:49.986998+00:00,twcook@axius-sdc.com,rdfs:isDefinedBy https://www.cdc.gov/brfss/annual_data/annual_2022.html|dcterms:subject http://snomed.info/id/410188000|rdfs:isDefinedBy sdc4:XdStringType/xdstring-language,
XdString,sfj7p74msngohmrc68vt6d5p,Computed number of drinks of alcohol beverages per week,BRFSS 2022: Calculated total number of alcoholic beverages consumed per week. Section: Calculated Variables,True,True,2026-03-25 14:40:50.002997+00:00,twcook@axius-sdc.com,rdfs:isDefinedBy https://www.cdc.gov/brfss/annual_data/annual_2022.html|dcterms:subject http://snomed.info/id/410188000|rdfs:isDefinedBy sdc4:XdStringType/xdstring-language,
XdString,w7xejt6iph0dj7vao4fju46v,Correct Phone Number?,BRFSS 2022: Is this (phone number) ?. Section: Cell Phone Introduction. Note: Variable only on the cell phone survey,True,True,2026-03-25 14:40:47.652540+00:00,twcook@axius-sdc.com,rdfs:isDefinedBy https://www.cdc.gov/brfss/annual_data/annual_2022.html|dcterms:subject http://snomed.info/id/410188000|rdfs:isDefinedBy sdc4:XdStringType/xdstring-language,
XdString,sb6d71r1vl3bgaif36ojtctn,Currently Have Physical Pain From Cancer Or Treatment?,BRFSS 2022: Do you currently have physical pain caused by your cancer or cancer treatment?. Section: Cancer Survivorship: Pain Management,True,True,2026-03-25 14:40:48.632759+00:00,twcook@axius-sdc.com,rdfs:isDefinedBy https://www.cdc.gov/brfss/annual_data/annual_2022.html|dcterms:subject http://snomed.info/id/410188000|rdfs:isDefinedBy sdc4:XdStringType/xdstring-language,
XdString,sz90v0fc80g3ckwf283xb6fd,Currently Receiving Treatment for Cancer,BRFSS 2022: Are you currently receiving treatment for cancer?. Section: Cancer Survivorship: Course of Treatment,True,True,2026-03-25 14:40:48.533011+00:00,twcook@axius-sdc.com,rdfs:isDefinedBy https://www.cdc.gov/brfss/annual_data/annual_2022.html|dcterms:subject http://snomed.info/id/410188000|rdfs:isDefinedBy sdc4:XdStringType/xdstring-language,
XdString,ndt3qbebt73z40nh1vtwph1r,Date of Death,Beneficiary date of death in YYYYMMDD format. Blank if beneficiary is alive.,True,True,2026-03-25 15:06:17.719106+00:00,twcook@axius-sdc.com,rdfs:isDefinedBy https://www.cms.gov/data-research/statistics-trends-and-reports/medicare-claims-synthetic-public-use-files/cms-2008-2010-data-entrepreneurs-synthetic-public-use-file-de-synpuf|rdfs:isDefinedBy https://w3id.org/semanticarts/ns/ontology/gist/deathDate|dcterms:subject http://snomed.info/id/184102003,
XdString,pnaj34uaa8qyfjn52izknnlq,Did an adult make sure basic needs were met,"BRFSS 2022: For how much of your childhood was there an adult in your household who tried hard to make sure your basic needs were met? Would you say never, a little of the time, some of the time, most of the time, or all of the time?. Section: Adverse Childhood Experiences",True,True,2026-03-25 14:40:49.060891+00:00,twcook@axius-sdc.com,rdfs:isDefinedBy https://www.cdc.gov/brfss/annual_data/annual_2022.html|dcterms:subject http://snomed.info/id/410188000|rdfs:isDefinedBy sdc4:XdStringType/xdstring-language,
XdString,aub4n5e6mpw7c8at1ebzngpa,Did an adult make you feel safe and protected,"BRFSS 2022: For how much of your childhood was there an adult in your household who made you feel safe and protected? Would you say never, a little of the time, some of the time, most of the time, or all of the time?. Section: Adverse Childhood Experiences",True,True,2026-03-25 14:40:49.050704+00:00,twcook@axius-sdc.com,rdfs:isDefinedBy https://www.cdc.gov/brfss/annual_data/annual_2022.html|dcterms:subject http://snomed.info/id/410188000|rdfs:isDefinedBy sdc4:XdStringType/xdstring-language,
XdString,mu96hgfei3lsyrtrwvaz3ycg,Did Health Insurance Pay For All Of Your Cancer Treatment,"BRFSS 2022: With your most recent diagnosis of cancer, did you have health insurance that paid for all or part of your cancer treatment? (“Health insurance” also includes Medicare, Medicaid, or other types of state health programs.). Section: Cancer Survivorship: Course of Treatment",True,True,2026-03-25 14:40:48.596680+00:00,twcook@axius-sdc.com,rdfs:isDefinedBy https://www.cdc.gov/brfss/annual_data/annual_2022.html|dcterms:subject http://snomed.info/id/410188000|rdfs:isDefinedBy sdc4:XdStringType/xdstring-language,
XdString,qcx0zoakn4cxa0vkbpv2tjdy,Did you cough up phlegm?,"BRFSS 2022: During the past 3 months, did you cough up phlegm [FLEM] or mucus on most days?. Section: Respiratory Health",True,True,2026-03-25 14:40:48.444153+00:00,twcook@axius-sdc.com,rdfs:isDefinedBy https://www.cdc.gov/brfss/annual_data/annual_2022.html|dcterms:subject http://snomed.info/id/410188000|rdfs:isDefinedBy sdc4:XdStringType/xdstring-language,
XdString,eypok22qzxklocbs41fpxuft,Did you dab marijuana or cannabis?,"BRFSS 2022: …dab it (for example, using a dabbing rig, knife, or dab pen)?. Section: Marijuana Use",True,True,2026-03-25 14:40:49.164977+00:00,twcook@axius-sdc.com,rdfs:isDefinedBy https://www.cdc.gov/brfss/annual_data/annual_2022.html|dcterms:subject http://snomed.info/id/410188000|rdfs:isDefinedBy sdc4:XdStringType/xdstring-language,
XdString,okdv5ktn57g2nmdihy68y05a,Did you do anything to keep from getting pregnant?,"BRFSS 2022: The last time you had sexual intercourse, did you or your partner do anything to keep you from getting pregnant?. Section: Family Planning",True,True,2026-03-25 14:40:49.458704+00:00,twcook@axius-sdc.com,rdfs:isDefinedBy https://www.cdc.gov/brfss/annual_data/annual_2022.html|dcterms:subject http://snomed.info/id/410188000|rdfs:isDefinedBy sdc4:XdStringType/xdstring-language,
XdString,dpbjlyttkjztvr520b957afo,Did you eat marijuana or cannabis?,"BRFSS 2022: …eat it or drink it (for example, in brownies, cakes, cookies, or candy, or in tea, cola, or alcohol)?. Section: Marijuana Use",True,True,2026-03-25 14:40:49.146046+00:00,twcook@axius-sdc.com,rdfs:isDefinedBy https://www.cdc.gov/brfss/annual_data/annual_2022.html|dcterms:subject http://snomed.info/id/410188000|rdfs:isDefinedBy sdc4:XdStringType/xdstring-language,
XdString,br3b9c5i2aka2r2kzcff3csv,Did you have a cough?,"BRFSS 2022: During the past 3 months, did you have a cough on most days?. Section: Respiratory Health",True,True,2026-03-25 14:40:48.434610+00:00,twcook@axius-sdc.com,rdfs:isDefinedBy https://www.cdc.gov/brfss/annual_data/annual_2022.html|dcterms:subject http://snomed.info/id/410188000|rdfs:isDefinedBy sdc4:XdStringType/xdstring-language,
XdString,v17b2236z9npvzo97jqd51j2,Did you have shortness of breath?,BRFSS 2022: Do you have shortness of breath either when hurrying on level ground or when walking up a slight hill or stairs?. Section: Respiratory Health,True,True,2026-03-25 14:40:48.456363+00:00,twcook@axius-sdc.com,rdfs:isDefinedBy https://www.cdc.gov/brfss/annual_data/annual_2022.html|dcterms:subject http://snomed.info/id/410188000|rdfs:isDefinedBy sdc4:XdStringType/xdstring-language,
XdString,ij6vtmo4n57mz6b8xo2cyhu9,Did You Receive a Summary of Cancer Treatments Received,"BRFSS 2022: Did any doctor, nurse, or other health professional ever give you a written summary of all the cancer treatments that you received?. Section: Cancer Survivorship: Course of Treatment",True,True,2026-03-25 14:40:48.557569+00:00,twcook@axius-sdc.com,rdfs:isDefinedBy https://www.cdc.gov/brfss/annual_data/annual_2022.html|dcterms:subject http://snomed.info/id/410188000|rdfs:isDefinedBy sdc4:XdStringType/xdstring-language,
XdString,av0ay717ubhbdjmr70inrbo6,Did you smoke marijuana or cannabis?,"BRFSS 2022: During the past 30 days, did you smoke it (for example, in a joint, bong, pipe, or blunt)?. Section: Marijuana Use",True,True,2026-03-25 14:40:49.134354+00:00,twcook@axius-sdc.com,rdfs:isDefinedBy https://www.cdc.gov/brfss/annual_data/annual_2022.html|dcterms:subject http://snomed.info/id/410188000|rdfs:isDefinedBy sdc4:XdStringType/xdstring-language,
XdString,nvh8655g1cwnl87uyqy41n98,Did you talk about the advantages or disadvantages of P.S.A. test,"BRFSS 2022: When you met with a doctor, nurse, or other health professional, did they talk about the advantages, the disadvantages, or both advantages and disadvantages of the prostate-specific antigen or P.S.A. test?. Section: Prostate Cancer Screening",True,True,2026-03-25 14:40:48.703771+00:00,twcook@axius-sdc.com,rdfs:isDefinedBy https://www.cdc.gov/brfss/annual_data/annual_2022.html|dcterms:subject http://snomed.info/id/410188000|rdfs:isDefinedBy sdc4:XdStringType/xdstring-language,
XdString,mshl0x9bmbcyt5tv2snnyb15,Did you use marijuana or cannabis some other way?,BRFSS 2022: …use it in some other way?. Section: Marijuana Use,True,True,2026-03-25 14:40:49.176949+00:00,twcook@axius-sdc.com,rdfs:isDefinedBy https://www.cdc.gov/brfss/annual_data/annual_2022.html|dcterms:subject http://snomed.info/id/410188000|rdfs:isDefinedBy sdc4:XdStringType/xdstring-language,
XdString,lgl5k8tqvkcnskvt67gzx364,Did you vape marijuana or cannabis?,"BRFSS 2022: …vaporize it (for example, in an e-cigarette-like vaporizer or another vaporizing device). Section: Marijuana Use",True,True,2026-03-25 14:40:49.155136+00:00,twcook@axius-sdc.com,rdfs:isDefinedBy https://www.cdc.gov/brfss/annual_data/annual_2022.html|dcterms:subject http://snomed.info/id/410188000|rdfs:isDefinedBy sdc4:XdStringType/xdstring-language,
XdString,v2h5t219mpfuhclfdga5lwyo,Does confusion or memory loss interfere with work or social activities,"BRFSS 2022: During the past 12 months, how often has confusion or memory loss interfered with your ability to work, volunteer, or engage in social activities outside the home?. Section: Cognitive Decline",True,True,2026-03-25 14:40:48.762673+00:00,twcook@axius-sdc.com,rdfs:isDefinedBy https://www.cdc.gov/brfss/annual_data/annual_2022.html|dcterms:subject http://snomed.info/id/410188000|rdfs:isDefinedBy sdc4:XdStringType/xdstring-language,
XdString,l2hx0wp1g7m7vrdhjq8gfmbt,Does Person Being Cared For Have Alzheimer´s Disease?,"BRFSS 2022: Does the person you care for also have Alzheimer´s disease, dementia or other cognitive impairment disorder?. Section: Caregiver",True,True,2026-03-25 14:40:48.847496+00:00,twcook@axius-sdc.com,rdfs:isDefinedBy https://www.cdc.gov/brfss/annual_data/annual_2022.html|dcterms:subject http://snomed.info/id/410188000|rdfs:isDefinedBy sdc4:XdStringType/xdstring-language,
XdString,yl7wjzqmv0rgkt3frgotowz2,Do you also have a landline telephone?,BRFSS 2022: Do you also have a landline telephone in your home that is used to make and receive calls?. Section: Cell Phone Introduction. Note: Variable only on the cell phone survey,True,True,2026-03-25 14:40:47.735134+00:00,twcook@axius-sdc.com,rdfs:isDefinedBy https://www.cdc.gov/brfss/annual_data/annual_2022.html|dcterms:subject http://snomed.info/id/410188000|rdfs:isDefinedBy sdc4:XdStringType/xdstring-language,
XdString,itjsvp8fepj5t2ak3d38pub7,Do you consider yourself to be transgender?,"BRFSS 2022: Do you consider yourself to be transgender? (If yes, ask “Do you consider yourself to be male-to-female, female-to-male, or gender non-conforming?). Section: Sexual Orientation and Gender Identity (SOGI)",True,True,2026-03-25 14:40:49.435543+00:00,twcook@axius-sdc.com,rdfs:isDefinedBy https://www.cdc.gov/brfss/annual_data/annual_2022.html|dcterms:subject http://snomed.info/id/410188000|rdfs:isDefinedBy sdc4:XdStringType/xdstring-language,
XdString,c910ew7x4qz0pwl2tfk4nymq,Do you currently live in ____(state)____?,BRFSS 2022: Do you currently live in ____(state)____?. Section: Cell Phone Introduction. Note: Variable only on the cell phone survey,True,True,2026-03-25 14:40:47.723712+00:00,twcook@axius-sdc.com,rdfs:isDefinedBy https://www.cdc.gov/brfss/annual_data/annual_2022.html|dcterms:subject http://snomed.info/id/410188000|rdfs:isDefinedBy sdc4:XdStringType/xdstring-language,
XdString,p7fis3fw6wtao1thmtnqrj4d,Do you expect to have a relative you will need to provide care for?,"BRFSS 2022: In the next 2 years, do you expect to provide care or assistance to a friend or family member who has a health problem or disability?. Section: Caregiver",True,True,2026-03-25 14:40:48.907542+00:00,twcook@axius-sdc.com,rdfs:isDefinedBy https://www.cdc.gov/brfss/annual_data/annual_2022.html|dcterms:subject http://snomed.info/id/410188000|rdfs:isDefinedBy sdc4:XdStringType/xdstring-language,
XdString,znd4ea2fc0r186ingiibgg70,Do you live in a private residence?,"BRFSS 2022: Do you live in a private residence? (By private residence, we mean someplace like a house or apartment.). Section: Cell Phone Introduction. Note: Variable only on the cell phone survey",True,True,2026-03-25 14:40:47.702389+00:00,twcook@axius-sdc.com,rdfs:isDefinedBy https://www.cdc.gov/brfss/annual_data/annual_2022.html|dcterms:subject http://snomed.info/id/410188000|rdfs:isDefinedBy sdc4:XdStringType/xdstring-language,
XdString,ip96b77kchvis92hp20occgm,Do you live in college housing?,BRFSS 2022: Do you live in college housing?. Section: Cell Phone Introduction. Note: Variable only on the cell phone survey,True,True,2026-03-25 14:40:47.712176+00:00,twcook@axius-sdc.com,rdfs:isDefinedBy https://www.cdc.gov/brfss/annual_data/annual_2022.html|dcterms:subject http://snomed.info/id/410188000|rdfs:isDefinedBy sdc4:XdStringType/xdstring-language,
XdString,sxv1kzxpi9r7691tvd6o15ej,Do you live in college housing?,BRFSS 2022: Do you live in college housing?. Section: Land Line Introduction. Note: Variable only on the land line survey,True,True,2026-03-25 14:40:47.562123+00:00,twcook@axius-sdc.com,rdfs:isDefinedBy https://www.cdc.gov/brfss/annual_data/annual_2022.html|dcterms:subject http://snomed.info/id/410188000|rdfs:isDefinedBy sdc4:XdStringType/xdstring-language,
XdString,x6h7vt2zluqskubm0pzueopu,Do you usually smoke menthol cigarettes?,"BRFSS 2022: Currently, when you smoke cigarettes, do you usually smoke menthol cigarettes?. Section: Other Tobacco Use",True,True,2026-03-25 14:40:49.220468+00:00,twcook@axius-sdc.com,rdfs:isDefinedBy https://www.cdc.gov/brfss/annual_data/annual_2022.html|dcterms:subject http://snomed.info/id/410188000|rdfs:isDefinedBy sdc4:XdStringType/xdstring-language,
XdString,j2sjcx8y2g5pka1r92wfktpo,Do you usually use menthol e-cigarettes?,"BRFSS 2022: Currently, when you use e-cigarettes, do you usually use menthol e-cigarettes?. Section: Other Tobacco Use",True,True,2026-03-25 14:40:49.233584+00:00,twcook@axius-sdc.com,rdfs:isDefinedBy https://www.cdc.gov/brfss/annual_data/annual_2022.html|dcterms:subject http://snomed.info/id/410188000|rdfs:isDefinedBy sdc4:XdStringType/xdstring-language,
XdString,pt230t8mq8x21eanwpef5k9s,"During the past 30 days, on how many days did you use marijuana or hashish?","BRFSS 2022: During the past 30 days, on how many days did you use marijuana or cannabis?. Section: Marijuana Use",True,True,2026-03-25 14:40:49.122477+00:00,twcook@axius-sdc.com,rdfs:isDefinedBy https://www.cdc.gov/brfss/annual_data/annual_2022.html|dcterms:subject http://snomed.info/id/410188000|rdfs:isDefinedBy sdc4:XdStringType/xdstring-language,
XdString,t0p1bzyhaa2pjo9rxs6gnkyg,Ever been told by a doctor or other health professional that you have pre-diabetes or borderline diabetes?,"BRFSS 2022: Has a doctor or other health professional ever told you that you had prediabetes or borderline diabetes? (If “Yes” and respondent is female, ask: “Was this only when you were pregnant?”). Section: Pre-Diabetes",True,True,2026-03-25 14:40:48.184560+00:00,twcook@axius-sdc.com,rdfs:isDefinedBy https://www.cdc.gov/brfss/annual_data/annual_2022.html|dcterms:subject http://snomed.info/id/410188000|rdfs:isDefinedBy sdc4:XdStringType/xdstring-language,
XdString,qe2unwumfhk9rdahi6xcfneh,Ever Denied Insurance Coverage Because Of Your Cancer?,BRFSS 2022: Were you ever denied health insurance or life insurance coverage because of your cancer?. Section: Cancer Survivorship: Course of Treatment,True,True,2026-03-25 14:40:48.607134+00:00,twcook@axius-sdc.com,rdfs:isDefinedBy https://www.cdc.gov/brfss/annual_data/annual_2022.html|dcterms:subject http://snomed.info/id/410188000|rdfs:isDefinedBy sdc4:XdStringType/xdstring-language,
XdString,gxkzkrvcjsv4sq4hqw2vhzgp,Ever Had Feet Sores or Irritations Lasting More Than Four Weeks,BRFSS 2022: Have you ever had any sores or irritations on your feet that took more than four weeks to heal?. Section: Diabetes,True,True,2026-03-25 14:40:48.273310+00:00,twcook@axius-sdc.com,rdfs:isDefinedBy https://www.cdc.gov/brfss/annual_data/annual_2022.html|dcterms:subject http://snomed.info/id/410188000|rdfs:isDefinedBy sdc4:XdStringType/xdstring-language,
XdString,bwlkowxdd9jajrfq2uc09wok,Ever Had PSA Test,BRFSS 2022: Have you ever had a P.S.A. test?. Section: Prostate Cancer Screening,True,True,2026-03-25 14:40:48.657990+00:00,twcook@axius-sdc.com,rdfs:isDefinedBy https://www.cdc.gov/brfss/annual_data/annual_2022.html|dcterms:subject http://snomed.info/id/410188000|rdfs:isDefinedBy sdc4:XdStringType/xdstring-language,
XdString,nwh5gke44r1798fc4dnx86gl,Ever Receive Instructions From A Doctor For Follow-Up Check-Ups,"BRFSS 2022: Have you ever received instructions from a doctor, nurse, or other health professional about where you should return or who you should see for routine cancer check-ups after completing treatment for cancer?. Section: Cancer Survivorship: Course of Treatment",True,True,2026-03-25 14:40:48.573697+00:00,twcook@axius-sdc.com,rdfs:isDefinedBy https://www.cdc.gov/brfss/annual_data/annual_2022.html|dcterms:subject http://snomed.info/id/410188000|rdfs:isDefinedBy sdc4:XdStringType/xdstring-language,
XdString,eoxjur7v0l8heudfh2ht2oqb,Generic drug code,NHANES 2017-2018: Generic drug code,True,True,2026-03-25 14:28:34.440547+00:00,twcook@axius-sdc.com,rdfs:isDefinedBy https://wwwn.cdc.gov/nchs/nhanes/continuousnhanes/default.aspx?BeginYear=2017|rdfs:isDefinedBy https://www.wikidata.org/wiki/Q7180748|dcterms:subject http://snomed.info/id/182832007,
XdString,scel65pkdj4d4h9ag1f7gboz,Given up day-to-day chores due to confusion or memory loss,"BRFSS 2022: During the past 12 months, as a result of confusion or memory loss, how often have you given up day-to-day household activities or chores you used to do, such as cooking, cleaning, taking medications, driving, or paying bills?. Section: Cognitive Decline",True,True,2026-03-25 14:40:48.729396+00:00,twcook@axius-sdc.com,rdfs:isDefinedBy https://www.cdc.gov/brfss/annual_data/annual_2022.html|dcterms:subject http://snomed.info/id/410188000|rdfs:isDefinedBy sdc4:XdStringType/xdstring-language,
XdString,zcjc37cauhmwq97flqdp5vvc,Have you discussed your confusion or memory loss with a health care professional?,BRFSS 2022: Have you or anyone else discussed your confusion or memory loss with a health care professional?. Section: Cognitive Decline,True,True,2026-03-25 14:40:48.774365+00:00,twcook@axius-sdc.com,rdfs:isDefinedBy https://www.cdc.gov/brfss/annual_data/annual_2022.html|dcterms:subject http://snomed.info/id/410188000|rdfs:isDefinedBy sdc4:XdStringType/xdstring-language,
XdString,jl6xn744cjf6sq7bnogln3l9,Have you ever been given a breathing test?,BRFSS 2022: Have you ever been given a breathing test to diagnose breathing problems?. Section: Respiratory Health,True,True,2026-03-25 14:40:48.476988+00:00,twcook@axius-sdc.com,rdfs:isDefinedBy https://www.cdc.gov/brfss/annual_data/annual_2022.html|dcterms:subject http://snomed.info/id/410188000|rdfs:isDefinedBy sdc4:XdStringType/xdstring-language,
XdString,rgrjxzk9kcj6cf5hvccnbwlj,Have you ever had an H.P.V. vaccination?,BRFSS 2022: Have you ever had an H.P.V. vaccination?. Section: HPV Vaccination,True,True,2026-03-25 14:40:48.331038+00:00,twcook@axius-sdc.com,rdfs:isDefinedBy https://www.cdc.gov/brfss/annual_data/annual_2022.html|dcterms:subject http://snomed.info/id/410188000|rdfs:isDefinedBy sdc4:XdStringType/xdstring-language,
XdString,n30ruts48e9o2nmr4cis1w50,Have you ever had the shingles or zoster vaccine?,BRFSS 2022: Have you ever had the shingles or zoster vaccine?. Section: Shingles Vaccination,True,True,2026-03-25 14:40:48.353740+00:00,twcook@axius-sdc.com,rdfs:isDefinedBy https://www.cdc.gov/brfss/annual_data/annual_2022.html|dcterms:subject http://snomed.info/id/410188000|rdfs:isDefinedBy sdc4:XdStringType/xdstring-language,
XdString,vb48x56iuggm6zestf9yle7h,Have you experienced confusion or memory loss that is happening more often or is getting worse?,"BRFSS 2022: During the past 12 months, have you experienced confusion or memory loss that is happening more often or is getting worse?. Section: Cognitive Decline",True,True,2026-03-25 14:40:48.717401+00:00,twcook@axius-sdc.com,rdfs:isDefinedBy https://www.cdc.gov/brfss/annual_data/annual_2022.html|dcterms:subject http://snomed.info/id/410188000|rdfs:isDefinedBy sdc4:XdStringType/xdstring-language,
XdString,f4rn7jot2zxjydrbyq86946m,Have you have sexual intercourse?,"BRFSS 2022: In the past 12 months, did you have sexual intercourse?. Section: Family Planning",True,True,2026-03-25 14:40:49.446440+00:00,twcook@axius-sdc.com,rdfs:isDefinedBy https://www.cdc.gov/brfss/annual_data/annual_2022.html|dcterms:subject http://snomed.info/id/410188000|rdfs:isDefinedBy sdc4:XdStringType/xdstring-language,
XdString,n0dujq8t8qxw7u1nxeox92g5,Have you heard of heated tobacco products?,"BRFSS 2022: Before today, have you heard of heated tobacco products?. Section: Other Tobacco Use",True,True,2026-03-25 14:40:49.246332+00:00,twcook@axius-sdc.com,rdfs:isDefinedBy https://www.cdc.gov/brfss/annual_data/annual_2022.html|dcterms:subject http://snomed.info/id/410188000|rdfs:isDefinedBy sdc4:XdStringType/xdstring-language,
XdString,c6g82ede8bot57v1mhdsp9wk,HCPCS Code 1,Healthcare Common Procedure Coding System (HCPCS) code #1 for services rendered.,True,True,2026-03-25 15:09:59.255510+00:00,twcook@axius-sdc.com,rdfs:isDefinedBy http://www.ontology-of-units-of-measure.org/resource/om-2/femtometre|rdfs:isDefinedBy https://www.cms.gov/data-research/statistics-trends-and-reports/medicare-claims-synthetic-public-use-files/cms-2008-2010-data-entrepreneurs-synthetic-public-use-file-de-synpuf|dcterms:subject http://snomed.info/id/32485007,
XdString,eqoy4zpynvzmblre7wtzredn,HCPCS Code 10,Healthcare Common Procedure Coding System (HCPCS) code #10 for services rendered.,True,True,2026-03-25 15:09:59.353655+00:00,twcook@axius-sdc.com,rdfs:isDefinedBy http://www.ontology-of-units-of-measure.org/resource/om-2/femtometre|rdfs:isDefinedBy https://www.cms.gov/data-research/statistics-trends-and-reports/medicare-claims-synthetic-public-use-files/cms-2008-2010-data-entrepreneurs-synthetic-public-use-file-de-synpuf|dcterms:subject http://snomed.info/id/32485007,
XdString,wachpi4ue78b2ztq44jigszo,HCPCS Code 11,Healthcare Common Procedure Coding System (HCPCS) code #11 for services rendered.,True,True,2026-03-25 15:09:59.365348+00:00,twcook@axius-sdc.com,rdfs:isDefinedBy https://www.cms.gov/data-research/statistics-trends-and-reports/medicare-claims-synthetic-public-use-files/cms-2008-2010-data-entrepreneurs-synthetic-public-use-file-de-synpuf|dcterms:subject http://snomed.info/id/32485007|rdfs:isDefinedBy sdc4:XdStringType/xdstring-language,
XdString,o9m5xx8tq2b83unyh49u6k6u,HCPCS Code 12,Healthcare Common Procedure Coding System (HCPCS) code #12 for services rendered.,True,True,2026-03-25 15:09:59.376830+00:00,twcook@axius-sdc.com,rdfs:isDefinedBy http://www.ontology-of-units-of-measure.org/resource/om-2/picometre|rdfs:isDefinedBy https://www.cms.gov/data-research/statistics-trends-and-reports/medicare-claims-synthetic-public-use-files/cms-2008-2010-data-entrepreneurs-synthetic-public-use-file-de-synpuf|dcterms:subject http://snomed.info/id/32485007,
XdString,nqsvl2pycziolhybm5kzuqye,HCPCS Code 13,Healthcare Common Procedure Coding System (HCPCS) code #13 for services rendered.,True,True,2026-03-25 15:09:59.388994+00:00,twcook@axius-sdc.com,rdfs:isDefinedBy https://www.cms.gov/data-research/statistics-trends-and-reports/medicare-claims-synthetic-public-use-files/cms-2008-2010-data-entrepreneurs-synthetic-public-use-file-de-synpuf|dcterms:subject http://snomed.info/id/32485007|rdfs:isDefinedBy sdc4:XdStringType/xdstring-language,
XdString,uiexdes629e02edfn1tc7x63,HCPCS Code 14,Healthcare Common Procedure Coding System (HCPCS) code #14 for services rendered.,True,True,2026-03-25 15:09:59.398837+00:00,twcook@axius-sdc.com,rdfs:isDefinedBy https://www.cms.gov/data-research/statistics-trends-and-reports/medicare-claims-synthetic-public-use-files/cms-2008-2010-data-entrepreneurs-synthetic-public-use-file-de-synpuf|dcterms:subject http://snomed.info/id/32485007|rdfs:isDefinedBy sdc4:XdStringType/xdstring-language,
XdString,jksr7pkne10b4btkxyheyuhh,HCPCS Code 15,Healthcare Common Procedure Coding System (HCPCS) code #15 for services rendered.,True,True,2026-03-25 15:09:59.421162+00:00,twcook@axius-sdc.com,rdfs:isDefinedBy http://www.ontology-of-units-of-measure.org/resource/om-2/femtometre|rdfs:isDefinedBy https://www.cms.gov/data-research/statistics-trends-and-reports/medicare-claims-synthetic-public-use-files/cms-2008-2010-data-entrepreneurs-synthetic-public-use-file-de-synpuf|dcterms:subject http://snomed.info/id/32485007,
XdString,pev6q1k5v4d2cvedj23mazxo,HCPCS Code 16,Healthcare Common Procedure Coding System (HCPCS) code #16 for services rendered.,True,True,2026-03-25 15:09:59.434116+00:00,twcook@axius-sdc.com,rdfs:isDefinedBy https://www.cms.gov/data-research/statistics-trends-and-reports/medicare-claims-synthetic-public-use-files/cms-2008-2010-data-entrepreneurs-synthetic-public-use-file-de-synpuf|dcterms:subject http://snomed.info/id/32485007|rdfs:isDefinedBy sdc4:XdStringType/xdstring-language,
XdString,wc94hlj7j7q8bxrmjc1pg3fb,HCPCS Code 17,Healthcare Common Procedure Coding System (HCPCS) code #17 for services rendered.,True,True,2026-03-25 15:09:59.444307+00:00,twcook@axius-sdc.com,rdfs:isDefinedBy https://www.cms.gov/data-research/statistics-trends-and-reports/medicare-claims-synthetic-public-use-files/cms-2008-2010-data-entrepreneurs-synthetic-public-use-file-de-synpuf|dcterms:subject http://snomed.info/id/32485007|rdfs:isDefinedBy sdc4:XdStringType/xdstring-language,
XdString,x3yxwzpjh3ceprrxsm0035ev,HCPCS Code 18,Healthcare Common Procedure Coding System (HCPCS) code #18 for services rendered.,True,True,2026-03-25 15:09:59.455449+00:00,twcook@axius-sdc.com,rdfs:isDefinedBy https://www.cms.gov/data-research/statistics-trends-and-reports/medicare-claims-synthetic-public-use-files/cms-2008-2010-data-entrepreneurs-synthetic-public-use-file-de-synpuf|dcterms:subject http://snomed.info/id/32485007|rdfs:isDefinedBy sdc4:XdStringType/xdstring-language,
XdString,a83fiza24m2by4ums4cpcwn8,HCPCS Code 19,Healthcare Common Procedure Coding System (HCPCS) code #19 for services rendered.,True,True,2026-03-25 15:09:59.464385+00:00,twcook@axius-sdc.com,rdfs:isDefinedBy https://www.cms.gov/data-research/statistics-trends-and-reports/medicare-claims-synthetic-public-use-files/cms-2008-2010-data-entrepreneurs-synthetic-public-use-file-de-synpuf|dcterms:subject http://snomed.info/id/32485007|rdfs:isDefinedBy sdc4:XdStringType/xdstring-language,
XdString,dtrwu350p9ra8s420zdo6dzx,HCPCS Code 2,Healthcare Common Procedure Coding System (HCPCS) code #2 for services rendered.,True,True,2026-03-25 15:09:59.265482+00:00,twcook@axius-sdc.com,rdfs:isDefinedBy https://www.cms.gov/data-research/statistics-trends-and-reports/medicare-claims-synthetic-public-use-files/cms-2008-2010-data-entrepreneurs-synthetic-public-use-file-de-synpuf|rdfs:isDefinedBy http://www.ontology-of-units-of-measure.org/resource/om-2/NumberBotrytis2|dcterms:subject http://snomed.info/id/32485007,
XdString,b88sdksofh7btwthe9756oby,HCPCS Code 20,Healthcare Common Procedure Coding System (HCPCS) code #20 for services rendered.,True,True,2026-03-25 15:09:59.477097+00:00,twcook@axius-sdc.com,rdfs:isDefinedBy https://www.cms.gov/data-research/statistics-trends-and-reports/medicare-claims-synthetic-public-use-files/cms-2008-2010-data-entrepreneurs-synthetic-public-use-file-de-synpuf|dcterms:subject http://snomed.info/id/32485007|rdfs:isDefinedBy sdc4:XdStringType/xdstring-language,
XdString,o8o2kek3gd45ujfr6apl7r5v,HCPCS Code 21,Healthcare Common Procedure Coding System (HCPCS) code #21 for services rendered.,True,True,2026-03-25 15:09:59.488106+00:00,twcook@axius-sdc.com,rdfs:isDefinedBy http://www.ontology-of-units-of-measure.org/resource/om-2/zettagram|rdfs:isDefinedBy https://www.cms.gov/data-research/statistics-trends-and-reports/medicare-claims-synthetic-public-use-files/cms-2008-2010-data-entrepreneurs-synthetic-public-use-file-de-synpuf|dcterms:subject http://snomed.info/id/32485007,
XdString,hf7unnab1lweprsoquguvbhw,HCPCS Code 22,Healthcare Common Procedure Coding System (HCPCS) code #22 for services rendered.,True,True,2026-03-25 15:09:59.502166+00:00,twcook@axius-sdc.com,rdfs:isDefinedBy https://www.cms.gov/data-research/statistics-trends-and-reports/medicare-claims-synthetic-public-use-files/cms-2008-2010-data-entrepreneurs-synthetic-public-use-file-de-synpuf|dcterms:subject http://snomed.info/id/32485007|rdfs:isDefinedBy sdc4:XdStringType/xdstring-language,
XdString,ggew4rc7or575evxvjyuemml,HCPCS Code 23,Healthcare Common Procedure Coding System (HCPCS) code #23 for services rendered.,True,True,2026-03-25 15:09:59.512254+00:00,twcook@axius-sdc.com,rdfs:isDefinedBy https://www.cms.gov/data-research/statistics-trends-and-reports/medicare-claims-synthetic-public-use-files/cms-2008-2010-data-entrepreneurs-synthetic-public-use-file-de-synpuf|rdfs:isDefinedBy http://www.ontology-of-units-of-measure.org/resource/om-2/perm-23C|dcterms:subject http://snomed.info/id/32485007,
XdString,a8wj6l1bar6yazmrrz6sq25n,HCPCS Code 24,Healthcare Common Procedure Coding System (HCPCS) code #24 for services rendered.,True,True,2026-03-25 15:09:59.524083+00:00,twcook@axius-sdc.com,rdfs:isDefinedBy http://www.ontology-of-units-of-measure.org/resource/om-2/yottametre|rdfs:isDefinedBy https://www.cms.gov/data-research/statistics-trends-and-reports/medicare-claims-synthetic-public-use-files/cms-2008-2010-data-entrepreneurs-synthetic-public-use-file-de-synpuf|dcterms:subject http://snomed.info/id/32485007,
XdString,n576f9btn2b6b75xbzj90xmn,HCPCS Code 25,Healthcare Common Procedure Coding System (HCPCS) code #25 for services rendered.,True,True,2026-03-25 15:09:59.536019+00:00,twcook@axius-sdc.com,rdfs:isDefinedBy https://www.cms.gov/data-research/statistics-trends-and-reports/medicare-claims-synthetic-public-use-files/cms-2008-2010-data-entrepreneurs-synthetic-public-use-file-de-synpuf|dcterms:subject http://snomed.info/id/32485007|rdfs:isDefinedBy sdc4:XdStringType/xdstring-language,
XdString,pc6l1vdkh735ly94c9ppkqnm,HCPCS Code 26,Healthcare Common Procedure Coding System (HCPCS) code #26 for services rendered.,True,True,2026-03-25 15:09:59.548270+00:00,twcook@axius-sdc.com,rdfs:isDefinedBy https://www.cms.gov/data-research/statistics-trends-and-reports/medicare-claims-synthetic-public-use-files/cms-2008-2010-data-entrepreneurs-synthetic-public-use-file-de-synpuf|dcterms:subject http://snomed.info/id/32485007|rdfs:isDefinedBy sdc4:XdStringType/xdstring-language,
XdString,f815mpea84p49t8njorp43in,HCPCS Code 27,Healthcare Common Procedure Coding System (HCPCS) code #27 for services rendered.,True,True,2026-03-25 15:09:59.560064+00:00,twcook@axius-sdc.com,rdfs:isDefinedBy https://www.cms.gov/data-research/statistics-trends-and-reports/medicare-claims-synthetic-public-use-files/cms-2008-2010-data-entrepreneurs-synthetic-public-use-file-de-synpuf|dcterms:subject http://snomed.info/id/32485007|rdfs:isDefinedBy sdc4:XdStringType/xdstring-language,
XdString,x41t3gy1xebzcxz9da0td0wj,HCPCS Code 28,Healthcare Common Procedure Coding System (HCPCS) code #28 for services rendered.,True,True,2026-03-25 15:09:59.570897+00:00,twcook@axius-sdc.com,rdfs:isDefinedBy https://www.cms.gov/data-research/statistics-trends-and-reports/medicare-claims-synthetic-public-use-files/cms-2008-2010-data-entrepreneurs-synthetic-public-use-file-de-synpuf|dcterms:subject http://snomed.info/id/32485007|rdfs:isDefinedBy sdc4:XdStringType/xdstring-language,
XdString,l3oah46rvnqacvfixxlahv7n,HCPCS Code 29,Healthcare Common Procedure Coding System (HCPCS) code #29 for services rendered.,True,True,2026-03-25 15:09:59.583405+00:00,twcook@axius-sdc.com,rdfs:isDefinedBy https://www.cms.gov/data-research/statistics-trends-and-reports/medicare-claims-synthetic-public-use-files/cms-2008-2010-data-entrepreneurs-synthetic-public-use-file-de-synpuf|dcterms:subject http://snomed.info/id/32485007|rdfs:isDefinedBy sdc4:XdStringType/xdstring-language,
XdString,y6uzjl22ukembruwtouk8qwl,HCPCS Code 3,Healthcare Common Procedure Coding System (HCPCS) code #3 for services rendered.,True,True,2026-03-25 15:09:59.276663+00:00,twcook@axius-sdc.com,rdfs:isDefinedBy https://www.cms.gov/data-research/statistics-trends-and-reports/medicare-claims-synthetic-public-use-files/cms-2008-2010-data-entrepreneurs-synthetic-public-use-file-de-synpuf|rdfs:isDefinedBy http://www.ontology-of-units-of-measure.org/resource/om-2/NumberBotrytis3|dcterms:subject http://snomed.info/id/32485007,
XdString,qlacp174k7z5n56wrvo49v6u,HCPCS Code 30,Healthcare Common Procedure Coding System (HCPCS) code #30 for services rendered.,True,True,2026-03-25 15:09:59.594266+00:00,twcook@axius-sdc.com,rdfs:isDefinedBy https://www.cms.gov/data-research/statistics-trends-and-reports/medicare-claims-synthetic-public-use-files/cms-2008-2010-data-entrepreneurs-synthetic-public-use-file-de-synpuf|dcterms:subject http://snomed.info/id/32485007|rdfs:isDefinedBy sdc4:XdStringType/xdstring-language,
XdString,q2i4tobxjv45lt0bdnh6upu7,HCPCS Code 31,Healthcare Common Procedure Coding System (HCPCS) code #31 for services rendered.,True,True,2026-03-25 15:09:59.606468+00:00,twcook@axius-sdc.com,rdfs:isDefinedBy https://www.cms.gov/data-research/statistics-trends-and-reports/medicare-claims-synthetic-public-use-files/cms-2008-2010-data-entrepreneurs-synthetic-public-use-file-de-synpuf|dcterms:subject http://snomed.info/id/32485007|rdfs:isDefinedBy sdc4:XdStringType/xdstring-language,
XdString,ohsdb9uwl1n81b4zqwomnvm4,HCPCS Code 32,Healthcare Common Procedure Coding System (HCPCS) code #32 for services rendered.,True,True,2026-03-25 15:09:59.627241+00:00,twcook@axius-sdc.com,rdfs:isDefinedBy https://www.cms.gov/data-research/statistics-trends-and-reports/medicare-claims-synthetic-public-use-files/cms-2008-2010-data-entrepreneurs-synthetic-public-use-file-de-synpuf|dcterms:subject http://snomed.info/id/32485007|rdfs:isDefinedBy sdc4:XdStringType/xdstring-language,
XdString,l92rjpmkzy28cl2vh7emv8yc,HCPCS Code 33,Healthcare Common Procedure Coding System (HCPCS) code #33 for services rendered.,True,True,2026-03-25 15:09:59.639975+00:00,twcook@axius-sdc.com,rdfs:isDefinedBy https://www.cms.gov/data-research/statistics-trends-and-reports/medicare-claims-synthetic-public-use-files/cms-2008-2010-data-entrepreneurs-synthetic-public-use-file-de-synpuf|dcterms:subject http://snomed.info/id/32485007|rdfs:isDefinedBy sdc4:XdStringType/xdstring-language,
XdString,aahowrkpiq4arajk8xbzr9qh,HCPCS Code 34,Healthcare Common Procedure Coding System (HCPCS) code #34 for services rendered.,True,True,2026-03-25 15:09:59.649761+00:00,twcook@axius-sdc.com,rdfs:isDefinedBy https://www.cms.gov/data-research/statistics-trends-and-reports/medicare-claims-synthetic-public-use-files/cms-2008-2010-data-entrepreneurs-synthetic-public-use-file-de-synpuf|dcterms:subject http://snomed.info/id/32485007|rdfs:isDefinedBy sdc4:XdStringType/xdstring-language,
XdString,ppib0j203w9vt5p84nfqb0wr,HCPCS Code 35,Healthcare Common Procedure Coding System (HCPCS) code #35 for services rendered.,True,True,2026-03-25 15:09:59.660887+00:00,twcook@axius-sdc.com,rdfs:isDefinedBy https://www.cms.gov/data-research/statistics-trends-and-reports/medicare-claims-synthetic-public-use-files/cms-2008-2010-data-entrepreneurs-synthetic-public-use-file-de-synpuf|dcterms:subject http://snomed.info/id/32485007|rdfs:isDefinedBy sdc4:XdStringType/xdstring-language,
XdString,y3dvjqqbt2fg3hfh0xo2ci48,HCPCS Code 36,Healthcare Common Procedure Coding System (HCPCS) code #36 for services rendered.,True,True,2026-03-25 15:09:59.680609+00:00,twcook@axius-sdc.com,rdfs:isDefinedBy https://www.cms.gov/data-research/statistics-trends-and-reports/medicare-claims-synthetic-public-use-files/cms-2008-2010-data-entrepreneurs-synthetic-public-use-file-de-synpuf|dcterms:subject http://snomed.info/id/32485007|rdfs:isDefinedBy sdc4:XdStringType/xdstring-language,
XdString,z8fmnbd0cq9alk1ccoi4tab8,HCPCS Code 37,Healthcare Common Procedure Coding System (HCPCS) code #37 for services rendered.,True,True,2026-03-25 15:09:59.691860+00:00,twcook@axius-sdc.com,rdfs:isDefinedBy https://www.cms.gov/data-research/statistics-trends-and-reports/medicare-claims-synthetic-public-use-files/cms-2008-2010-data-entrepreneurs-synthetic-public-use-file-de-synpuf|dcterms:subject http://snomed.info/id/32485007|rdfs:isDefinedBy sdc4:XdStringType/xdstring-language,
XdString,q2jd76wizqqwpyq6mnhdsi1f,HCPCS Code 38,Healthcare Common Procedure Coding System (HCPCS) code #38 for services rendered.,True,True,2026-03-25 15:09:59.703524+00:00,twcook@axius-sdc.com,rdfs:isDefinedBy https://www.cms.gov/data-research/statistics-trends-and-reports/medicare-claims-synthetic-public-use-files/cms-2008-2010-data-entrepreneurs-synthetic-public-use-file-de-synpuf|dcterms:subject http://snomed.info/id/32485007|rdfs:isDefinedBy sdc4:XdStringType/xdstring-language,
XdString,gsi5muhypxr96vjy94lkjkpi,HCPCS Code 39,Healthcare Common Procedure Coding System (HCPCS) code #39 for services rendered.,True,True,2026-03-25 15:09:59.715270+00:00,twcook@axius-sdc.com,rdfs:isDefinedBy https://www.cms.gov/data-research/statistics-trends-and-reports/medicare-claims-synthetic-public-use-files/cms-2008-2010-data-entrepreneurs-synthetic-public-use-file-de-synpuf|dcterms:subject http://snomed.info/id/32485007|rdfs:isDefinedBy sdc4:XdStringType/xdstring-language,
XdString,z52ts5413a73cm8r5prnfrtz,HCPCS Code 4,Healthcare Common Procedure Coding System (HCPCS) code #4 for services rendered.,True,True,2026-03-25 15:09:59.287176+00:00,twcook@axius-sdc.com,rdfs:isDefinedBy https://www.cms.gov/data-research/statistics-trends-and-reports/medicare-claims-synthetic-public-use-files/cms-2008-2010-data-entrepreneurs-synthetic-public-use-file-de-synpuf|rdfs:isDefinedBy http://www.ontology-of-units-of-measure.org/resource/om-2/NumberBotrytis4|dcterms:subject http://snomed.info/id/32485007,
XdString,skh1oet7kisxztblbdy1birm,HCPCS Code 40,Healthcare Common Procedure Coding System (HCPCS) code #40 for services rendered.,True,True,2026-03-25 15:09:59.725689+00:00,twcook@axius-sdc.com,rdfs:isDefinedBy https://www.cms.gov/data-research/statistics-trends-and-reports/medicare-claims-synthetic-public-use-files/cms-2008-2010-data-entrepreneurs-synthetic-public-use-file-de-synpuf|dcterms:subject http://snomed.info/id/32485007|rdfs:isDefinedBy sdc4:XdStringType/xdstring-language,
XdString,ierah40okii9d12w6xily3f3,HCPCS Code 41,Healthcare Common Procedure Coding System (HCPCS) code #41 for services rendered.,True,True,2026-03-25 15:09:59.737936+00:00,twcook@axius-sdc.com,rdfs:isDefinedBy https://www.cms.gov/data-research/statistics-trends-and-reports/medicare-claims-synthetic-public-use-files/cms-2008-2010-data-entrepreneurs-synthetic-public-use-file-de-synpuf|dcterms:subject http://snomed.info/id/32485007|rdfs:isDefinedBy sdc4:XdStringType/xdstring-language,
XdString,ublff1qvjrzby4thdmajr0ou,HCPCS Code 42,Healthcare Common Procedure Coding System (HCPCS) code #42 for services rendered.,True,True,2026-03-25 15:09:59.747954+00:00,twcook@axius-sdc.com,rdfs:isDefinedBy https://www.cms.gov/data-research/statistics-trends-and-reports/medicare-claims-synthetic-public-use-files/cms-2008-2010-data-entrepreneurs-synthetic-public-use-file-de-synpuf|dcterms:subject http://snomed.info/id/32485007|rdfs:isDefinedBy sdc4:XdStringType/xdstring-language,
XdString,b93jaw5lpg5ks76twfvalmvk,HCPCS Code 43,Healthcare Common Procedure Coding System (HCPCS) code #43 for services rendered.,True,True,2026-03-25 15:09:59.758793+00:00,twcook@axius-sdc.com,rdfs:isDefinedBy https://www.cms.gov/data-research/statistics-trends-and-reports/medicare-claims-synthetic-public-use-files/cms-2008-2010-data-entrepreneurs-synthetic-public-use-file-de-synpuf|dcterms:subject http://snomed.info/id/32485007|rdfs:isDefinedBy sdc4:XdStringType/xdstring-language,
XdString,dh67y1qy9vxry9orfcfr59ui,HCPCS Code 44,Healthcare Common Procedure Coding System (HCPCS) code #44 for services rendered.,True,True,2026-03-25 15:09:59.771402+00:00,twcook@axius-sdc.com,rdfs:isDefinedBy https://www.cms.gov/data-research/statistics-trends-and-reports/medicare-claims-synthetic-public-use-files/cms-2008-2010-data-entrepreneurs-synthetic-public-use-file-de-synpuf|dcterms:subject http://snomed.info/id/32485007|rdfs:isDefinedBy sdc4:XdStringType/xdstring-language,
XdString,zj1qfezmo6v5i6wdy2ec3m1m,HCPCS Code 45,Healthcare Common Procedure Coding System (HCPCS) code #45 for services rendered.,True,True,2026-03-25 15:09:59.782179+00:00,twcook@axius-sdc.com,rdfs:isDefinedBy https://www.cms.gov/data-research/statistics-trends-and-reports/medicare-claims-synthetic-public-use-files/cms-2008-2010-data-entrepreneurs-synthetic-public-use-file-de-synpuf|dcterms:subject http://snomed.info/id/32485007|rdfs:isDefinedBy sdc4:XdStringType/xdstring-language,
XdString,z7qwy0scj4iyk27z7u37j2uc,HCPCS Code 5,Healthcare Common Procedure Coding System (HCPCS) code #5 for services rendered.,True,True,2026-03-25 15:09:59.298095+00:00,twcook@axius-sdc.com,rdfs:isDefinedBy https://www.cms.gov/data-research/statistics-trends-and-reports/medicare-claims-synthetic-public-use-files/cms-2008-2010-data-entrepreneurs-synthetic-public-use-file-de-synpuf|rdfs:isDefinedBy http://www.ontology-of-units-of-measure.org/resource/om-2/NumberManualFirmness0.5|dcterms:subject http://snomed.info/id/32485007,
XdString,e2vchho4c4sqwlecpa233wc1,HCPCS Code 6,Healthcare Common Procedure Coding System (HCPCS) code #6 for services rendered.,True,True,2026-03-25 15:09:59.310834+00:00,twcook@axius-sdc.com,rdfs:isDefinedBy https://www.cms.gov/data-research/statistics-trends-and-reports/medicare-claims-synthetic-public-use-files/cms-2008-2010-data-entrepreneurs-synthetic-public-use-file-de-synpuf|rdfs:isDefinedBy https://schema.org/iso6523Code|dcterms:subject http://snomed.info/id/32485007,
XdString,r66dx3zr363e6nusgn5bnivy,HCPCS Code 7,Healthcare Common Procedure Coding System (HCPCS) code #7 for services rendered.,True,True,2026-03-25 15:09:59.321653+00:00,twcook@axius-sdc.com,rdfs:isDefinedBy http://www.ontology-of-units-of-measure.org/resource/om-2/BudStadiumDay7|rdfs:isDefinedBy https://www.cms.gov/data-research/statistics-trends-and-reports/medicare-claims-synthetic-public-use-files/cms-2008-2010-data-entrepreneurs-synthetic-public-use-file-de-synpuf|dcterms:subject http://snomed.info/id/32485007,
XdString,wmh1u8whaxczqdiwk3ibn2j2,HCPCS Code 8,Healthcare Common Procedure Coding System (HCPCS) code #8 for services rendered.,True,True,2026-03-25 15:09:59.330785+00:00,twcook@axius-sdc.com,rdfs:isDefinedBy https://www.cms.gov/data-research/statistics-trends-and-reports/medicare-claims-synthetic-public-use-files/cms-2008-2010-data-entrepreneurs-synthetic-public-use-file-de-synpuf|dcterms:subject http://snomed.info/id/32485007|rdfs:isDefinedBy sdc4:XdStringType/xdstring-language,
XdString,iilb4o78sfhtm57o1lcg7oaj,HCPCS Code 9,Healthcare Common Procedure Coding System (HCPCS) code #9 for services rendered.,True,True,2026-03-25 15:09:59.342726+00:00,twcook@axius-sdc.com,rdfs:isDefinedBy http://www.ontology-of-units-of-measure.org/resource/om-2/gigametre|rdfs:isDefinedBy https://www.cms.gov/data-research/statistics-trends-and-reports/medicare-claims-synthetic-public-use-files/cms-2008-2010-data-entrepreneurs-synthetic-public-use-file-de-synpuf|dcterms:subject http://snomed.info/id/32485007,
XdString,a6yorxwcncsv94ve7r6azlpm,How do other people usually classify you in this country?,"BRFSS 2022: How do other people usually classify you in this country? Would you say White, Black or African American, Hispanic or Latino, Asian, Native Hawaiian or Other Pacific Islander, American Indian or Alaska Native, or some other group?. Section: Reactions to Race",True,True,2026-03-25 14:40:49.531978+00:00,twcook@axius-sdc.com,rdfs:isDefinedBy https://www.cdc.gov/brfss/annual_data/annual_2022.html|dcterms:subject http://snomed.info/id/410188000|rdfs:isDefinedBy sdc4:XdStringType/xdstring-language,
XdString,qj8fbbwjfur4m2zkn4gvhbyy,How do you feel you were treated at work compared to people of other races in past 12 months?,"BRFSS 2022: Within the past 12 months at work, do you feel you were treated worse than, the same as, or better than people of other races?. Section: Reactions to Race",True,True,2026-03-25 14:40:49.566305+00:00,twcook@axius-sdc.com,rdfs:isDefinedBy https://www.cdc.gov/brfss/annual_data/annual_2022.html|dcterms:subject http://snomed.info/id/410188000|rdfs:isDefinedBy sdc4:XdStringType/xdstring-language,
XdString,e9y5f1crc1uxg601qf08dho6,How Long Provided Care For Person.,BRFSS 2022: For how long have you provided care for that person?. Section: Caregiver,True,True,2026-03-25 14:40:48.809048+00:00,twcook@axius-sdc.com,rdfs:isDefinedBy https://www.cdc.gov/brfss/annual_data/annual_2022.html|dcterms:subject http://snomed.info/id/410188000|rdfs:isDefinedBy sdc4:XdStringType/xdstring-language,
XdString,j9uq2wgte72bgryy97px0gks,How many hours a week are you been able to work,"BRFSS 2022: Thinking about your CFS or ME, during the past 6 months, how many hours a week on average have you been able to work at a job or business for pay?. Section: ME/CFS",True,True,2026-03-25 14:40:48.304448+00:00,twcook@axius-sdc.com,rdfs:isDefinedBy https://www.cdc.gov/brfss/annual_data/annual_2022.html|dcterms:subject http://snomed.info/id/410188000|rdfs:isDefinedBy sdc4:XdStringType/xdstring-language,
XdString,tznfb3f1esb43aacgv2wlf2d,How Many Hours Do You Provide Care For Person?,"BRFSS 2022: In an average week, how many hours do you provide care or assistance?. Section: Caregiver",True,True,2026-03-25 14:40:48.821180+00:00,twcook@axius-sdc.com,rdfs:isDefinedBy https://www.cdc.gov/brfss/annual_data/annual_2022.html|dcterms:subject http://snomed.info/id/410188000|rdfs:isDefinedBy sdc4:XdStringType/xdstring-language,
XdString,m9s2tp6v6riohm72pqln9oer,How many HPV shots did you receive?,BRFSS 2022: How many HPV shots did you receive?. Section: HPV Vaccination,True,True,2026-03-25 14:40:48.342900+00:00,twcook@axius-sdc.com,rdfs:isDefinedBy https://www.cdc.gov/brfss/annual_data/annual_2022.html|dcterms:subject http://snomed.info/id/410188000|rdfs:isDefinedBy sdc4:XdStringType/xdstring-language,
XdString,zbzp2fztjz0rsyau2hhfwtdf,How Many Types of Cancer?,BRFSS 2022: How many different types of cancer have you had?. Section: Cancer Survivorship: Type of Cancer,True,True,2026-03-25 14:40:48.496011+00:00,twcook@axius-sdc.com,rdfs:isDefinedBy https://www.cdc.gov/brfss/annual_data/annual_2022.html|dcterms:subject http://snomed.info/id/410188000|rdfs:isDefinedBy sdc4:XdStringType/xdstring-language,
XdString,oa6g7smiparilrawogmd09fe,How many years have you smoked tobacco products?,"BRFSS 2022: Over your lifetime, how many years have you smoked tobacco products?. Section: Respiratory Health",True,True,2026-03-25 14:40:48.485136+00:00,twcook@axius-sdc.com,rdfs:isDefinedBy https://www.cdc.gov/brfss/annual_data/annual_2022.html|dcterms:subject http://snomed.info/id/410188000|rdfs:isDefinedBy sdc4:XdStringType/xdstring-language,
XdString,srjueb10um3seeruvykcdt8m,How Often Did Anyone Ever Force You to Have Sex?,"BRFSS 2022: How often did anyone at least 5 years older than you or an adult, force you to have sex?. Section: Adverse Childhood Experiences",True,True,2026-03-25 14:40:49.035626+00:00,twcook@axius-sdc.com,rdfs:isDefinedBy https://www.cdc.gov/brfss/annual_data/annual_2022.html|dcterms:subject http://snomed.info/id/410188000|rdfs:isDefinedBy sdc4:XdStringType/xdstring-language,
XdString,rdp3gofodsale3psriccsfrb,How Often Did Anyone Ever Touch You Sexually?,"BRFSS 2022: How often did anyone at least 5 years older than you or an adult, ever touch you sexually?. Section: Adverse Childhood Experiences",True,True,2026-03-25 14:40:49.009199+00:00,twcook@axius-sdc.com,rdfs:isDefinedBy https://www.cdc.gov/brfss/annual_data/annual_2022.html|dcterms:subject http://snomed.info/id/410188000|rdfs:isDefinedBy sdc4:XdStringType/xdstring-language,
XdString,fe5evm9w6pygxnnnslso8reo,How Often Did Anyone Make You Touch Them Sexually?,"BRFSS 2022: How often did anyone at least 5 years older than you or an adult, try to make you touch them sexually?. Section: Adverse Childhood Experiences",True,True,2026-03-25 14:40:49.023169+00:00,twcook@axius-sdc.com,rdfs:isDefinedBy https://www.cdc.gov/brfss/annual_data/annual_2022.html|dcterms:subject http://snomed.info/id/410188000|rdfs:isDefinedBy sdc4:XdStringType/xdstring-language,
XdString,bplukfqvvo2zrqtw90b6vfpn,How Often Did A Parent Physically Hurt You In Any Way?,"BRFSS 2022: Not including spanking, (before age 18), how often did a parent or adult in your home ever hit, beat, kick, or physically hurt you in any way? Was it—. Section: Adverse Childhood Experiences",True,True,2026-03-25 14:40:48.987045+00:00,twcook@axius-sdc.com,rdfs:isDefinedBy https://www.cdc.gov/brfss/annual_data/annual_2022.html|dcterms:subject http://snomed.info/id/410188000|rdfs:isDefinedBy sdc4:XdStringType/xdstring-language,
XdString,pc5p8o5y3wc7zj2j9v48jxt6,How Often Did A Parent Swear At You?,"BRFSS 2022: How often did a parent or adult in your home ever swear at you, insult you, or put you down?. Section: Adverse Childhood Experiences",True,True,2026-03-25 14:40:49.000334+00:00,twcook@axius-sdc.com,rdfs:isDefinedBy https://www.cdc.gov/brfss/annual_data/annual_2022.html|dcterms:subject http://snomed.info/id/410188000|rdfs:isDefinedBy sdc4:XdStringType/xdstring-language,
XdString,qmhmykkmhb0ep6ltqpv5vlmy,How Often Did Your Parents Beat Each Other Up?,"BRFSS 2022: How often did your parents or adults in your home ever slap, hit, kick, punch or beat each other up?. Section: Adverse Childhood Experiences",True,True,2026-03-25 14:40:48.975499+00:00,twcook@axius-sdc.com,rdfs:isDefinedBy https://www.cdc.gov/brfss/annual_data/annual_2022.html|dcterms:subject http://snomed.info/id/410188000|rdfs:isDefinedBy sdc4:XdStringType/xdstring-language,
XdString,w7vv03jyi6e1f8f8c7ucgbeb,How often do you think about your race?,"BRFSS 2022: How often do you think about your race? Would you say never, once a year, once a month, once a week, once a day, once an hour, or constantly?. Section: Reactions to Race",True,True,2026-03-25 14:40:49.546359+00:00,twcook@axius-sdc.com,rdfs:isDefinedBy https://www.cdc.gov/brfss/annual_data/annual_2022.html|dcterms:subject http://snomed.info/id/410188000|rdfs:isDefinedBy sdc4:XdStringType/xdstring-language,
XdString,dmies2nxdbt0yp2sq6249a8i,ICD-10-CM code 1,NHANES 2017-2018: ICD-10-CM code 1,True,True,2026-03-25 14:28:34.457308+00:00,twcook@axius-sdc.com,rdfs:isDefinedBy https://www.wikidata.org/wiki/Q5969475|rdfs:isDefinedBy https://wwwn.cdc.gov/nchs/nhanes/continuousnhanes/default.aspx?BeginYear=2017|skos:closeMatch http://snomed.info/id/439401001|dcterms:subject http://snomed.info/id/182832007,
XdString,gfzey96vu7jrstwfi1520u0u,ICD-10-CM code 2,NHANES 2017-2018: ICD-10-CM code 2,True,True,2026-03-25 14:28:34.468899+00:00,twcook@axius-sdc.com,rdfs:isDefinedBy https://schema.org/code|rdfs:isDefinedBy https://wwwn.cdc.gov/nchs/nhanes/continuousnhanes/default.aspx?BeginYear=2017|dcterms:subject http://snomed.info/id/182832007,
XdString,rbgl2g3qv04owwyodn3hucf0,ICD-10-CM code 3,NHANES 2017-2018: ICD-10-CM code 3,True,True,2026-03-25 14:28:34.481226+00:00,twcook@axius-sdc.com,rdfs:isDefinedBy https://schema.org/code|rdfs:isDefinedBy https://wwwn.cdc.gov/nchs/nhanes/continuousnhanes/default.aspx?BeginYear=2017|dcterms:subject http://snomed.info/id/182832007,
XdString,h2qmxy3eg8z2tbjpdv72i88s,ICD-9-CM Diagnosis Code 1,ICD-9-CM diagnosis code #1 associated with the claim.,True,True,2026-03-25 15:09:59.080112+00:00,twcook@axius-sdc.com,rdfs:isDefinedBy http://www.ontology-of-units-of-measure.org/resource/om-2/femtometre|rdfs:isDefinedBy https://www.cms.gov/data-research/statistics-trends-and-reports/medicare-claims-synthetic-public-use-files/cms-2008-2010-data-entrepreneurs-synthetic-public-use-file-de-synpuf|dcterms:subject http://snomed.info/id/32485007,
XdString,xqzv440kq21libnr35norscf,ICD-9-CM Diagnosis Code 2,ICD-9-CM diagnosis code #2 associated with the claim.,True,True,2026-03-25 15:09:59.099366+00:00,twcook@axius-sdc.com,rdfs:isDefinedBy https://www.cms.gov/data-research/statistics-trends-and-reports/medicare-claims-synthetic-public-use-files/cms-2008-2010-data-entrepreneurs-synthetic-public-use-file-de-synpuf|rdfs:isDefinedBy http://www.ontology-of-units-of-measure.org/resource/om-2/NumberBotrytis2|dcterms:subject http://snomed.info/id/32485007,
XdString,nfbphildqp54672gyzzcjl4x,ICD-9-CM Diagnosis Code 3,ICD-9-CM diagnosis code #3 associated with the claim.,True,True,2026-03-25 15:09:59.109484+00:00,twcook@axius-sdc.com,rdfs:isDefinedBy https://www.cms.gov/data-research/statistics-trends-and-reports/medicare-claims-synthetic-public-use-files/cms-2008-2010-data-entrepreneurs-synthetic-public-use-file-de-synpuf|rdfs:isDefinedBy http://www.ontology-of-units-of-measure.org/resource/om-2/NumberBotrytis3|dcterms:subject http://snomed.info/id/32485007,
XdString,gbnlnwceh9nj0uc0klkhc42w,ICD-9-CM Diagnosis Code 4,ICD-9-CM diagnosis code #4 associated with the claim.,True,True,2026-03-25 15:09:59.122791+00:00,twcook@axius-sdc.com,rdfs:isDefinedBy https://www.cms.gov/data-research/statistics-trends-and-reports/medicare-claims-synthetic-public-use-files/cms-2008-2010-data-entrepreneurs-synthetic-public-use-file-de-synpuf|rdfs:isDefinedBy http://www.ontology-of-units-of-measure.org/resource/om-2/NumberBotrytis4|dcterms:subject http://snomed.info/id/32485007,
XdString,me15caiqjhwjoygt9vtm7ux5,ICD-9-CM Diagnosis Code 5,ICD-9-CM diagnosis code #5 associated with the claim.,True,True,2026-03-25 15:09:59.136613+00:00,twcook@axius-sdc.com,rdfs:isDefinedBy https://www.cms.gov/data-research/statistics-trends-and-reports/medicare-claims-synthetic-public-use-files/cms-2008-2010-data-entrepreneurs-synthetic-public-use-file-de-synpuf|rdfs:isDefinedBy http://www.ontology-of-units-of-measure.org/resource/om-2/NumberManualFirmness0.5|dcterms:subject http://snomed.info/id/32485007,
XdString,bszrtosi43ipepmk6vejrvkf,ICD-9-CM Diagnosis Code 6,ICD-9-CM diagnosis code #6 associated with the claim.,True,True,2026-03-25 15:09:59.148465+00:00,twcook@axius-sdc.com,rdfs:isDefinedBy https://www.cms.gov/data-research/statistics-trends-and-reports/medicare-claims-synthetic-public-use-files/cms-2008-2010-data-entrepreneurs-synthetic-public-use-file-de-synpuf|rdfs:isDefinedBy https://schema.org/iso6523Code|dcterms:subject http://snomed.info/id/32485007,
XdString,n48x3erx8tw7mcrmq9vfr6c6,ICD-9-CM Diagnosis Code 7,ICD-9-CM diagnosis code #7 associated with the claim.,True,True,2026-03-25 15:09:59.161932+00:00,twcook@axius-sdc.com,rdfs:isDefinedBy http://www.ontology-of-units-of-measure.org/resource/om-2/BudStadiumDay7|rdfs:isDefinedBy https://www.cms.gov/data-research/statistics-trends-and-reports/medicare-claims-synthetic-public-use-files/cms-2008-2010-data-entrepreneurs-synthetic-public-use-file-de-synpuf|dcterms:subject http://snomed.info/id/32485007,
XdString,gq1yxmndkr0w5x0kuf86qxa7,ICD-9-CM Diagnosis Code 8,ICD-9-CM diagnosis code #8 associated with the claim.,True,True,2026-03-25 15:09:59.177460+00:00,twcook@axius-sdc.com,rdfs:isDefinedBy https://www.cms.gov/data-research/statistics-trends-and-reports/medicare-claims-synthetic-public-use-files/cms-2008-2010-data-entrepreneurs-synthetic-public-use-file-de-synpuf|dcterms:subject http://snomed.info/id/32485007|rdfs:isDefinedBy sdc4:XdStringType/xdstring-language,
XdString,w8ql169vo0ux7ujyc45lfknb,ICD-9-CM Diagnosis Code 9,ICD-9-CM diagnosis code #9 associated with the claim.,True,True,2026-03-25 15:09:59.191424+00:00,twcook@axius-sdc.com,rdfs:isDefinedBy http://www.ontology-of-units-of-measure.org/resource/om-2/gigametre|rdfs:isDefinedBy https://www.cms.gov/data-research/statistics-trends-and-reports/medicare-claims-synthetic-public-use-files/cms-2008-2010-data-entrepreneurs-synthetic-public-use-file-de-synpuf|dcterms:subject http://snomed.info/id/32485007,
XdString,mg6dmqlur3wbv7qtlwtzg9df,ICD-9-CM Procedure Code 2,ICD-9-CM procedure code #2 performed during the claim.,True,True,2026-03-25 15:09:59.213303+00:00,twcook@axius-sdc.com,rdfs:isDefinedBy https://www.cms.gov/data-research/statistics-trends-and-reports/medicare-claims-synthetic-public-use-files/cms-2008-2010-data-entrepreneurs-synthetic-public-use-file-de-synpuf|rdfs:isDefinedBy http://www.ontology-of-units-of-measure.org/resource/om-2/NumberBotrytis2|dcterms:subject http://snomed.info/id/32485007,
XdString,fxehuqw4eh94vo2rzo449172,ICD-9-CM Procedure Code 3,ICD-9-CM procedure code #3 performed during the claim.,True,True,2026-03-25 15:09:59.225410+00:00,twcook@axius-sdc.com,rdfs:isDefinedBy https://www.cms.gov/data-research/statistics-trends-and-reports/medicare-claims-synthetic-public-use-files/cms-2008-2010-data-entrepreneurs-synthetic-public-use-file-de-synpuf|rdfs:isDefinedBy http://www.ontology-of-units-of-measure.org/resource/om-2/NumberBotrytis3|dcterms:subject http://snomed.info/id/32485007,
XdString,lsb4gj0w05u6kv7oog7lv9zu,ICD-9-CM Procedure Code 4,ICD-9-CM procedure code #4 performed during the claim.,True,True,2026-03-25 15:09:59.236408+00:00,twcook@axius-sdc.com,rdfs:isDefinedBy https://www.cms.gov/data-research/statistics-trends-and-reports/medicare-claims-synthetic-public-use-files/cms-2008-2010-data-entrepreneurs-synthetic-public-use-file-de-synpuf|rdfs:isDefinedBy http://www.ontology-of-units-of-measure.org/resource/om-2/NumberBotrytis4|dcterms:subject http://snomed.info/id/32485007,
XdString,h3hehrlo5zbiedfmva6aw8v8,ICD9_DGNS_CD_10 (duplicate label),Generated XdString component,True,True,2026-03-25 15:15:58.478649+00:00,twcook@axius-sdc.com,,
XdString,r3lgrusha3kzugs923vdc9dd,ICD9_PRCDR_CD_1 (duplicate label),Generated XdString component,True,True,2026-03-25 15:15:58.492449+00:00,twcook@axius-sdc.com,,
XdString,hgly59s8t8wukcl142chc7ax,ICD9_PRCDR_CD_5 (duplicate label),Generated XdString component,True,True,2026-03-25 15:15:58.513721+00:00,twcook@axius-sdc.com,,
XdString,qz2pyzv4b8thxm82l38kzfb2,ICD9_PRCDR_CD_6 (duplicate label),Generated XdString component,True,True,2026-03-25 15:15:58.525934+00:00,twcook@axius-sdc.com,,
XdString,z9ngcby6ah7p6vfnzmggc64n,Impairment requiring special equipment,NHANES 2017-2018: Impairment requiring special equipment,True,True,2026-03-25 14:38:45.970947+00:00,twcook@axius-sdc.com,rdfs:isDefinedBy https://w3id.org/semanticarts/ns/ontology/gist/Equipment|rdfs:isDefinedBy https://wwwn.cdc.gov/nchs/nhanes/continuousnhanes/default.aspx?BeginYear=2017|dcterms:subject http://snomed.info/id/301857004,
XdString,yx40vcmj2fx4ehr9lzi3x0xm,Instructions Written or Printed,BRFSS 2022: Were these instructions written down or printed on paper for you?. Section: Cancer Survivorship: Course of Treatment,True,True,2026-03-25 14:40:48.585156+00:00,twcook@axius-sdc.com,rdfs:isDefinedBy https://www.cdc.gov/brfss/annual_data/annual_2022.html|dcterms:subject http://snomed.info/id/410188000|rdfs:isDefinedBy sdc4:XdStringType/xdstring-language,
XdString,ytrd3gws2uxqg9gswxju8ph9,Intend to get COVID-19 vaccination,"BRFSS 2022: Would you say you have already received all recommended doses, plan to receive all recommended doses or do not plan to receive all recommended doses?. Section: COVID Vaccination. Note: Which of the following best describes your intent to take the recommended COVID vaccinations…",True,True,2026-03-25 14:40:48.401929+00:00,twcook@axius-sdc.com,rdfs:isDefinedBy https://www.cdc.gov/brfss/annual_data/annual_2022.html|dcterms:subject http://snomed.info/id/410188000|rdfs:isDefinedBy sdc4:XdStringType/xdstring-language,
XdString,hwjz5o9a9s3gmriacwe2tfka,Interval Since Last Smoked,"BRFSS 2022: How long has it been since you last smoked a cigarette, even one or two puffs?. Section: Tobacco Cessation",True,True,2026-03-25 14:40:49.198837+00:00,twcook@axius-sdc.com,rdfs:isDefinedBy https://www.cdc.gov/brfss/annual_data/annual_2022.html|dcterms:subject http://snomed.info/id/410188000|rdfs:isDefinedBy sdc4:XdStringType/xdstring-language,
XdString,wbo8zc6dhe3lf0khhrdon43a,Is Pain Under Control?,BRFSS 2022: Would you say your pain is currently under control…?. Section: Cancer Survivorship: Pain Management,True,True,2026-03-25 14:40:48.642968+00:00,twcook@axius-sdc.com,rdfs:isDefinedBy https://www.cdc.gov/brfss/annual_data/annual_2022.html|dcterms:subject http://snomed.info/id/410188000|rdfs:isDefinedBy sdc4:XdStringType/xdstring-language,
XdString,o15akywdp66cqi6wkvu49hl4,Is this a cell phone?,BRFSS 2022: Is this a cell phone?. Section: Cell Phone Introduction. Note: Variable only on the cell phone survey,True,True,2026-03-25 14:40:47.665976+00:00,twcook@axius-sdc.com,rdfs:isDefinedBy https://www.cdc.gov/brfss/annual_data/annual_2022.html|dcterms:subject http://snomed.info/id/410188000|rdfs:isDefinedBy sdc4:XdStringType/xdstring-language,
XdString,bdd1dkjfqkcsvblg1hfz4vtf,Last Eye Exam Where Pupils Were Dilated,"BRFSS 2022: When was the last time you had an eye exam in which the pupils were dilated, making you temporarily sensitive to bright light?. Section: Diabetes",True,True,2026-03-25 14:40:48.237706+00:00,twcook@axius-sdc.com,rdfs:isDefinedBy https://www.cdc.gov/brfss/annual_data/annual_2022.html|dcterms:subject http://snomed.info/id/410188000|rdfs:isDefinedBy sdc4:XdStringType/xdstring-language,
XdString,ur5sbcde8xg05zsmwdsg5d9r,Last Visited Dentist or Dental Clinic,"BRFSS 2022: Including all types of dentists, such as orthodontists, oral surgeons, and all other dental specialists, as well as dental hygienists, how long has it been since you last visited a dentist or a dental clinic for any reason?. Section: Oral Health",True,True,2026-03-25 14:40:47.808242+00:00,twcook@axius-sdc.com,rdfs:isDefinedBy https://www.cdc.gov/brfss/annual_data/annual_2022.html|dcterms:subject http://snomed.info/id/410188000|rdfs:isDefinedBy sdc4:XdStringType/xdstring-language,
XdString,rziszn3dko8z8wn69dgce6r6,Liver condition: Autoimmune hepatitis,NHANES 2017-2018: Liver condition: Autoimmune hepatitis,True,True,2026-03-25 14:29:49.487623+00:00,twcook@axius-sdc.com,rdfs:isDefinedBy https://wwwn.cdc.gov/nchs/nhanes/continuousnhanes/default.aspx?BeginYear=2017|dcterms:subject http://snomed.info/id/84100007|rdfs:isDefinedBy sdc4:XdStringType/xdstring-language,
XdString,o5u0hg7vehp44umuwzswrl3g,Liver condition: Liver cirrhosis,NHANES 2017-2018: Liver condition: Liver cirrhosis,True,True,2026-03-25 14:29:49.465834+00:00,twcook@axius-sdc.com,rdfs:isDefinedBy https://wwwn.cdc.gov/nchs/nhanes/continuousnhanes/default.aspx?BeginYear=2017|dcterms:subject http://snomed.info/id/84100007|rdfs:isDefinedBy sdc4:XdStringType/xdstring-language,
XdString,ve866tgvgd1bvoge6ppkl8pb,Liver condition: Viral hepatitis,NHANES 2017-2018: Liver condition: Viral hepatitis,True,True,2026-03-25 14:29:49.476663+00:00,twcook@axius-sdc.com,rdfs:isDefinedBy https://wwwn.cdc.gov/nchs/nhanes/continuousnhanes/default.aspx?BeginYear=2017|dcterms:subject http://snomed.info/id/84100007|rdfs:isDefinedBy sdc4:XdStringType/xdstring-language,
XdString,jn4esgcmnpr1yg80sw5mpxpd,"Live With Anyone Depressed, Mentally Ill, Or Suicidal?","BRFSS 2022: Did you live with anyone who was depressed, mentally ill, or suicidal?. Section: Adverse Childhood Experiences",True,True,2026-03-25 14:40:48.918412+00:00,twcook@axius-sdc.com,rdfs:isDefinedBy https://www.cdc.gov/brfss/annual_data/annual_2022.html|dcterms:subject http://snomed.info/id/410188000|rdfs:isDefinedBy sdc4:XdStringType/xdstring-language,
XdString,ul5yxg5f9wvp5ybyvc1x3dh5,Live With Anyone Who Served TIme in Prison or Jail?,"BRFSS 2022: Did you live with anyone who served time or was sentenced to serve time in a prison, jail, or other correctional facility?. Section: Adverse Childhood Experiences",True,True,2026-03-25 14:40:48.951037+00:00,twcook@axius-sdc.com,rdfs:isDefinedBy https://www.cdc.gov/brfss/annual_data/annual_2022.html|dcterms:subject http://snomed.info/id/410188000|rdfs:isDefinedBy sdc4:XdStringType/xdstring-language,
XdString,sndxjv0x1jsapb321feag6lk,Live With Anyone Who Used Illegal Drugs or Abused Prescriptions?,BRFSS 2022: Did you live with anyone who used illegal street drugs or who abused prescription medications?. Section: Adverse Childhood Experiences,True,True,2026-03-25 14:40:48.939489+00:00,twcook@axius-sdc.com,rdfs:isDefinedBy https://www.cdc.gov/brfss/annual_data/annual_2022.html|dcterms:subject http://snomed.info/id/410188000|rdfs:isDefinedBy sdc4:XdStringType/xdstring-language,
XdString,opfg5th7vpmkl3gke89jeyvb,Live With a Problem Drinker/Alcoholic?,BRFSS 2022: Did you live with anyone who was a problem drinker or alcoholic?. Section: Adverse Childhood Experiences,True,True,2026-03-25 14:40:48.929310+00:00,twcook@axius-sdc.com,rdfs:isDefinedBy https://www.cdc.gov/brfss/annual_data/annual_2022.html|dcterms:subject http://snomed.info/id/410188000|rdfs:isDefinedBy sdc4:XdStringType/xdstring-language,
XdString,i7ef7hn8fh7ikp5l4896e8cc,Long term impairment/health problem,NHANES 2017-2018: Long term impairment/health problem,True,True,2026-03-25 14:38:45.957056+00:00,twcook@axius-sdc.com,rdfs:isDefinedBy https://www.wikidata.org/wiki/Q52925152|rdfs:isDefinedBy https://wwwn.cdc.gov/nchs/nhanes/continuousnhanes/default.aspx?BeginYear=2017|dcterms:subject http://snomed.info/id/301857004,
XdString,guv9ah9xeebrsdof3b4tdsnz,Managed household tasks,"BRFSS 2022: In the past 30 days, did you provide care for this person by managing household tasks such as cleaning, managing money, or preparing meals?. Section: Caregiver",True,True,2026-03-25 14:40:48.883767+00:00,twcook@axius-sdc.com,rdfs:isDefinedBy https://www.cdc.gov/brfss/annual_data/annual_2022.html|dcterms:subject http://snomed.info/id/410188000|rdfs:isDefinedBy sdc4:XdStringType/xdstring-language,
XdString,y4s2k1l9fxb1mfertskpzi5o,Managed personal care,"BRFSS 2022: In the past 30 days, did you provide care for this person by managing personal care such as giving medications, feeding, dressing, or bathing?. Section: Caregiver",True,True,2026-03-25 14:40:48.858752+00:00,twcook@axius-sdc.com,rdfs:isDefinedBy https://www.cdc.gov/brfss/annual_data/annual_2022.html|dcterms:subject http://snomed.info/id/410188000|rdfs:isDefinedBy sdc4:XdStringType/xdstring-language,
XdString,xconmt8ydje519sp3j0h1qxh,Marlboro variety,NHANES 2017-2018: Marlboro variety,True,True,2026-03-25 14:35:45.685607+00:00,twcook@axius-sdc.com,rdfs:isDefinedBy https://wwwn.cdc.gov/nchs/nhanes/continuousnhanes/default.aspx?BeginYear=2017|dcterms:subject http://snomed.info/id/365981007|rdfs:isDefinedBy sdc4:XdStringType/xdstring-language,
XdString,j1ctoimoxdn4en40rhdnn1pu,Month/Year of first COVID-19 vaccination,BRFSS 2022: During what month and year did you receive your (first) COVID-19 vaccination?. Section: COVID Vaccination,True,True,2026-03-25 14:40:48.413297+00:00,twcook@axius-sdc.com,rdfs:isDefinedBy https://www.cdc.gov/brfss/annual_data/annual_2022.html|dcterms:subject http://snomed.info/id/410188000|rdfs:isDefinedBy sdc4:XdStringType/xdstring-language,
XdString,digbki1kll1kvwcq9snlx7lp,Month/Year of second COVID-19 vaccination,BRFSS 2022: During what month and year did you receive your second COVID-19 vaccination?. Section: COVID Vaccination,True,True,2026-03-25 14:40:48.425035+00:00,twcook@axius-sdc.com,rdfs:isDefinedBy https://www.cdc.gov/brfss/annual_data/annual_2022.html|dcterms:subject http://snomed.info/id/410188000|rdfs:isDefinedBy sdc4:XdStringType/xdstring-language,
XdString,x5dju6n0birtiddape7u5lk0,More than 3 kinds of cancer,NHANES 2017-2018: More than 3 kinds of cancer,True,True,2026-03-25 14:29:49.584962+00:00,twcook@axius-sdc.com,rdfs:isDefinedBy http://semanticscience.org/resource/SIO_000422|rdfs:isDefinedBy https://wwwn.cdc.gov/nchs/nhanes/continuousnhanes/default.aspx?BeginYear=2017|dcterms:subject http://snomed.info/id/84100007,
XdString,hmzi44te3yhhmy36qspnijw7,Need assistance with day-to_day activities due to confusion or memory loss,"BRFSS 2022: As a result of confusion or memory loss, how often do you need assistance with these day-to-day activities?. Section: Cognitive Decline",True,True,2026-03-25 14:40:48.740201+00:00,twcook@axius-sdc.com,rdfs:isDefinedBy https://www.cdc.gov/brfss/annual_data/annual_2022.html|dcterms:subject http://snomed.info/id/410188000|rdfs:isDefinedBy sdc4:XdStringType/xdstring-language,
XdString,mi4bsnxh10tzf01cqomgiodc,Newport variety,NHANES 2017-2018: Newport variety,True,True,2026-03-25 14:35:45.717323+00:00,twcook@axius-sdc.com,rdfs:isDefinedBy https://wwwn.cdc.gov/nchs/nhanes/continuousnhanes/default.aspx?BeginYear=2017|dcterms:subject http://snomed.info/id/365981007|rdfs:isDefinedBy sdc4:XdStringType/xdstring-language,
XdString,ws73k5mhwwz2lvwxbi4bqkvo,Now Taking Insulin,BRFSS 2022: Are you now taking insulin?. Section: Diabetes,True,True,2026-03-25 14:40:48.208485+00:00,twcook@axius-sdc.com,rdfs:isDefinedBy https://www.cdc.gov/brfss/annual_data/annual_2022.html|dcterms:subject http://snomed.info/id/410188000|rdfs:isDefinedBy sdc4:XdStringType/xdstring-language,
XdString,axbjsfrqzb3g8kcv8or2i9yp,Number of Adult men in Household,BRFSS 2022: How many of these adults are men?. Section: Land Line Introduction. Note: Variable only on the land line survey,True,True,2026-03-25 14:40:47.616915+00:00,twcook@axius-sdc.com,rdfs:isDefinedBy https://www.cdc.gov/brfss/annual_data/annual_2022.html|dcterms:subject http://snomed.info/id/410188000|rdfs:isDefinedBy sdc4:XdStringType/xdstring-language,
XdString,kv658k9gxgjgsuszj4glt9aj,Number of Adults in Household,"BRFSS 2022: How many members of your household, including yourself, are 18 years of age or older?. Section: Cell Phone Introduction. Note: Variable only on the cell phone survey",True,True,2026-03-25 14:40:47.746614+00:00,twcook@axius-sdc.com,rdfs:isDefinedBy https://www.cdc.gov/brfss/annual_data/annual_2022.html|dcterms:subject http://snomed.info/id/410188000|rdfs:isDefinedBy sdc4:XdStringType/xdstring-language,
XdString,b3zoh4ro94q02nzn53p55fti,Number of Adult women in Household,BRFSS 2022: So the number of women in the household is [X]. Is that correct?. Section: Land Line Introduction. Note: Variable only on the land line survey,True,True,2026-03-25 14:40:47.627631+00:00,twcook@axius-sdc.com,rdfs:isDefinedBy https://www.cdc.gov/brfss/annual_data/annual_2022.html|dcterms:subject http://snomed.info/id/410188000|rdfs:isDefinedBy sdc4:XdStringType/xdstring-language,
XdString,ima14nb5vxzz9y0mqqulf0sp,Number of COVID-19 vaccinations received,BRFSS 2022: How many COVID-19 vaccinations have you received?. Section: COVID Vaccination,True,True,2026-03-25 14:40:48.392512+00:00,twcook@axius-sdc.com,rdfs:isDefinedBy https://www.cdc.gov/brfss/annual_data/annual_2022.html|dcterms:subject http://snomed.info/id/410188000|rdfs:isDefinedBy sdc4:XdStringType/xdstring-language,
XdString,emf890l1cpwi6dhe8b1upy3l,Number of Permanent Teeth Removed,"BRFSS 2022: Not including teeth lost for injury or orthodontics, how many of your permanent teeth have been removed because of tooth decay or gum disease?. Section: Oral Health",True,True,2026-03-25 14:40:47.818307+00:00,twcook@axius-sdc.com,rdfs:isDefinedBy https://www.cdc.gov/brfss/annual_data/annual_2022.html|dcterms:subject http://snomed.info/id/410188000|rdfs:isDefinedBy sdc4:XdStringType/xdstring-language,
XdString,pp5jixhj98v58f3xv3fsf23l,Offered advice about what level of drinking is harmful or risky?,BRFSS 2022: Were you offered advice about what level of drinking is harmful or risky for your health?. Section: Alcohol Screening &amp; Brief Intervention (ASBI),True,True,2026-03-25 14:40:49.293251+00:00,twcook@axius-sdc.com,rdfs:isDefinedBy https://www.cdc.gov/brfss/annual_data/annual_2022.html|dcterms:subject http://snomed.info/id/410188000|rdfs:isDefinedBy sdc4:XdStringType/xdstring-language,
XdString,etk8i3gy6ubj8e25jsum0e5j,Other brand,NHANES 2017-2018: Other brand,True,True,2026-03-25 14:35:45.728615+00:00,twcook@axius-sdc.com,rdfs:isDefinedBy https://schema.org/Brand|rdfs:isDefinedBy https://wwwn.cdc.gov/nchs/nhanes/continuousnhanes/default.aspx?BeginYear=2017|dcterms:subject http://snomed.info/id/365981007,
XdString,yer5uf6xfvm4bx2yejd5je79,Participate In Clinical Trial As Part Of Cancer Treatment?,BRFSS 2022: Did you participate in a clinical trial as part of your cancer treatment?. Section: Cancer Survivorship: Course of Treatment,True,True,2026-03-25 14:40:48.619801+00:00,twcook@axius-sdc.com,rdfs:isDefinedBy https://www.cdc.gov/brfss/annual_data/annual_2022.html|dcterms:subject http://snomed.info/id/410188000|rdfs:isDefinedBy sdc4:XdStringType/xdstring-language,
XdString,jyzu69p6fn9php8e9tgh0w9s,Provided regular care for family or friend,"BRFSS 2022: During the past 30 days, did you provide regular care or assistance to a friend or family member who has a health problem or disability?. Section: Caregiver",True,True,2026-03-25 14:40:48.783922+00:00,twcook@axius-sdc.com,rdfs:isDefinedBy https://www.cdc.gov/brfss/annual_data/annual_2022.html|dcterms:subject http://snomed.info/id/410188000|rdfs:isDefinedBy sdc4:XdStringType/xdstring-language,
XdString,hmms66svrt1ihiue1s8d4wgl,Provider Institution Number,CMS Certification Number (CCN) of the institutional provider.,True,True,2026-03-25 15:09:58.988158+00:00,twcook@axius-sdc.com,rdfs:isDefinedBy https://www.cms.gov/data-research/statistics-trends-and-reports/medicare-claims-synthetic-public-use-files/cms-2008-2010-data-entrepreneurs-synthetic-public-use-file-de-synpuf|dcterms:subject http://snomed.info/id/32485007|rdfs:isDefinedBy sdc4:XdStringType/xdstring-language,
XdString,fhql7nu3qfc6y7mf024bopch,Received at least one COVID-19 vaccination,BRFSS 2022: Have you received at least one dose of a COVID-19 vaccination?. Section: COVID Vaccination,True,True,2026-03-25 14:40:48.368049+00:00,twcook@axius-sdc.com,rdfs:isDefinedBy https://www.cdc.gov/brfss/annual_data/annual_2022.html|dcterms:subject http://snomed.info/id/410188000|rdfs:isDefinedBy sdc4:XdStringType/xdstring-language,
XdString,v9vow51yc8ebob1zdpvxtuq3,Relationship Of Person To Whom You Are Giving Care?,BRFSS 2022: What is his or her relationship to you?. Section: Caregiver,True,True,2026-03-25 14:40:48.797471+00:00,twcook@axius-sdc.com,rdfs:isDefinedBy https://www.cdc.gov/brfss/annual_data/annual_2022.html|dcterms:subject http://snomed.info/id/410188000|rdfs:isDefinedBy sdc4:XdStringType/xdstring-language,
XdString,az4gx3c5f9krg29pl4v863d0,Safe time to talk,BRFSS 2022: Is this a safe time to talk with you?. Section: Cell Phone Introduction. Note: Variable only on the cell phone survey,True,True,2026-03-25 14:40:47.641446+00:00,twcook@axius-sdc.com,rdfs:isDefinedBy https://www.cdc.gov/brfss/annual_data/annual_2022.html|dcterms:subject http://snomed.info/id/410188000|rdfs:isDefinedBy sdc4:XdStringType/xdstring-language,
XdString,zuczzj1kbti4qgxvb5nj4d2g,Sexual orientation,BRFSS 2022: Which of the following best represents how you think of yourself?. Section: Sexual Orientation and Gender Identity (SOGI),True,True,2026-03-25 14:40:49.416428+00:00,twcook@axius-sdc.com,rdfs:isDefinedBy https://www.cdc.gov/brfss/annual_data/annual_2022.html|dcterms:subject http://snomed.info/id/410188000|rdfs:isDefinedBy sdc4:XdStringType/xdstring-language,
XdString,jfn1hjz1i4qn0zv0xlratfe5,Sexual orientation,BRFSS 2022: Which of the following best represents how you think of yourself?. Section: Sexual Orientation and Gender Identity (SOGI),True,True,2026-03-25 14:40:49.402720+00:00,twcook@axius-sdc.com,rdfs:isDefinedBy https://www.cdc.gov/brfss/annual_data/annual_2022.html|dcterms:subject http://snomed.info/id/410188000|rdfs:isDefinedBy sdc4:XdStringType/xdstring-language,
XdString,r1ql14mwgsv54af9yeyjvnoi,Still have Chronic Fatigue Syndrome or Myalgic Encephalomyelitis,BRFSS 2022: Do you still have Chronic Fatigue Syndrome (CFS) or (Myalgic Encephalomyelitis) ME?. Section: ME/CFS,True,True,2026-03-25 14:40:48.294347+00:00,twcook@axius-sdc.com,rdfs:isDefinedBy https://www.cdc.gov/brfss/annual_data/annual_2022.html|dcterms:subject http://snomed.info/id/410188000|rdfs:isDefinedBy sdc4:XdStringType/xdstring-language,
XdString,l4kom6v9wp21vwn97ggnav05,Stopped Smoking in past 12 months,"BRFSS 2022: During the past 12 months, have you stopped smoking for one day or longer because you were trying to quit smoking?. Section: Tobacco Cessation",True,True,2026-03-25 14:40:49.209078+00:00,twcook@axius-sdc.com,rdfs:isDefinedBy https://www.cdc.gov/brfss/annual_data/annual_2022.html|dcterms:subject http://snomed.info/id/410188000|rdfs:isDefinedBy sdc4:XdStringType/xdstring-language,
XdString,pybkrb2dcydbgd6upci04nww,Times Checked for Glycosylated Hemoglobin,"BRFSS 2022: About how many times in the past 12 months has a doctor, nurse, or other health professional checked you for A-one-C?. Section: Diabetes",True,True,2026-03-25 14:40:48.223526+00:00,twcook@axius-sdc.com,rdfs:isDefinedBy https://www.cdc.gov/brfss/annual_data/annual_2022.html|dcterms:subject http://snomed.info/id/410188000|rdfs:isDefinedBy sdc4:XdStringType/xdstring-language,
XdString,q4vgat12m9c3st7id9gzw4rs,Time Since Most Recent PSA Test,BRFSS 2022: About how long has it been since your most recent P.S.A. test?. Section: Prostate Cancer Screening,True,True,2026-03-25 14:40:48.667156+00:00,twcook@axius-sdc.com,rdfs:isDefinedBy https://www.cdc.gov/brfss/annual_data/annual_2022.html|dcterms:subject http://snomed.info/id/410188000|rdfs:isDefinedBy sdc4:XdStringType/xdstring-language,
XdString,abtyp285cenjl0oxlqul4edq,Times past 30 days felt physical symptoms because of treatment due to your race,"BRFSS 2022: Within the past 30 days, have you experienced any physical symptoms, for example, a headache, an upset stomach, tensing of your muscles, or a pounding heart, as a result of how you were treated based on your race?. Section: Reactions to Race",True,True,2026-03-25 14:40:49.585806+00:00,twcook@axius-sdc.com,rdfs:isDefinedBy https://www.cdc.gov/brfss/annual_data/annual_2022.html|dcterms:subject http://snomed.info/id/410188000|rdfs:isDefinedBy sdc4:XdStringType/xdstring-language,
XdString,y67xzfs5uajp40sxewj1j6vy,Told had Chronic Fatigue Syndrome (CFS) or (Myalgic Encephalomyelitis) ME,BRFSS 2022: Have you ever been told by a doctor or other health professional that you had Chronic Fatigue Syndrome (CFS) or (Myalgic Encephalomyelitis) ME?. Section: ME/CFS,True,True,2026-03-25 14:40:48.283173+00:00,twcook@axius-sdc.com,rdfs:isDefinedBy https://www.cdc.gov/brfss/annual_data/annual_2022.html|dcterms:subject http://snomed.info/id/410188000|rdfs:isDefinedBy sdc4:XdStringType/xdstring-language,
XdString,tn99rw3x0ydsn6zccclu7lkt,Type of Cancer,BRFSS 2022: What kind of cancer is it?. Section: Cancer Survivorship: Type of Cancer,True,True,2026-03-25 14:40:48.523522+00:00,twcook@axius-sdc.com,rdfs:isDefinedBy https://www.cdc.gov/brfss/annual_data/annual_2022.html|dcterms:subject http://snomed.info/id/410188000|rdfs:isDefinedBy sdc4:XdStringType/xdstring-language,
XdString,ttwwqbbs91acobpbgnnk74ag,USEMRJN4,Generated XdString component,True,True,2026-03-25 14:40:49.187329+00:00,twcook@axius-sdc.com,rdfs:isDefinedBy https://www.cdc.gov/brfss/annual_data/annual_2022.html|dcterms:subject http://snomed.info/id/410188000|rdfs:isDefinedBy sdc4:XdStringType/xdstring-language,
XdString,vvbm494l82dfglaty5iui8ql,Were you advised to reduce or quit your drinking?,"BRFSS 2022: At your last routine checkup, were you advised to reduce or quit your drinking?. Section: Alcohol Screening &amp; Brief Intervention (ASBI). Note: Healthcare providers may also advise patients to drink less for various reasons.",True,True,2026-03-25 14:40:49.305657+00:00,twcook@axius-sdc.com,rdfs:isDefinedBy https://www.cdc.gov/brfss/annual_data/annual_2022.html|dcterms:subject http://snomed.info/id/410188000|rdfs:isDefinedBy sdc4:XdStringType/xdstring-language,
XdString,lnsxo4qnue3cjh7qaebdkjhj,Were Your Parents Divorced/Seperated?,BRFSS 2022: Were your parents separated or divorced?. Section: Adverse Childhood Experiences,True,True,2026-03-25 14:40:48.962791+00:00,twcook@axius-sdc.com,rdfs:isDefinedBy https://www.cdc.gov/brfss/annual_data/annual_2022.html|dcterms:subject http://snomed.info/id/410188000|rdfs:isDefinedBy sdc4:XdStringType/xdstring-language,
XdString,w9o9oe5ys899mcd2qfryvjt6,"Were you treated worse than, the same, or better than people of other races?","BRFSS 2022: Within the past 12 months, do you feel that in general you were treated worse than, the same as, or better than people of other races?. Section: Reactions to Race",True,True,2026-03-25 14:40:49.556607+00:00,twcook@axius-sdc.com,rdfs:isDefinedBy https://www.cdc.gov/brfss/annual_data/annual_2022.html|dcterms:subject http://snomed.info/id/410188000|rdfs:isDefinedBy sdc4:XdStringType/xdstring-language,
XdString,eiodgyyaciy2t7872rme8imh,What did you do to keep you from getting pregnant?,"BRFSS 2022: The last time you had sexual intercourse, what did you or your partner do to keep you from getting pregnant?. Section: Family Planning",True,True,2026-03-25 14:40:49.469401+00:00,twcook@axius-sdc.com,rdfs:isDefinedBy https://www.cdc.gov/brfss/annual_data/annual_2022.html|dcterms:subject http://snomed.info/id/410188000|rdfs:isDefinedBy sdc4:XdStringType/xdstring-language,
XdString,pdnq9flqa6ec8xqs7anjkodu,"What Is The Major Health Problem, Illness, Disability For Care For Person?","BRFSS 2022: What is the main health problem, long-term illness, or disability that the person you care for has?. Section: Caregiver",True,True,2026-03-25 14:40:48.834309+00:00,twcook@axius-sdc.com,rdfs:isDefinedBy https://www.cdc.gov/brfss/annual_data/annual_2022.html|dcterms:subject http://snomed.info/id/410188000|rdfs:isDefinedBy sdc4:XdStringType/xdstring-language,
XdString,x0lq9sdg4i2h8t9g4jg1t7ns,What is your preferred birth control method?,"BRFSS 2022: If you could use any birth control method you wanted, what method would you use?. Section: Family Planning",True,True,2026-03-25 14:40:49.522237+00:00,twcook@axius-sdc.com,rdfs:isDefinedBy https://www.cdc.gov/brfss/annual_data/annual_2022.html|dcterms:subject http://snomed.info/id/410188000|rdfs:isDefinedBy sdc4:XdStringType/xdstring-language,
XdString,c9jo7m8n33x6nvnqln6uxn05,What type of diabetes do you have?,"BRFSS 2022: According to your doctor or other health professional, what type of diabetes do you have?. Section: Diabetes",True,True,2026-03-25 14:40:48.195522+00:00,twcook@axius-sdc.com,rdfs:isDefinedBy https://www.cdc.gov/brfss/annual_data/annual_2022.html|dcterms:subject http://snomed.info/id/410188000|rdfs:isDefinedBy sdc4:XdStringType/xdstring-language,
XdString,fu01lav25ebr53lhb7ktq3a2,What Type of Doctor Provides Majority of Your Care,BRFSS 2022: What type of doctor provides the majority of your health care? Is it a….. Section: Cancer Survivorship: Course of Treatment,True,True,2026-03-25 14:40:48.545208+00:00,twcook@axius-sdc.com,rdfs:isDefinedBy https://www.cdc.gov/brfss/annual_data/annual_2022.html|dcterms:subject http://snomed.info/id/410188000|rdfs:isDefinedBy sdc4:XdStringType/xdstring-language,
XdString,az4ih6g3hcgxqb9qcoey72pj,What was main reason for not doing anything to keep you from getting pregnant?,BRFSS 2022: What was your main reason for not doing anything to prevent pregnancy the last time you had sexual intercourse?. Section: Family Planning,True,True,2026-03-25 14:40:49.510437+00:00,twcook@axius-sdc.com,rdfs:isDefinedBy https://www.cdc.gov/brfss/annual_data/annual_2022.html|dcterms:subject http://snomed.info/id/410188000|rdfs:isDefinedBy sdc4:XdStringType/xdstring-language,
XdString,qwblthdy5nckobsv0pqq9t1m,What was the MAIN reason you had this PSA test?,BRFSS 2022: What was the main reason you had this P.S.A. test – was it …?. Section: Prostate Cancer Screening,True,True,2026-03-25 14:40:48.678338+00:00,twcook@axius-sdc.com,rdfs:isDefinedBy https://www.cdc.gov/brfss/annual_data/annual_2022.html|dcterms:subject http://snomed.info/id/410188000|rdfs:isDefinedBy sdc4:XdStringType/xdstring-language,
XdString,g2c98l0jvlbq1tubvtwd4ufc,"When seeking health care past 12 months, was experience worse, same, better than people of other races?","BRFSS 2022: Within the past 12 months when seeking health care, do you feel your experiences were worse than, the same as, or better than for people of other races?. Section: Reactions to Race",True,True,2026-03-25 14:40:49.575894+00:00,twcook@axius-sdc.com,rdfs:isDefinedBy https://www.cdc.gov/brfss/annual_data/annual_2022.html|dcterms:subject http://snomed.info/id/410188000|rdfs:isDefinedBy sdc4:XdStringType/xdstring-language,
XdString,gse7o1fr7kj14vqdlxhoz49y,When was the last time a they took a photo of the back of your eye?,"BRFSS 2022: When was the last time a doctor, nurse or other health professional took a photo of the back of your eye with a specialized camera?. Section: Diabetes",True,True,2026-03-25 14:40:48.248832+00:00,twcook@axius-sdc.com,rdfs:isDefinedBy https://www.cdc.gov/brfss/annual_data/annual_2022.html|dcterms:subject http://snomed.info/id/410188000|rdfs:isDefinedBy sdc4:XdStringType/xdstring-language,
XdString,f2kgj7uxc832ze20sahbhpdx,When was the last time you took a course or class in how to manage your diabetes?,BRFSS 2022: When was the last time you took a course or class in how to manage your diabetes yourself?. Section: Diabetes,True,True,2026-03-25 14:40:48.261353+00:00,twcook@axius-sdc.com,rdfs:isDefinedBy https://www.cdc.gov/brfss/annual_data/annual_2022.html|dcterms:subject http://snomed.info/id/410188000|rdfs:isDefinedBy sdc4:XdStringType/xdstring-language,
XdString,e8ngz5cnjku5nugg1ky9ej2r,When was your last blood test for high blood sugar?,"BRFSS 2022: When was the last time you had a blood test for high blood sugar or diabetes by a doctor, nurse, or other health professional?. Section: Pre-Diabetes",True,True,2026-03-25 14:40:48.167915+00:00,twcook@axius-sdc.com,rdfs:isDefinedBy https://www.cdc.gov/brfss/annual_data/annual_2022.html|dcterms:subject http://snomed.info/id/410188000|rdfs:isDefinedBy sdc4:XdStringType/xdstring-language,
XdString,lnkgxfhrsj6gm6s1itwcxigg,When you need help with day-to-day activities are you able to get it,"BRFSS 2022: When you need help with these day-to-day activities, how often are you able to get the help that you need?. Section: Cognitive Decline",True,True,2026-03-25 14:40:48.750995+00:00,twcook@axius-sdc.com,rdfs:isDefinedBy https://www.cdc.gov/brfss/annual_data/annual_2022.html|dcterms:subject http://snomed.info/id/410188000|rdfs:isDefinedBy sdc4:XdStringType/xdstring-language,
XdString,wz4ffpqxstpcl0745olt433c,Where did you get what you used to prevent pregnancy?,BRFSS 2022: Where did you get the [response from Q3] you used when you last had sexual intercourse?. Section: Family Planning,True,True,2026-03-25 14:40:49.490994+00:00,twcook@axius-sdc.com,rdfs:isDefinedBy https://www.cdc.gov/brfss/annual_data/annual_2022.html|dcterms:subject http://snomed.info/id/410188000|rdfs:isDefinedBy sdc4:XdStringType/xdstring-language,
XdString,cgckfkmsk058lmr9355ca1iy,Where did you get your last flu shot/vaccine?,BRFSS 2022: At what kind of place did you get your last flu shot or vaccine?. Section: Place of Flu Vaccination,True,True,2026-03-25 14:40:48.318968+00:00,twcook@axius-sdc.com,rdfs:isDefinedBy https://www.cdc.gov/brfss/annual_data/annual_2022.html|dcterms:subject http://snomed.info/id/410188000|rdfs:isDefinedBy sdc4:XdStringType/xdstring-language,
XdString,b81aqbwckpthawtqkqhmm0gb,Who first suggested this PSA test?,"BRFSS 2022: Who first suggested this PSA test: you, your doctor, or someone else?. Section: Prostate Cancer Screening",True,True,2026-03-25 14:40:48.687473+00:00,twcook@axius-sdc.com,rdfs:isDefinedBy https://www.cdc.gov/brfss/annual_data/annual_2022.html|dcterms:subject http://snomed.info/id/410188000|rdfs:isDefinedBy sdc4:XdStringType/xdstring-language,
XdString,abkeji0l78vz5qssv4oiar5m,Will you get COVID-19 vaccination?,"BRFSS 2022: Would you say you would definitely get a vaccine, probably get a vaccine, probably not get a vaccine, definitely not get a vaccine, or are not sure?. Section: COVID Vaccination",True,True,2026-03-25 14:40:48.380249+00:00,twcook@axius-sdc.com,rdfs:isDefinedBy https://www.cdc.gov/brfss/annual_data/annual_2022.html|dcterms:subject http://snomed.info/id/410188000|rdfs:isDefinedBy sdc4:XdStringType/xdstring-language,
XdString,h7goqorv94mfrn9rge32sru7,Years smoked reported packs per day,BRFSS 2022: Number of years smoked reported number of packs per day. Section: Calculated Variables,True,True,2026-03-25 14:40:49.959040+00:00,twcook@axius-sdc.com,rdfs:isDefinedBy https://www.cdc.gov/brfss/annual_data/annual_2022.html|dcterms:subject http://snomed.info/id/410188000|rdfs:isDefinedBy sdc4:XdStringType/xdstring-language,
Units,iw0ux9q63eck8xu42uf9slv7,ADDEPEV3_units,Units for ADDEPEV3: count,True,True,2026-03-25 14:40:52.386373+00:00,twcook@axius-sdc.com,rdfs:isDefinedBy http://www.ontology-of-units-of-measure.org/resource/om-2/SystemOfUnits,
Units,oymyldgkjdge0jqud750yohd,_AGE65YR_units,Units for _AGE65YR: count,True,True,2026-03-25 14:40:54.209273+00:00,twcook@axius-sdc.com,rdfs:isDefinedBy http://www.ontology-of-units-of-measure.org/resource/om-2/SystemOfUnits,
Units,n14l3th422324uzbuk4hrniy,_AGEG5YR_units,Units for _AGEG5YR: count,True,True,2026-03-25 14:40:54.198255+00:00,twcook@axius-sdc.com,rdfs:isDefinedBy http://www.ontology-of-units-of-measure.org/resource/om-2/SystemOfUnits,
Units,ddtf7vlf4v3w3m1vp20y1dp2,AGQ030_units,Units for AGQ030: count,True,True,2026-03-25 14:29:49.962625+00:00,twcook@axius-sdc.com,rdfs:isDefinedBy http://www.ontology-of-units-of-measure.org/resource/om-2/SystemOfUnits,
Units,k9ko86shhax48ns7chmfvev2,_AIDTST4_units,Units for _AIDTST4: count,True,True,2026-03-25 14:40:54.615986+00:00,twcook@axius-sdc.com,rdfs:isDefinedBy http://www.ontology-of-units-of-measure.org/resource/om-2/SystemOfUnits,
Units,mii0v49uw6v8mb9d18x1pzk0,ALCDAY4_units,Units for ALCDAY4: count,True,True,2026-03-25 14:40:52.939414+00:00,twcook@axius-sdc.com,rdfs:isDefinedBy http://www.ontology-of-units-of-measure.org/resource/om-2/SystemOfUnits,
Units,xfkk5dq2gxku7diaj9c5kktc,_ALTETH3_units,Units for _ALTETH3: count,True,True,2026-03-25 14:40:54.010421+00:00,twcook@axius-sdc.com,rdfs:isDefinedBy http://www.ontology-of-units-of-measure.org/resource/om-2/SystemOfUnits,
Units,qp8127utnxgs1gslkat61tgb,ASTHMA3_units,Units for ASTHMA3: count,True,True,2026-03-25 14:40:52.327484+00:00,twcook@axius-sdc.com,rdfs:isDefinedBy http://www.ontology-of-units-of-measure.org/resource/om-2/SystemOfUnits,
Units,x1mnrm5otorrze20af3loga9,_ASTHMS1_units,Units for _ASTHMS1: count,True,True,2026-03-25 14:40:54.073700+00:00,twcook@axius-sdc.com,rdfs:isDefinedBy http://www.ontology-of-units-of-measure.org/resource/om-2/SystemOfUnits,
Units,dn1zs3vhh2l5tqn2zxzoygqg,ASTHNOW_units,Units for ASTHNOW: count,True,True,2026-03-25 14:40:52.339548+00:00,twcook@axius-sdc.com,rdfs:isDefinedBy http://www.ontology-of-units-of-measure.org/resource/om-2/SystemOfUnits,
Units,u56uzx1f8rjg07cxrrdiyu8w,AT_PHYSN_NPI_units,Units for AT_PHYSN_NPI: count,True,True,2026-03-25 15:10:00.347466+00:00,twcook@axius-sdc.com,rdfs:isDefinedBy sdc4:xdnonnegativeintegerlist-units,
Units,be94bu4v6pygbe2vfujwej6p,AVEDRNK3_units,Units for AVEDRNK3: count,True,True,2026-03-25 14:40:52.950494+00:00,twcook@axius-sdc.com,rdfs:isDefinedBy http://www.ontology-of-units-of-measure.org/resource/om-2/SystemOfUnits,
Units,d3131ecd4zkvlr3ybyb5p1zu,BENE_BIRTH_DT_units,Units for BENE_BIRTH_DT: count,True,True,2026-03-25 15:06:18.014828+00:00,twcook@axius-sdc.com,rdfs:isDefinedBy https://www.wikidata.org/wiki/Q1618549,
Units,dxzumt7cremjd35ymd93mn5h,BENE_COUNTY_CD_units,Units for BENE_COUNTY_CD: count,True,True,2026-03-25 15:06:18.058064+00:00,twcook@axius-sdc.com,rdfs:isDefinedBy http://www.ontology-of-units-of-measure.org/resource/om-2/SystemOfUnits,
Units,hiemi9cm6s39rshqsvbvmtf5,BENE_HI_CVRAGE_TOT_MONS_units,Units for BENE_HI_CVRAGE_TOT_MONS: count,True,True,2026-03-25 15:06:18.069831+00:00,twcook@axius-sdc.com,rdfs:isDefinedBy http://www.ontology-of-units-of-measure.org/resource/om-2/SystemOfUnits,
Units,c0frmrgzupjwz2lps4qhh7dz,BENE_HMO_CVRAGE_TOT_MONS_units,Units for BENE_HMO_CVRAGE_TOT_MONS: count,True,True,2026-03-25 15:06:18.100629+00:00,twcook@axius-sdc.com,rdfs:isDefinedBy http://www.ontology-of-units-of-measure.org/resource/om-2/SystemOfUnits,
Units,f790f23og0v86iwvkfbzjti3,BENE_RACE_CD_units,Units for BENE_RACE_CD: count,True,True,2026-03-25 15:06:18.044282+00:00,twcook@axius-sdc.com,rdfs:isDefinedBy http://www.ontology-of-units-of-measure.org/resource/om-2/SystemOfUnits,
Units,ghdqabu68fqftf8pf28cyyyj,BENE_SEX_IDENT_CD_units,Units for BENE_SEX_IDENT_CD: count,True,True,2026-03-25 15:06:18.031129+00:00,twcook@axius-sdc.com,rdfs:isDefinedBy http://www.ontology-of-units-of-measure.org/resource/om-2/SystemOfUnits,
Units,eg4h5wtfstth99m2txltowkn,BENE_SMI_CVRAGE_TOT_MONS_units,Units for BENE_SMI_CVRAGE_TOT_MONS: count,True,True,2026-03-25 15:06:18.081815+00:00,twcook@axius-sdc.com,rdfs:isDefinedBy https://www.wikidata.org/wiki/Q47574,
Units,bjlavdsvl5eo8y9udh73r92r,BENRES_CAR_units,Units for BENRES_CAR: count,True,True,2026-03-25 15:06:18.341753+00:00,twcook@axius-sdc.com,rdfs:isDefinedBy http://www.ontology-of-units-of-measure.org/resource/om-2/SystemOfUnits,
Units,sesi15y25wfhzqmfn6gl9upd,BENRES_IP_units,Units for BENRES_IP: count,True,True,2026-03-25 15:06:18.268292+00:00,twcook@axius-sdc.com,rdfs:isDefinedBy http://www.ontology-of-units-of-measure.org/resource/om-2/Unit,
Units,gil862r7kzonw1m6ke81wdai,BENRES_OP_units,Units for BENRES_OP: count,True,True,2026-03-25 15:06:18.306434+00:00,twcook@axius-sdc.com,rdfs:isDefinedBy http://www.ontology-of-units-of-measure.org/resource/om-2/Unit,
Units,c6rs4gcgyfortzdsdm381cgc,BLDSTFIT_units,Units for BLDSTFIT: count,True,True,2026-03-25 14:40:52.801469+00:00,twcook@axius-sdc.com,rdfs:isDefinedBy http://www.ontology-of-units-of-measure.org/resource/om-2/SystemOfUnits,
Units,rwqadokfhol3ptxizwg5ktx6,BLIND_units,Units for BLIND: count,True,True,2026-03-25 14:40:52.524783+00:00,twcook@axius-sdc.com,rdfs:isDefinedBy http://www.ontology-of-units-of-measure.org/resource/om-2/SystemOfUnits,
Units,dgsgc5mrc02w92an6k6nweh9,_BMI5CAT_units,Units for _BMI5CAT: count,True,True,2026-03-25 14:40:54.258395+00:00,twcook@axius-sdc.com,rdfs:isDefinedBy http://www.ontology-of-units-of-measure.org/resource/om-2/SystemOfUnits,
Units,cywflpd5f6ya2o529v92sea9,BPAARM_units,Units for BPAARM: count,True,True,2026-03-25 14:23:37.083164+00:00,twcook@axius-sdc.com,rdfs:isDefinedBy http://www.ontology-of-units-of-measure.org/resource/om-2/SystemOfUnits,
Units,kchk7ts5l4eq4sv46xnrqbrq,BPACSZ_units,Units for BPACSZ: count,True,True,2026-03-25 14:23:37.093761+00:00,twcook@axius-sdc.com,rdfs:isDefinedBy http://www.ontology-of-units-of-measure.org/resource/om-2/SystemOfUnits,
Units,kwg17zhsupm9adb26yg8a21y,BPXCHR_units,Units for BPXCHR: count,True,True,2026-03-25 14:23:37.070272+00:00,twcook@axius-sdc.com,rdfs:isDefinedBy https://www.wikidata.org/wiki/Q60675024,
Units,bjg7dbdbmury04eoo5rwq250,BPXML1_units,Units for BPXML1: count,True,True,2026-03-25 14:23:37.116955+00:00,twcook@axius-sdc.com,rdfs:isDefinedBy http://www.ontology-of-units-of-measure.org/resource/om-2/SystemOfUnits,
Units,mem0201z8j0vl097ubbqtjks,BPXPLS_units,Units for BPXPLS: count,True,True,2026-03-25 14:23:37.105103+00:00,twcook@axius-sdc.com,rdfs:isDefinedBy http://www.ontology-of-units-of-measure.org/resource/om-2/SystemOfUnits,
Units,btocuv0wxgwri5b39zsmve0o,CAGEG_units,Units for CAGEG: count,True,True,2026-03-25 14:40:53.858759+00:00,twcook@axius-sdc.com,rdfs:isDefinedBy http://www.ontology-of-units-of-measure.org/resource/om-2/SystemOfUnits,
Units,qh6r7uxo5mxk19bmgji6ovm6,CASTHDX2_units,Units for CASTHDX2: count,True,True,2026-03-25 14:40:53.603660+00:00,twcook@axius-sdc.com,rdfs:isDefinedBy http://www.ontology-of-units-of-measure.org/resource/om-2/SystemOfUnits,
Units,jy4glh1df6ke6hg0joq5afms,_CASTHM1_units,Units for _CASTHM1: count,True,True,2026-03-25 14:40:54.063106+00:00,twcook@axius-sdc.com,rdfs:isDefinedBy http://www.ontology-of-units-of-measure.org/resource/om-2/SystemOfUnits,
Units,b7hzpfua996f5g4l0tj707kg,CELPHON1_units,Units for CELPHON1: count,True,True,2026-03-25 14:40:52.069694+00:00,twcook@axius-sdc.com,rdfs:isDefinedBy http://www.ontology-of-units-of-measure.org/resource/om-2/SystemOfUnits,
Units,q84aw7mryxvgkeaceqts4eyn,CERVSCRN_units,Units for CERVSCRN: count,True,True,2026-03-25 14:40:52.612160+00:00,twcook@axius-sdc.com,rdfs:isDefinedBy http://www.ontology-of-units-of-measure.org/resource/om-2/SystemOfUnits,
Units,aghy068vyepcn0xhlkwruhoh,CHCCOPD3_units,Units for CHCCOPD3: count,True,True,2026-03-25 14:40:52.376759+00:00,twcook@axius-sdc.com,rdfs:isDefinedBy http://www.ontology-of-units-of-measure.org/resource/om-2/SystemOfUnits,
Units,shwy9yo1zcyx8pxdev3m43ng,CHCKDNY2_units,Units for CHCKDNY2: count,True,True,2026-03-25 14:40:52.395568+00:00,twcook@axius-sdc.com,rdfs:isDefinedBy http://www.ontology-of-units-of-measure.org/resource/om-2/SystemOfUnits,
Units,pixmtxpz4midyammrhekqtuq,CHCOCNC1_units,Units for CHCOCNC1: count,True,True,2026-03-25 14:40:52.363206+00:00,twcook@axius-sdc.com,rdfs:isDefinedBy http://www.ontology-of-units-of-measure.org/resource/om-2/SystemOfUnits,
Units,komzihshsq0xhsirf7rf4v3x,CHCSCNC1_units,Units for CHCSCNC1: count,True,True,2026-03-25 14:40:52.351872+00:00,twcook@axius-sdc.com,rdfs:isDefinedBy http://www.ontology-of-units-of-measure.org/resource/om-2/SystemOfUnits,
Units,j7jtoz0uvnxyh1s115bq0go5,CHECKUP1_units,Units for CHECKUP1: count,True,True,2026-03-25 14:40:52.258291+00:00,twcook@axius-sdc.com,rdfs:isDefinedBy http://www.ontology-of-units-of-measure.org/resource/om-2/SystemOfUnits,
Units,h64rvsitmn9v1e8ycci658bv,CHILDREN_units,Units for CHILDREN: count,True,True,2026-03-25 14:40:52.502244+00:00,twcook@axius-sdc.com,rdfs:isDefinedBy http://www.ontology-of-units-of-measure.org/resource/om-2/SystemOfUnits,
Units,u2iruughj1exapj80b5bv5dy,_CHISPNC_units,Units for _CHISPNC: count,True,True,2026-03-25 14:40:53.822405+00:00,twcook@axius-sdc.com,rdfs:isDefinedBy http://www.ontology-of-units-of-measure.org/resource/om-2/SystemOfUnits,
Units,bmvevcgehaaju4fcwid2ge8d,_CHLDCNT_units,Units for _CHLDCNT: count,True,True,2026-03-25 14:40:54.279136+00:00,twcook@axius-sdc.com,rdfs:isDefinedBy http://www.ontology-of-units-of-measure.org/resource/om-2/SystemOfUnits,
Units,paqk830khq2ubud4qsugflu0,_CLLCPWT_units,Units for _CLLCPWT: count,True,True,2026-03-25 14:40:53.871167+00:00,twcook@axius-sdc.com,rdfs:isDefinedBy http://www.ontology-of-units-of-measure.org/resource/om-2/SystemOfUnits,
Units,clwkf03xjrm0dq2v7aigoarq,CLM_ADMSN_DT_units,Units for CLM_ADMSN_DT: count,True,True,2026-03-25 15:10:00.390599+00:00,twcook@axius-sdc.com,rdfs:isDefinedBy http://www.ontology-of-units-of-measure.org/resource/om-2/SystemOfUnits,
Units,w5b98k0f4wjbeh5b7k5gbpnw,CLM_DRG_CD_units,Units for CLM_DRG_CD: count,True,True,2026-03-25 15:10:00.484712+00:00,twcook@axius-sdc.com,rdfs:isDefinedBy http://www.ontology-of-units-of-measure.org/resource/om-2/SystemOfUnits,
Units,r24283i8f2tibaapgnrp1byp,CLM_FROM_DT_units,Units for CLM_FROM_DT: count,True,True,2026-03-25 15:10:00.296459+00:00,twcook@axius-sdc.com,rdfs:isDefinedBy http://www.ontology-of-units-of-measure.org/resource/om-2/SystemOfUnits,
Units,poh7gt8ax3r5en60w42bjxh6,CLM_ID_units,Units for CLM_ID: count,True,True,2026-03-25 15:10:00.279693+00:00,twcook@axius-sdc.com,rdfs:isDefinedBy http://www.ontology-of-units-of-measure.org/resource/om-2/SystemOfUnits,
Units,wsqpdtbaddgiixsmi4wuh7ph,CLM_PASS_THRU_PER_DIEM_AMT_units,Units for CLM_PASS_THRU_PER_DIEM_AMT: count,True,True,2026-03-25 15:10:00.404730+00:00,twcook@axius-sdc.com,rdfs:isDefinedBy http://www.ontology-of-units-of-measure.org/resource/om-2/SystemOfUnits,
Units,foi2sk82smfn6l4j6jx1mpvk,CLM_PMT_AMT_units,Units for CLM_PMT_AMT: count,True,True,2026-03-25 15:10:00.326113+00:00,twcook@axius-sdc.com,rdfs:isDefinedBy http://www.ontology-of-units-of-measure.org/resource/om-2/SystemOfUnits,
Units,bfa5sji61axfelsb0wewezhj,CLM_THRU_DT_units,Units for CLM_THRU_DT: count,True,True,2026-03-25 15:10:00.308052+00:00,twcook@axius-sdc.com,rdfs:isDefinedBy http://www.ontology-of-units-of-measure.org/resource/om-2/SystemOfUnits,
Units,emczzuyhcamuyfanvoqeqggv,CLM_UTLZTN_DAY_CNT_units,Units for CLM_UTLZTN_DAY_CNT: count,True,True,2026-03-25 15:10:00.460523+00:00,twcook@axius-sdc.com,rdfs:isDefinedBy http://www.ontology-of-units-of-measure.org/resource/om-2/SystemOfUnits,
Units,scyx2gk1q3wjxczeli732ep3,_CLNSCP1_units,Units for _CLNSCP1: count,True,True,2026-03-25 14:40:54.347114+00:00,twcook@axius-sdc.com,rdfs:isDefinedBy http://www.ontology-of-units-of-measure.org/resource/om-2/SystemOfUnits,
Units,a76o6wolgld6ew384blvkean,COLNCNCR_units,Units for COLNCNCR: count,True,True,2026-03-25 14:40:52.733741+00:00,twcook@axius-sdc.com,rdfs:isDefinedBy http://www.ontology-of-units-of-measure.org/resource/om-2/SystemOfUnits,
Units,lgzpzyttb25ywtvifzdyojqy,COLNSIGM_units,Units for COLNSIGM: count,True,True,2026-03-25 14:40:52.677101+00:00,twcook@axius-sdc.com,rdfs:isDefinedBy http://www.ontology-of-units-of-measure.org/resource/om-2/SystemOfUnits,
Units,b1yg795tfizastmsdd5xhbhr,COLNTES1_units,Units for COLNTES1: count,True,True,2026-03-25 14:40:52.688460+00:00,twcook@axius-sdc.com,rdfs:isDefinedBy http://www.ontology-of-units-of-measure.org/resource/om-2/SystemOfUnits,
Units,e8ocxm6jak9iui9rcng9t00a,COVIDPOS_units,Units for COVIDPOS: count,True,True,2026-03-25 14:40:53.077298+00:00,twcook@axius-sdc.com,rdfs:isDefinedBy http://www.ontology-of-units-of-measure.org/resource/om-2/SystemOfUnits,
Units,cjypqu4wb4e7pllm2hcac5kg,COVIDPRM_units,Units for COVIDPRM: count,True,True,2026-03-25 14:40:53.114027+00:00,twcook@axius-sdc.com,rdfs:isDefinedBy http://www.ontology-of-units-of-measure.org/resource/om-2/SystemOfUnits,
Units,fhb131iwyhhxsp73za2q2t42,COVIDSMP_units,Units for COVIDSMP: count,True,True,2026-03-25 14:40:53.103953+00:00,twcook@axius-sdc.com,rdfs:isDefinedBy http://www.ontology-of-units-of-measure.org/resource/om-2/SystemOfUnits,
Units,o59euh6waus5d1xeffetpy2h,CPDEMO1C_units,Units for CPDEMO1C: count,True,True,2026-03-25 14:40:52.481940+00:00,twcook@axius-sdc.com,rdfs:isDefinedBy http://www.ontology-of-units-of-measure.org/resource/om-2/SystemOfUnits,
Units,df4l2n74ek1x2rlheyfp9s3e,_CPRACE2_units,Units for _CPRACE2: count,True,True,2026-03-25 14:40:53.847282+00:00,twcook@axius-sdc.com,rdfs:isDefinedBy http://www.ontology-of-units-of-measure.org/resource/om-2/SystemOfUnits,
Units,ct9ydlrfuyzyduofuk42gg1d,_CRACE2_units,Units for _CRACE2: count,True,True,2026-03-25 14:40:53.833735+00:00,twcook@axius-sdc.com,rdfs:isDefinedBy http://www.ontology-of-units-of-measure.org/resource/om-2/SystemOfUnits,
Units,aiv1c7ciqcwdkb1nj68dotz4,_CRCREC2_units,Units for _CRCREC2: count,True,True,2026-03-25 14:40:54.444966+00:00,twcook@axius-sdc.com,rdfs:isDefinedBy http://www.ontology-of-units-of-measure.org/resource/om-2/SystemOfUnits,
Units,od5ycmicgojnelh7ibh62b93,CRVCLCNC_units,Units for CRVCLCNC: count,True,True,2026-03-25 14:40:52.622631+00:00,twcook@axius-sdc.com,rdfs:isDefinedBy http://www.ontology-of-units-of-measure.org/resource/om-2/SystemOfUnits,
Units,k14sa8pybq07yipoun0monzc,CRVCLHPV_units,Units for CRVCLHPV: count,True,True,2026-03-25 14:40:52.644290+00:00,twcook@axius-sdc.com,rdfs:isDefinedBy http://www.ontology-of-units-of-measure.org/resource/om-2/SystemOfUnits,
Units,oyoswdv4um6trvt5qllofagh,CRVCLPAP_units,Units for CRVCLPAP: count,True,True,2026-03-25 14:40:52.633799+00:00,twcook@axius-sdc.com,rdfs:isDefinedBy http://www.ontology-of-units-of-measure.org/resource/om-2/SystemOfUnits,
Units,x4eb6ecfjsf8ez3g334n57a6,CTELENM1_units,Units for CTELENM1: count,True,True,2026-03-25 14:40:52.023393+00:00,twcook@axius-sdc.com,rdfs:isDefinedBy http://www.ontology-of-units-of-measure.org/resource/om-2/SystemOfUnits,
Units,ez2wqimi912yzu3wflebrjzw,_CURECI2_units,Units for _CURECI2: count,True,True,2026-03-25 14:40:54.482309+00:00,twcook@axius-sdc.com,rdfs:isDefinedBy http://www.ontology-of-units-of-measure.org/resource/om-2/SystemOfUnits,
Units,qs9apmqfzplgnvzfvyinj8xe,CVDCRHD4_units,Units for CVDCRHD4: count,True,True,2026-03-25 14:40:52.307025+00:00,twcook@axius-sdc.com,rdfs:isDefinedBy http://www.ontology-of-units-of-measure.org/resource/om-2/SystemOfUnits,
Units,d8y544iqkmyj0arr1467l220,CVDINFR4_units,Units for CVDINFR4: count,True,True,2026-03-25 14:40:52.297584+00:00,twcook@axius-sdc.com,rdfs:isDefinedBy http://www.ontology-of-units-of-measure.org/resource/om-2/SystemOfUnits,
Units,rtlzecc44f83xew14qg25vpt,CVDSTRK3_units,Units for CVDSTRK3: count,True,True,2026-03-25 14:40:52.317970+00:00,twcook@axius-sdc.com,rdfs:isDefinedBy http://www.ontology-of-units-of-measure.org/resource/om-2/SystemOfUnits,
Units,cmkzo8z20rc95bfhuupjgdkw,DAYS_SUPLY_NUM_units,Units for DAYS_SUPLY_NUM: count,True,True,2026-03-25 15:21:54.238244+00:00,twcook@axius-sdc.com,rdfs:isDefinedBy http://www.ontology-of-units-of-measure.org/resource/om-2/SystemOfUnits,
Units,sb3k3bwqop3q1339ngjhanhl,DEAF_units,Units for DEAF: count,True,True,2026-03-25 14:40:52.513671+00:00,twcook@axius-sdc.com,rdfs:isDefinedBy http://www.ontology-of-units-of-measure.org/resource/om-2/SystemOfUnits,
Units,a3izgosauftfnyw59ecmbwsl,DECIDE_units,Units for DECIDE: count,True,True,2026-03-25 14:40:52.538201+00:00,twcook@axius-sdc.com,rdfs:isDefinedBy http://www.ontology-of-units-of-measure.org/resource/om-2/SystemOfUnits,
Units,o8joup262t9uqmg3jqczx0iq,_DENVST3_units,Units for _DENVST3: count,True,True,2026-03-25 14:40:54.021649+00:00,twcook@axius-sdc.com,rdfs:isDefinedBy http://www.ontology-of-units-of-measure.org/resource/om-2/SystemOfUnits,
Units,xbjrtntmvw5e5fajtr2j1pt6,DIABAGE4_units,Units for DIABAGE4: count,True,True,2026-03-25 14:40:52.428548+00:00,twcook@axius-sdc.com,rdfs:isDefinedBy http://www.ontology-of-units-of-measure.org/resource/om-2/SystemOfUnits,
Units,fnrswd2aatz4x2715eh8ghjs,DIABETE4_units,Units for DIABETE4: count,True,True,2026-03-25 14:40:52.416586+00:00,twcook@axius-sdc.com,rdfs:isDefinedBy http://www.ontology-of-units-of-measure.org/resource/om-2/SystemOfUnits,
Units,gh593ab4z1iz0zq9vty847wh,DIFFALON_units,Units for DIFFALON: count,True,True,2026-03-25 14:40:52.578010+00:00,twcook@axius-sdc.com,rdfs:isDefinedBy http://www.ontology-of-units-of-measure.org/resource/om-2/SystemOfUnits,
Units,pnnrpv0ldv0egw2bpcm2ailw,DIFFDRES_units,Units for DIFFDRES: count,True,True,2026-03-25 14:40:52.563882+00:00,twcook@axius-sdc.com,rdfs:isDefinedBy http://www.ontology-of-units-of-measure.org/resource/om-2/SystemOfUnits,
Units,a2hk4bfvwltyw6mozpei8v7w,DIFFWALK_units,Units for DIFFWALK: count,True,True,2026-03-25 14:40:52.548156+00:00,twcook@axius-sdc.com,rdfs:isDefinedBy http://www.ontology-of-units-of-measure.org/resource/om-2/SystemOfUnits,
Units,nyb4s5ljmxs9uavbr1dd8jxw,DISPCODE_units,Units for DISPCODE: count,True,True,2026-03-25 14:40:51.964261+00:00,twcook@axius-sdc.com,rdfs:isDefinedBy http://www.ontology-of-units-of-measure.org/resource/om-2/SystemOfUnits,
Units,njowgl0yn7tvx7ooq1btrzdj,_DRDXAR2_units,Units for _DRDXAR2: count,True,True,2026-03-25 14:40:54.088607+00:00,twcook@axius-sdc.com,rdfs:isDefinedBy http://www.ontology-of-units-of-measure.org/resource/om-2/SystemOfUnits,
Units,gk8b51u14t53o3rqt969hbhp,DRNK3GE5_units,Units for DRNK3GE5: count,True,True,2026-03-25 14:40:52.961292+00:00,twcook@axius-sdc.com,rdfs:isDefinedBy http://www.ontology-of-units-of-measure.org/resource/om-2/SystemOfUnits,
Units,ghe62xvw5pxg6yz3scdzkao7,DRNKANY6_units,Units for DRNKANY6: count,True,True,2026-03-25 14:40:54.554270+00:00,twcook@axius-sdc.com,rdfs:isDefinedBy http://www.ontology-of-units-of-measure.org/resource/om-2/SystemOfUnits,
Units,l2zrqflvagslgph6xmboldvc,_DUALCOR_units,Units for _DUALCOR: count,True,True,2026-03-25 14:40:53.896387+00:00,twcook@axius-sdc.com,rdfs:isDefinedBy http://www.ontology-of-units-of-measure.org/resource/om-2/SystemOfUnits,
Units,uv5pf98dc7133v1z8wukl8zv,_DUALUSE_units,Units for _DUALUSE: count,True,True,2026-03-25 14:40:53.885557+00:00,twcook@axius-sdc.com,rdfs:isDefinedBy http://www.ontology-of-units-of-measure.org/resource/om-2/SystemOfUnits,
Units,pyj8rwu9xe51m99bps7ua7xu,ECIGNOW2_units,Units for ECIGNOW2: count,True,True,2026-03-25 14:40:52.855617+00:00,twcook@axius-sdc.com,rdfs:isDefinedBy http://www.ontology-of-units-of-measure.org/resource/om-2/SystemOfUnits,
Units,y4jqugu9maxnnxivwvf9gt8k,_EDUCAG_units,Units for _EDUCAG: count,True,True,2026-03-25 14:40:54.287533+00:00,twcook@axius-sdc.com,rdfs:isDefinedBy http://www.ontology-of-units-of-measure.org/resource/om-2/SystemOfUnits,
Units,ohm7km7md34wucvp95qxv3ui,EDUCA_units,Units for EDUCA: count,True,True,2026-03-25 14:40:52.437912+00:00,twcook@axius-sdc.com,rdfs:isDefinedBy http://www.ontology-of-units-of-measure.org/resource/om-2/SystemOfUnits,
Units,yhvx1v42bxr6u4kxqdtkcvv4,EMTSUPRT_units,Units for EMTSUPRT: count,True,True,2026-03-25 14:40:53.405178+00:00,twcook@axius-sdc.com,rdfs:isDefinedBy http://www.ontology-of-units-of-measure.org/resource/om-2/SystemOfUnits,
Units,azb9vg9avsw1ezeusny36aum,EXERANY2_units,Units for EXERANY2: count,True,True,2026-03-25 14:40:52.269164+00:00,twcook@axius-sdc.com,rdfs:isDefinedBy http://www.ontology-of-units-of-measure.org/resource/om-2/SystemOfUnits,
Units,li7h4feq0awr00wfzlc02k2g,_EXTETH3_units,Units for _EXTETH3: count,True,True,2026-03-25 14:40:54.000121+00:00,twcook@axius-sdc.com,rdfs:isDefinedBy http://www.ontology-of-units-of-measure.org/resource/om-2/SystemOfUnits,
Units,x2lnl7epdfs27wv82ha8rkb1,_FLSHOT7_units,Units for _FLSHOT7: count,True,True,2026-03-25 14:40:54.596065+00:00,twcook@axius-sdc.com,rdfs:isDefinedBy http://www.ontology-of-units-of-measure.org/resource/om-2/SystemOfUnits,
Units,x5hkilw9qnz5k245ijqqiag2,FLSHTMY3_units,Units for FLSHTMY3: count,True,True,2026-03-25 14:40:52.994405+00:00,twcook@axius-sdc.com,rdfs:isDefinedBy http://www.ontology-of-units-of-measure.org/resource/om-2/SystemOfUnits,
Units,aqy2m587p8hx055wg42oqbbv,FLUSHOT7_units,Units for FLUSHOT7: count,True,True,2026-03-25 14:40:52.984336+00:00,twcook@axius-sdc.com,rdfs:isDefinedBy http://www.ontology-of-units-of-measure.org/resource/om-2/SystemOfUnits,
Units,t1jqpo4ngrg434htfgkuexpa,FMONTH_units,Units for FMONTH: count,True,True,2026-03-25 14:40:51.915169+00:00,twcook@axius-sdc.com,rdfs:isDefinedBy http://www.ontology-of-units-of-measure.org/resource/om-2/SystemOfUnits,
Units,k0wjshxm4aflgwqqf9qzx110,FOODSTMP_units,Units for FOODSTMP: count,True,True,2026-03-25 14:40:53.446626+00:00,twcook@axius-sdc.com,rdfs:isDefinedBy http://www.ontology-of-units-of-measure.org/resource/om-2/SystemOfUnits,
Units,wlck160bjdwbgb6yr2fwf8lv,GENHLTH_units,Units for GENHLTH: count,True,True,2026-03-25 14:40:52.175784+00:00,twcook@axius-sdc.com,rdfs:isDefinedBy http://www.ontology-of-units-of-measure.org/resource/om-2/SystemOfUnits,
Units,hvwk9j2a0jv6cq0xtw4lj06v,_HADCOLN_units,Units for _HADCOLN: count,True,True,2026-03-25 14:40:54.336731+00:00,twcook@axius-sdc.com,rdfs:isDefinedBy http://www.ontology-of-units-of-measure.org/resource/om-2/SystemOfUnits,
Units,s49u2d4ogk5g1622mqa5azqe,HADHYST2_units,Units for HADHYST2: count,True,True,2026-03-25 14:40:52.655967+00:00,twcook@axius-sdc.com,rdfs:isDefinedBy http://www.ontology-of-units-of-measure.org/resource/om-2/SystemOfUnits,
Units,hq3xorgwgk4ohdc360i07shn,HADMAM_units,Units for HADMAM: count,True,True,2026-03-25 14:40:52.590004+00:00,twcook@axius-sdc.com,rdfs:isDefinedBy http://www.ontology-of-units-of-measure.org/resource/om-2/SystemOfUnits,
Units,lzk4tfu1bb8jgdegliqu1umv,HADSIGM4_units,Units for HADSIGM4: count,True,True,2026-03-25 14:40:52.664945+00:00,twcook@axius-sdc.com,rdfs:isDefinedBy http://www.ontology-of-units-of-measure.org/resource/om-2/SystemOfUnits,
Units,z7siotc3a00tnjznb45q99bb,_HADSIGM_units,Units for _HADSIGM: count,True,True,2026-03-25 14:40:54.359690+00:00,twcook@axius-sdc.com,rdfs:isDefinedBy http://www.ontology-of-units-of-measure.org/resource/om-2/SystemOfUnits,
Units,g3ggb2ncdbvm6267pkpv5doh,HAVARTH4_units,Units for HAVARTH4: count,True,True,2026-03-25 14:40:52.406932+00:00,twcook@axius-sdc.com,rdfs:isDefinedBy http://www.ontology-of-units-of-measure.org/resource/om-2/SystemOfUnits,
Units,fh4u5rdaboygsiotnl9f01g7,HCPCS_CD_24_units,Units for HCPCS_CD_24: count,True,True,2026-03-25 15:16:03.615128+00:00,twcook@axius-sdc.com,rdfs:isDefinedBy http://www.ontology-of-units-of-measure.org/resource/om-2/SystemOfUnits,
Units,jat3lgyfdxc788bi0ci30nkx,HCPCS_CD_26_units,Units for HCPCS_CD_26: count,True,True,2026-03-25 15:16:03.628394+00:00,twcook@axius-sdc.com,rdfs:isDefinedBy http://www.ontology-of-units-of-measure.org/resource/om-2/SystemOfUnits,
Units,flzvioyxskq7g2flqxxl1arr,HCPCS_CD_27_units,Units for HCPCS_CD_27: count,True,True,2026-03-25 15:16:03.642479+00:00,twcook@axius-sdc.com,rdfs:isDefinedBy http://www.ontology-of-units-of-measure.org/resource/om-2/SystemOfUnits,
Units,wqno1g2zyc4gup61eug44g60,HCPCS_CD_29_units,Units for HCPCS_CD_29: count,True,True,2026-03-25 15:16:03.653755+00:00,twcook@axius-sdc.com,rdfs:isDefinedBy http://www.ontology-of-units-of-measure.org/resource/om-2/SystemOfUnits,
Units,wtbf989yt9pjabjefohkoiui,HCPCS_CD_32_units,Units for HCPCS_CD_32: count,True,True,2026-03-25 15:16:03.667928+00:00,twcook@axius-sdc.com,rdfs:isDefinedBy http://www.ontology-of-units-of-measure.org/resource/om-2/SystemOfUnits,
Units,jq31bmnuk1bys3a41bhpxk8q,HCPCS_CD_33_units,Units for HCPCS_CD_33: count,True,True,2026-03-25 15:16:03.676769+00:00,twcook@axius-sdc.com,rdfs:isDefinedBy http://www.ontology-of-units-of-measure.org/resource/om-2/SystemOfUnits,
Units,ptw7qexlcy9avzpj36p7mkj1,HCPCS_CD_34_units,Units for HCPCS_CD_34: count,True,True,2026-03-25 15:16:03.691560+00:00,twcook@axius-sdc.com,rdfs:isDefinedBy http://www.ontology-of-units-of-measure.org/resource/om-2/SystemOfUnits,
Units,i0y1fmu65soc7bbizk7xmesl,HCPCS_CD_35_units,Units for HCPCS_CD_35: count,True,True,2026-03-25 15:16:03.703966+00:00,twcook@axius-sdc.com,rdfs:isDefinedBy http://www.ontology-of-units-of-measure.org/resource/om-2/SystemOfUnits,
Units,gv9e1s1d1mo1vglqm7a0akvt,HCPCS_CD_38_units,Units for HCPCS_CD_38: count,True,True,2026-03-25 15:16:03.717857+00:00,twcook@axius-sdc.com,rdfs:isDefinedBy http://www.ontology-of-units-of-measure.org/resource/om-2/SystemOfUnits,
Units,yck5qjrrjlb07xx08n0iqp0e,HCPCS_CD_39_units,Units for HCPCS_CD_39: count,True,True,2026-03-25 15:16:03.731000+00:00,twcook@axius-sdc.com,rdfs:isDefinedBy http://www.ontology-of-units-of-measure.org/resource/om-2/SystemOfUnits,
Units,vqamau41s6mysmnv287uk1ua,HCPCS_CD_40_units,Units for HCPCS_CD_40: count,True,True,2026-03-25 15:16:03.742584+00:00,twcook@axius-sdc.com,rdfs:isDefinedBy http://www.ontology-of-units-of-measure.org/resource/om-2/SystemOfUnits,
Units,k9oqt82eyz7837cbx7yrtjfv,HCPCS_CD_43_units,Units for HCPCS_CD_43: count,True,True,2026-03-25 15:16:03.761478+00:00,twcook@axius-sdc.com,rdfs:isDefinedBy http://www.ontology-of-units-of-measure.org/resource/om-2/SystemOfUnits,
Units,ytsfnugm9vfbphmx5b5ojzqf,HCPCS_CD_5_units,Units for HCPCS_CD_5: count,True,True,2026-03-25 15:16:03.601700+00:00,twcook@axius-sdc.com,rdfs:isDefinedBy http://www.ontology-of-units-of-measure.org/resource/om-2/SystemOfUnits,
Units,m12zw2rpo64ze72tmiaip1s5,_HCVU652_units,Units for _HCVU652: count,True,True,2026-03-25 14:40:53.978520+00:00,twcook@axius-sdc.com,rdfs:isDefinedBy http://www.ontology-of-units-of-measure.org/resource/om-2/SystemOfUnits,
Units,a3ght971bd5vcmw9hbrtr4ew,_HISPANC_units,Units for _HISPANC: count,True,True,2026-03-25 14:40:54.124224+00:00,twcook@axius-sdc.com,rdfs:isDefinedBy http://www.ontology-of-units-of-measure.org/resource/om-2/SystemOfUnits,
Units,l7uapzplc7mqwe5xwosd7318,HIVRISK5_units,Units for HIVRISK5: count,True,True,2026-03-25 14:40:53.049979+00:00,twcook@axius-sdc.com,rdfs:isDefinedBy http://www.ontology-of-units-of-measure.org/resource/om-2/SystemOfUnits,
Units,u94qkkjzj3p2pmvxrhgeqv1j,HIVTST7_units,Units for HIVTST7: count,True,True,2026-03-25 14:40:53.026553+00:00,twcook@axius-sdc.com,rdfs:isDefinedBy http://www.ontology-of-units-of-measure.org/resource/om-2/SystemOfUnits,
Units,sqj76ncj5uzydspzi5sar19v,HIVTSTD3_units,Units for HIVTSTD3: count,True,True,2026-03-25 14:40:53.038011+00:00,twcook@axius-sdc.com,rdfs:isDefinedBy http://www.ontology-of-units-of-measure.org/resource/om-2/SystemOfUnits,
Units,anuxbat8a0h84j6bm3f8wgwv,_HLTHPLN_units,Units for _HLTHPLN: count,True,True,2026-03-25 14:40:53.963621+00:00,twcook@axius-sdc.com,rdfs:isDefinedBy http://www.ontology-of-units-of-measure.org/resource/om-2/SystemOfUnits,
Units,qtqsgn0wnrysgujjs0dtf561,HOWLONG_units,Units for HOWLONG: count,True,True,2026-03-25 14:40:52.600731+00:00,twcook@axius-sdc.com,rdfs:isDefinedBy http://www.ontology-of-units-of-measure.org/resource/om-2/SystemOfUnits,
Units,ug75l10vf5amlnekbhhyvi4u,HTIN4_units,Units for HTIN4: count,True,True,2026-03-25 14:40:54.222915+00:00,twcook@axius-sdc.com,rdfs:isDefinedBy http://www.ontology-of-units-of-measure.org/resource/om-2/SystemOfUnits,
Units,cty6vmejezsm0uk7zc9av7bf,HTM4_units,Units for HTM4: count,True,True,2026-03-25 14:40:54.235126+00:00,twcook@axius-sdc.com,rdfs:isDefinedBy http://www.ontology-of-units-of-measure.org/resource/om-2/SystemOfUnits,
Units,e8tqoe7998ye7i6czbyzwv6s,ICD9_DGNS_CD_10_units,Units for ICD9_DGNS_CD_10: count,True,True,2026-03-25 15:10:00.522673+00:00,twcook@axius-sdc.com,rdfs:isDefinedBy http://www.ontology-of-units-of-measure.org/resource/om-2/Unit,
Units,dl8ztjh5ukhhvje8n1bzmxa6,ICD9_DGNS_CD_9_units,Units for ICD9_DGNS_CD_9: count,True,True,2026-03-25 15:16:03.546411+00:00,twcook@axius-sdc.com,rdfs:isDefinedBy http://www.ontology-of-units-of-measure.org/resource/om-2/SystemOfUnits,
Units,d5y7vna1ygjzwcd0d24wf4am,ICD9_PRCDR_CD_1_units,Units for ICD9_PRCDR_CD_1: count,True,True,2026-03-25 15:10:00.531705+00:00,twcook@axius-sdc.com,rdfs:isDefinedBy http://www.ontology-of-units-of-measure.org/resource/om-2/Unit,
Units,j3ir6oexscam83vj0ofcbxef,ICD9_PRCDR_CD_5_units,Units for ICD9_PRCDR_CD_5: count,True,True,2026-03-25 15:10:00.552476+00:00,twcook@axius-sdc.com,rdfs:isDefinedBy http://www.ontology-of-units-of-measure.org/resource/om-2/SystemOfUnits,
Units,w9hk9m4jy230vaidw6k30t9e,ICD9_PRCDR_CD_6_units,Units for ICD9_PRCDR_CD_6: count,True,True,2026-03-25 15:10:00.563977+00:00,twcook@axius-sdc.com,rdfs:isDefinedBy http://www.ontology-of-units-of-measure.org/resource/om-2/SystemOfUnits,
Units,rju4ap1o5hc3xnd9t80wfipq,IDATE_units,Units for IDATE: count,True,True,2026-03-25 14:40:51.924960+00:00,twcook@axius-sdc.com,rdfs:isDefinedBy http://www.ontology-of-units-of-measure.org/resource/om-2/SystemOfUnits,
Units,n1pxpaw1gas8e838g6am5bf9,IDAY_units,Units for IDAY: count,True,True,2026-03-25 14:40:51.945653+00:00,twcook@axius-sdc.com,rdfs:isDefinedBy http://www.ontology-of-units-of-measure.org/resource/om-2/SystemOfUnits,
Units,u4juo4qosmd2b2coeuzgof28,IMONTH_units,Units for IMONTH: count,True,True,2026-03-25 14:40:51.934963+00:00,twcook@axius-sdc.com,rdfs:isDefinedBy http://www.ontology-of-units-of-measure.org/resource/om-2/SystemOfUnits,
Units,fvp4ajfzlg57nckfsvnrxbo8,_IMPRACE_units,Units for _IMPRACE: count,True,True,2026-03-25 14:40:53.811562+00:00,twcook@axius-sdc.com,rdfs:isDefinedBy http://www.ontology-of-units-of-measure.org/resource/om-2/SystemOfUnits,
Units,hk6ul7fxazt3d16mhh56td7k,_INCOMG1_units,Units for _INCOMG1: count,True,True,2026-03-25 14:40:54.298561+00:00,twcook@axius-sdc.com,rdfs:isDefinedBy http://www.ontology-of-units-of-measure.org/resource/om-2/SystemOfUnits,
Units,hokvq5pxe8tqdhwla9t804rx,IYEAR_units,Units for IYEAR: count,True,True,2026-03-25 14:40:51.953681+00:00,twcook@axius-sdc.com,rdfs:isDefinedBy http://www.ontology-of-units-of-measure.org/resource/om-2/SystemOfUnits,
Units,qw8k2qbgxgjek6s0g207npof,LADULT1_units,Units for LADULT1: count,True,True,2026-03-25 14:40:52.080011+00:00,twcook@axius-sdc.com,rdfs:isDefinedBy http://www.ontology-of-units-of-measure.org/resource/om-2/SystemOfUnits,
Units,frhjo25w55zf2v33x6ta48ip,LANDSEX1_units,Units for LANDSEX1: count,True,True,2026-03-25 14:40:52.103000+00:00,twcook@axius-sdc.com,rdfs:isDefinedBy http://www.ontology-of-units-of-measure.org/resource/om-2/SystemOfUnits,
Units,pf8l4l9sc8k2x1urbnj953aw,LASTSIG4_units,Units for LASTSIG4: count,True,True,2026-03-25 14:40:52.718593+00:00,twcook@axius-sdc.com,rdfs:isDefinedBy http://www.ontology-of-units-of-measure.org/resource/om-2/SystemOfUnits,
Units,yrp2a04iock46p2ax7e3lo9a,LBDBANO_units,Units for LBDBANO: count,True,True,2026-03-25 14:25:10.995234+00:00,twcook@axius-sdc.com,rdfs:isDefinedBy http://www.ontology-of-units-of-measure.org/resource/om-2/SystemOfUnits,
Units,vzld6jka6c8aue7b7btob1b5,LBDEONO_units,Units for LBDEONO: count,True,True,2026-03-25 14:25:10.982223+00:00,twcook@axius-sdc.com,rdfs:isDefinedBy http://www.ontology-of-units-of-measure.org/resource/om-2/SystemOfUnits,
Units,u7jpw9eo2dlc3juumnwldtpp,LBDLYMNO_units,Units for LBDLYMNO: count,True,True,2026-03-25 14:25:10.948670+00:00,twcook@axius-sdc.com,rdfs:isDefinedBy http://www.ontology-of-units-of-measure.org/resource/om-2/SystemOfUnits,
Units,y5juwkqbcj1epboabr0aa1d6,LBDMONO_units,Units for LBDMONO: count,True,True,2026-03-25 14:25:10.960484+00:00,twcook@axius-sdc.com,rdfs:isDefinedBy http://www.ontology-of-units-of-measure.org/resource/om-2/SystemOfUnits,
Units,wyyxteajs2glyw2crjps79we,LBDNENO_units,Units for LBDNENO: count,True,True,2026-03-25 14:25:10.972225+00:00,twcook@axius-sdc.com,rdfs:isDefinedBy http://www.ontology-of-units-of-measure.org/resource/om-2/SystemOfUnits,
Units,qcylx7swsk2q0f2rn3fipdf6,LBDTCSI_units,Units for LBDTCSI: count,True,True,2026-03-25 14:27:24.237739+00:00,twcook@axius-sdc.com,rdfs:isDefinedBy http://www.ontology-of-units-of-measure.org/resource/om-2/SystemOfUnits,
Units,cj78mje85fub3b5qc8sj6ugr,LBXBAPCT_units,Units for LBXBAPCT: count,True,True,2026-03-25 14:25:10.936200+00:00,twcook@axius-sdc.com,rdfs:isDefinedBy http://www.ontology-of-units-of-measure.org/resource/om-2/SystemOfUnits,
Units,g2wzs0fkryw2jkxu2pkmbd03,LBXHCT_units,Units for LBXHCT: count,True,True,2026-03-25 14:25:11.025770+00:00,twcook@axius-sdc.com,rdfs:isDefinedBy https://www.wikidata.org/wiki/Q47574,
Units,a2byeose6nzl6wjhtlay5vqg,LBXHGB_units,Units for LBXHGB: count,True,True,2026-03-25 14:25:11.015727+00:00,twcook@axius-sdc.com,rdfs:isDefinedBy http://www.ontology-of-units-of-measure.org/resource/om-2/SystemOfUnits,
Units,yuxg37p9qw1cmg7b5gj2jggp,LBXLYPCT_units,Units for LBXLYPCT: count,True,True,2026-03-25 14:25:10.910193+00:00,twcook@axius-sdc.com,rdfs:isDefinedBy http://www.ontology-of-units-of-measure.org/resource/om-2/SystemOfUnits,
Units,nuyl6h2tawlwyqo7slwtagyi,LBXMCHSI_units,Units for LBXMCHSI: count,True,True,2026-03-25 14:25:11.055901+00:00,twcook@axius-sdc.com,rdfs:isDefinedBy http://www.ontology-of-units-of-measure.org/resource/om-2/SystemOfUnits,
Units,qhfzf8ru858h1vq73alugky3,LBXMC_units,Units for LBXMC: count,True,True,2026-03-25 14:25:11.065653+00:00,twcook@axius-sdc.com,rdfs:isDefinedBy http://www.ontology-of-units-of-measure.org/resource/om-2/SystemOfUnits,
Units,ryh40e8ofxsqahnjfcecm5xy,LBXMCVSI_units,Units for LBXMCVSI: count,True,True,2026-03-25 14:25:11.043419+00:00,twcook@axius-sdc.com,rdfs:isDefinedBy http://www.ontology-of-units-of-measure.org/resource/om-2/SystemOfUnits,
Units,mswhmkbrg8btfozgay285c5o,LBXMPSI_units,Units for LBXMPSI: count,True,True,2026-03-25 14:25:11.089945+00:00,twcook@axius-sdc.com,rdfs:isDefinedBy http://www.ontology-of-units-of-measure.org/resource/om-2/SystemOfUnits,
Units,xofkbhkqq1wcws99roq4xrva,LBXNEPCT_units,Units for LBXNEPCT: count,True,True,2026-03-25 14:25:10.923874+00:00,twcook@axius-sdc.com,rdfs:isDefinedBy https://www.wikidata.org/wiki/Q60675024,
Units,j5jim9ektjcl1ri3nkesvwjw,LBXNRBC_units,Units for LBXNRBC: count,True,True,2026-03-25 14:25:11.100871+00:00,twcook@axius-sdc.com,rdfs:isDefinedBy http://www.ontology-of-units-of-measure.org/resource/om-2/SystemOfUnits,
Units,lb6jm5skdf2zojxca93woqsi,LBXPLTSI_units,Units for LBXPLTSI: count,True,True,2026-03-25 14:25:11.077411+00:00,twcook@axius-sdc.com,rdfs:isDefinedBy http://www.ontology-of-units-of-measure.org/resource/om-2/SystemOfUnits,
Units,vk046qmy596zekiwi6ylhnoo,LBXRBCSI_units,Units for LBXRBCSI: count,True,True,2026-03-25 14:25:11.005538+00:00,twcook@axius-sdc.com,rdfs:isDefinedBy http://www.ontology-of-units-of-measure.org/resource/om-2/SystemOfUnits,
Units,d6qtlgj6nlexyfdb8oj6pnx0,LBXTC_units,Units for LBXTC: count,True,True,2026-03-25 14:27:24.221774+00:00,twcook@axius-sdc.com,rdfs:isDefinedBy http://www.ontology-of-units-of-measure.org/resource/om-2/SystemOfUnits,
Units,j9ozzvgc271p7ohe95rvc9f7,LBXWBCSI_units,Units for LBXWBCSI: count,True,True,2026-03-25 14:25:10.901696+00:00,twcook@axius-sdc.com,rdfs:isDefinedBy http://www.ontology-of-units-of-measure.org/resource/om-2/SystemOfUnits,
Units,k4dto90unxl9dr850eope5em,LCSCTSC1_units,Units for LCSCTSC1: count,True,True,2026-03-25 14:40:52.904447+00:00,twcook@axius-sdc.com,rdfs:isDefinedBy http://www.ontology-of-units-of-measure.org/resource/om-2/SystemOfUnits,
Units,u2s5q5uoucn2wni7bdq08a6j,LCSCTWHN_units,Units for LCSCTWHN: count,True,True,2026-03-25 14:40:52.926686+00:00,twcook@axius-sdc.com,rdfs:isDefinedBy http://www.ontology-of-units-of-measure.org/resource/om-2/SystemOfUnits,
Units,lpcjfed043tppvx1hdclz9h8,LCSFIRST_units,Units for LCSFIRST: count,True,True,2026-03-25 14:40:52.868572+00:00,twcook@axius-sdc.com,rdfs:isDefinedBy http://www.ontology-of-units-of-measure.org/resource/om-2/SystemOfUnits,
Units,sdlu74er5kix89wxoyoqg1vy,LCSLAST_units,Units for LCSLAST: count,True,True,2026-03-25 14:40:52.882931+00:00,twcook@axius-sdc.com,rdfs:isDefinedBy http://www.ontology-of-units-of-measure.org/resource/om-2/SystemOfUnits,
Units,m3xm32uvx9hqvklzxz6x25bl,LCSNUMCG_units,Units for LCSNUMCG: count,True,True,2026-03-25 14:40:52.892419+00:00,twcook@axius-sdc.com,rdfs:isDefinedBy http://www.ontology-of-units-of-measure.org/resource/om-2/SystemOfUnits,
Units,h1x6tj2ewqp6d4kp92266fgx,_LCSREC_units,Units for _LCSREC: count,True,True,2026-03-25 14:40:54.543778+00:00,twcook@axius-sdc.com,rdfs:isDefinedBy http://www.ontology-of-units-of-measure.org/resource/om-2/SystemOfUnits,
Units,mkpm4uqqdrte40wbq211kcav,LCSSCNCR_units,Units for LCSSCNCR: count,True,True,2026-03-25 14:40:52.913455+00:00,twcook@axius-sdc.com,rdfs:isDefinedBy http://www.ontology-of-units-of-measure.org/resource/om-2/SystemOfUnits,
Units,iiyb46rkr2qsmskz0hivqr8r,_LLCPWT2_units,Units for _LLCPWT2: count,True,True,2026-03-25 14:40:53.908877+00:00,twcook@axius-sdc.com,rdfs:isDefinedBy http://www.ontology-of-units-of-measure.org/resource/om-2/SystemOfUnits,
Units,n3htaphhhq40zxqclj16tu5w,_LLCPWT_units,Units for _LLCPWT: count,True,True,2026-03-25 14:40:53.919987+00:00,twcook@axius-sdc.com,rdfs:isDefinedBy http://www.ontology-of-units-of-measure.org/resource/om-2/SystemOfUnits,
Units,s7w4nukr7fjeds7hlyup67mp,LSATISFY_units,Units for LSATISFY: count,True,True,2026-03-25 14:40:53.393154+00:00,twcook@axius-sdc.com,rdfs:isDefinedBy http://www.ontology-of-units-of-measure.org/resource/om-2/SystemOfUnits,
Units,nw651249zibf1uhki109orek,_LTASTH1_units,Units for _LTASTH1: count,True,True,2026-03-25 14:40:54.048592+00:00,twcook@axius-sdc.com,rdfs:isDefinedBy http://www.ontology-of-units-of-measure.org/resource/om-2/SystemOfUnits,
Units,z3lmrvmrnogm0gvp1z25rkaq,_MAM5023_units,Units for _MAM5023: count,True,True,2026-03-25 14:40:54.326441+00:00,twcook@axius-sdc.com,rdfs:isDefinedBy http://www.ontology-of-units-of-measure.org/resource/om-2/SystemOfUnits,
Units,gc65ahgupj3asiuxdmgdlrij,MAXDRNKS_units,Units for MAXDRNKS: count,True,True,2026-03-25 14:40:52.970443+00:00,twcook@axius-sdc.com,rdfs:isDefinedBy http://www.ontology-of-units-of-measure.org/resource/om-2/SystemOfUnits,
Units,sldm2i80dvxqu6s3rsalxx8n,MCD180A_units,Units for MCD180A: count,True,True,2026-03-25 14:29:49.998267+00:00,twcook@axius-sdc.com,rdfs:isDefinedBy http://www.ontology-of-units-of-measure.org/resource/om-2/SystemOfUnits,
Units,d26sq66bjnqqb7kfuc904lso,MCD180B_units,Units for MCD180B: count,True,True,2026-03-25 14:29:50.044112+00:00,twcook@axius-sdc.com,rdfs:isDefinedBy http://www.ontology-of-units-of-measure.org/resource/om-2/SystemOfUnits,
Units,t64m4bsgsfu4ghm8ct68xvcl,MCD180C_units,Units for MCD180C: count,True,True,2026-03-25 14:29:50.066657+00:00,twcook@axius-sdc.com,rdfs:isDefinedBy http://www.ontology-of-units-of-measure.org/resource/om-2/SystemOfUnits,
Units,sfw96a6x12abx5ogfx73xum1,MCD180D_units,Units for MCD180D: count,True,True,2026-03-25 14:29:50.092894+00:00,twcook@axius-sdc.com,rdfs:isDefinedBy http://www.ontology-of-units-of-measure.org/resource/om-2/SystemOfUnits,
Units,d8s9u7m9mihkorbkj34jxgv0,MCD180F_units,Units for MCD180F: count,True,True,2026-03-25 14:29:50.118128+00:00,twcook@axius-sdc.com,rdfs:isDefinedBy http://www.ontology-of-units-of-measure.org/resource/om-2/SystemOfUnits,
Units,v91il6mzlcjutly6w5pksltp,MCD180G_units,Units for MCD180G: count,True,True,2026-03-25 14:29:50.176489+00:00,twcook@axius-sdc.com,rdfs:isDefinedBy http://www.ontology-of-units-of-measure.org/resource/om-2/SystemOfUnits,
Units,rr0q4x2q643p7dhssxz2ssne,MCD180K_units,Units for MCD180K: count,True,True,2026-03-25 14:29:50.212425+00:00,twcook@axius-sdc.com,rdfs:isDefinedBy http://www.ontology-of-units-of-measure.org/resource/om-2/SystemOfUnits,
Units,t04vih9fe9wgvplnt51aofxj,MCD180L_units,Units for MCD180L: count,True,True,2026-03-25 14:29:50.233739+00:00,twcook@axius-sdc.com,rdfs:isDefinedBy http://www.ontology-of-units-of-measure.org/resource/om-2/SystemOfUnits,
Units,a62fj4uekr17jsd5y9q6mbcn,MCD180M_units,Units for MCD180M: count,True,True,2026-03-25 14:29:50.153463+00:00,twcook@axius-sdc.com,rdfs:isDefinedBy http://www.ontology-of-units-of-measure.org/resource/om-2/SystemOfUnits,
Units,lhq4sds3hukjdb7nhll7ir3h,MCD180N_units,Units for MCD180N: count,True,True,2026-03-25 14:29:50.033570+00:00,twcook@axius-sdc.com,rdfs:isDefinedBy http://www.ontology-of-units-of-measure.org/resource/om-2/SystemOfUnits,
Units,tt61jg20wulfojsjsqul5vsi,MCD240A_units,Units for MCD240A: count,True,True,2026-03-25 14:29:50.377993+00:00,twcook@axius-sdc.com,rdfs:isDefinedBy http://www.ontology-of-units-of-measure.org/resource/om-2/SystemOfUnits,
Units,sdhckbudrcn5ehhxbvug9n4h,MCQ010_units,Units for MCQ010: count,True,True,2026-03-25 14:29:49.931101+00:00,twcook@axius-sdc.com,rdfs:isDefinedBy http://www.ontology-of-units-of-measure.org/resource/om-2/SystemOfUnits,
Units,c063we1fiyeynsn307ol7jeh,MCQ025_units,Units for MCQ025: count,True,True,2026-03-25 14:29:49.940178+00:00,twcook@axius-sdc.com,rdfs:isDefinedBy http://www.ontology-of-units-of-measure.org/resource/om-2/SystemOfUnits,
Units,s6x80buxr126a5bsqb7raadf,MCQ035_units,Units for MCQ035: count,True,True,2026-03-25 14:29:49.951189+00:00,twcook@axius-sdc.com,rdfs:isDefinedBy http://www.ontology-of-units-of-measure.org/resource/om-2/SystemOfUnits,
Units,wepg6q3jnmdz54s8jiksxnls,MCQ080_units,Units for MCQ080: count,True,True,2026-03-25 14:29:49.971822+00:00,twcook@axius-sdc.com,rdfs:isDefinedBy http://www.ontology-of-units-of-measure.org/resource/om-2/SystemOfUnits,
Units,ptibv27eq3y4oir2j3qalvf4,MCQ160A_units,Units for MCQ160A: count,True,True,2026-03-25 14:29:49.988211+00:00,twcook@axius-sdc.com,rdfs:isDefinedBy http://www.ontology-of-units-of-measure.org/resource/om-2/SystemOfUnits,
Units,v6oz5zz5r8a07n4t7insiaq3,MCQ160C_units,Units for MCQ160C: count,True,True,2026-03-25 14:29:50.056201+00:00,twcook@axius-sdc.com,rdfs:isDefinedBy http://www.ontology-of-units-of-measure.org/resource/om-2/SystemOfUnits,
Units,awmmin3eb449tolzqnzx92f1,MCQ160D_units,Units for MCQ160D: count,True,True,2026-03-25 14:29:50.081908+00:00,twcook@axius-sdc.com,rdfs:isDefinedBy http://www.ontology-of-units-of-measure.org/resource/om-2/SystemOfUnits,
Units,y0a0y0q2ydz5tkjnoowb2hm6,MCQ160F_units,Units for MCQ160F: count,True,True,2026-03-25 14:29:50.105155+00:00,twcook@axius-sdc.com,rdfs:isDefinedBy http://www.ontology-of-units-of-measure.org/resource/om-2/SystemOfUnits,
Units,ey2x6wd6c0b5gu83lbh9kn6f,MCQ160G_units,Units for MCQ160G: count,True,True,2026-03-25 14:29:50.163401+00:00,twcook@axius-sdc.com,rdfs:isDefinedBy http://www.ontology-of-units-of-measure.org/resource/om-2/SystemOfUnits,
Units,a4zj28ts75cjwkuo2u2sombm,MCQ160K_units,Units for MCQ160K: count,True,True,2026-03-25 14:29:50.189666+00:00,twcook@axius-sdc.com,rdfs:isDefinedBy http://www.ontology-of-units-of-measure.org/resource/om-2/SystemOfUnits,
Units,abbc585ynt723g8hd5dtfs9c,MCQ160M_units,Units for MCQ160M: count,True,True,2026-03-25 14:29:50.128750+00:00,twcook@axius-sdc.com,rdfs:isDefinedBy http://www.ontology-of-units-of-measure.org/resource/om-2/SystemOfUnits,
Units,b62pgg0veflrlv0l4wvgm4yy,MCQ160N_units,Units for MCQ160N: count,True,True,2026-03-25 14:29:50.020413+00:00,twcook@axius-sdc.com,rdfs:isDefinedBy http://www.ontology-of-units-of-measure.org/resource/om-2/SystemOfUnits,
Units,k4l9eo19nzvhdv3aay3nukl4,MCQ160O_units,Units for MCQ160O: count,True,True,2026-03-25 14:29:50.222326+00:00,twcook@axius-sdc.com,rdfs:isDefinedBy http://www.ontology-of-units-of-measure.org/resource/om-2/SystemOfUnits,
Units,eiosngthy3ayluvr5x6rkefm,MCQ170K_units,Units for MCQ170K: count,True,True,2026-03-25 14:29:50.198884+00:00,twcook@axius-sdc.com,rdfs:isDefinedBy http://www.ontology-of-units-of-measure.org/resource/om-2/SystemOfUnits,
Units,wmfas1b43ue6rf4h74kdy0qn,MCQ170M_units,Units for MCQ170M: count,True,True,2026-03-25 14:29:50.138855+00:00,twcook@axius-sdc.com,rdfs:isDefinedBy http://www.ontology-of-units-of-measure.org/resource/om-2/SystemOfUnits,
Units,drk981cqxno7fq8q4wg1m8qu,MCQ195_units,Units for MCQ195: count,True,True,2026-03-25 14:29:50.009825+00:00,twcook@axius-sdc.com,rdfs:isDefinedBy http://www.ontology-of-units-of-measure.org/resource/om-2/SystemOfUnits,
Units,q795nwztgylyyzdid5npcg4d,MCQ203_units,Units for MCQ203: count,True,True,2026-03-25 14:29:50.329320+00:00,twcook@axius-sdc.com,rdfs:isDefinedBy http://www.ontology-of-units-of-measure.org/resource/om-2/SystemOfUnits,
Units,z286t2hskucohwwellktex4m,MCQ206_units,Units for MCQ206: count,True,True,2026-03-25 14:29:50.341824+00:00,twcook@axius-sdc.com,rdfs:isDefinedBy http://www.ontology-of-units-of-measure.org/resource/om-2/SystemOfUnits,
Units,w7lle8mauc0wm4auwundr6f8,MCQ220_units,Units for MCQ220: count,True,True,2026-03-25 14:29:50.354955+00:00,twcook@axius-sdc.com,rdfs:isDefinedBy http://www.ontology-of-units-of-measure.org/resource/om-2/SystemOfUnits,
Units,r09mdjjqbehatzi3w9aox1c4,MCQ230A_units,Units for MCQ230A: count,True,True,2026-03-25 14:29:50.365283+00:00,twcook@axius-sdc.com,rdfs:isDefinedBy http://www.ontology-of-units-of-measure.org/resource/om-2/SystemOfUnits,
Units,xszomngoip0ere5mho4ij4ty,MCQ366A_units,Units for MCQ366A: count,True,True,2026-03-25 14:29:50.417380+00:00,twcook@axius-sdc.com,rdfs:isDefinedBy http://www.ontology-of-units-of-measure.org/resource/om-2/SystemOfUnits,
Units,dkmc0b1w8yqub3zo6hrfq1xi,MCQ366C_units,Units for MCQ366C: count,True,True,2026-03-25 14:29:50.427336+00:00,twcook@axius-sdc.com,rdfs:isDefinedBy http://www.ontology-of-units-of-measure.org/resource/om-2/SystemOfUnits,
Units,brakldt7upm1nghh3m6ih4mp,MCQ366D_units,Units for MCQ366D: count,True,True,2026-03-25 14:29:50.439677+00:00,twcook@axius-sdc.com,rdfs:isDefinedBy http://www.ontology-of-units-of-measure.org/resource/om-2/SystemOfUnits,
Units,pzgfsc2mzh5sk9t2lta3417o,MCQ371A_units,Units for MCQ371A: count,True,True,2026-03-25 14:29:50.451443+00:00,twcook@axius-sdc.com,rdfs:isDefinedBy http://www.ontology-of-units-of-measure.org/resource/om-2/SystemOfUnits,
Units,kylwmexrmum564vze0oa3qjt,MCQ371C_units,Units for MCQ371C: count,True,True,2026-03-25 14:29:50.462884+00:00,twcook@axius-sdc.com,rdfs:isDefinedBy http://www.ontology-of-units-of-measure.org/resource/om-2/SystemOfUnits,
Units,qw2uuwhlvyu20l2gluiyamgq,MCQ371D_units,Units for MCQ371D: count,True,True,2026-03-25 14:29:50.471405+00:00,twcook@axius-sdc.com,rdfs:isDefinedBy http://www.ontology-of-units-of-measure.org/resource/om-2/SystemOfUnits,
Units,hvgl5v6540do5vlvnmklws6m,MCQ510A_units,Units for MCQ510A: count,True,True,2026-03-25 14:29:50.245439+00:00,twcook@axius-sdc.com,rdfs:isDefinedBy http://www.ontology-of-units-of-measure.org/resource/om-2/SystemOfUnits,
Units,o5brs3sbk93hciaaotl48xeg,MCQ510F_units,Units for MCQ510F: count,True,True,2026-03-25 14:29:50.267910+00:00,twcook@axius-sdc.com,rdfs:isDefinedBy http://www.ontology-of-units-of-measure.org/resource/om-2/SystemOfUnits,
Units,g1gge75tysui65vyyxcu5cvw,MCQ530_units,Units for MCQ530: count,True,True,2026-03-25 14:29:50.278325+00:00,twcook@axius-sdc.com,rdfs:isDefinedBy http://www.ontology-of-units-of-measure.org/resource/om-2/SystemOfUnits,
Units,rxplm33cnrhll3t0a3i94ydg,MCQ540_units,Units for MCQ540: count,True,True,2026-03-25 14:29:50.288856+00:00,twcook@axius-sdc.com,rdfs:isDefinedBy http://www.ontology-of-units-of-measure.org/resource/om-2/SystemOfUnits,
Units,vwt9y32ia85wr4grbguj6ruh,MCQ550_units,Units for MCQ550: count,True,True,2026-03-25 14:29:50.300793+00:00,twcook@axius-sdc.com,rdfs:isDefinedBy http://www.ontology-of-units-of-measure.org/resource/om-2/SystemOfUnits,
Units,tpyat57elg9wqx9huyndvlt3,MCQ560_units,Units for MCQ560: count,True,True,2026-03-25 14:29:50.310466+00:00,twcook@axius-sdc.com,rdfs:isDefinedBy http://www.ontology-of-units-of-measure.org/resource/om-2/SystemOfUnits,
Units,vmhn2did85w6laexq60skszu,MCQ570_units,Units for MCQ570: count,True,True,2026-03-25 14:29:50.321268+00:00,twcook@axius-sdc.com,rdfs:isDefinedBy http://www.ontology-of-units-of-measure.org/resource/om-2/SystemOfUnits,
Units,n5uaac4qfzhldyf8mgzhf00g,MEDCOST1_units,Units for MEDCOST1: count,True,True,2026-03-25 14:40:52.246145+00:00,twcook@axius-sdc.com,rdfs:isDefinedBy http://www.ontology-of-units-of-measure.org/resource/om-2/SystemOfUnits,
Units,zdnogydpn4fe9ckhgp9zpd43,MEDREIMB_CAR_units,Units for MEDREIMB_CAR: count,True,True,2026-03-25 15:06:18.330056+00:00,twcook@axius-sdc.com,rdfs:isDefinedBy http://www.ontology-of-units-of-measure.org/resource/om-2/SystemOfUnits,
Units,yeuvuetylqv7s90d5833t4wq,MEDREIMB_IP_units,Units for MEDREIMB_IP: count,True,True,2026-03-25 15:06:18.255326+00:00,twcook@axius-sdc.com,rdfs:isDefinedBy http://www.ontology-of-units-of-measure.org/resource/om-2/Unit,
Units,u4gby7o5s8aut09a5cts4y97,MEDREIMB_OP_units,Units for MEDREIMB_OP: count,True,True,2026-03-25 15:06:18.294063+00:00,twcook@axius-sdc.com,rdfs:isDefinedBy http://www.ontology-of-units-of-measure.org/resource/om-2/Unit,
Units,jawnjl5bwue4qg2evwngua1k,_MENT14D_units,Units for _MENT14D: count,True,True,2026-03-25 14:40:53.953359+00:00,twcook@axius-sdc.com,rdfs:isDefinedBy http://www.ontology-of-units-of-measure.org/resource/om-2/SystemOfUnits,
Units,kprwdqm0i0pxgr9tem2fjxb6,MENTHLTH_units,Units for MENTHLTH: count,True,True,2026-03-25 14:40:52.203683+00:00,twcook@axius-sdc.com,rdfs:isDefinedBy http://www.ontology-of-units-of-measure.org/resource/om-2/SystemOfUnits,
Units,e3dl7madguht1li6dvr2uaz6,_METSTAT_units,Units for _METSTAT: count,True,True,2026-03-25 14:40:53.714090+00:00,twcook@axius-sdc.com,rdfs:isDefinedBy http://www.ontology-of-units-of-measure.org/resource/om-2/SystemOfUnits,
Units,qa18nyh15t8bs4ke7u55om2t,_MICHD_units,Units for _MICHD: count,True,True,2026-03-25 14:40:54.037928+00:00,twcook@axius-sdc.com,rdfs:isDefinedBy http://www.ontology-of-units-of-measure.org/resource/om-2/SystemOfUnits,
Units,ny9w4zd792y80cykj2haw8rw,_MRACE2_units,Units for _MRACE2: count,True,True,2026-03-25 14:40:54.111482+00:00,twcook@axius-sdc.com,rdfs:isDefinedBy http://www.ontology-of-units-of-measure.org/resource/om-2/SystemOfUnits,
Units,tbv4yknqw1kzycduoljrsglg,MSCODE_units,Units for MSCODE: count,True,True,2026-03-25 14:40:53.751555+00:00,twcook@axius-sdc.com,rdfs:isDefinedBy http://www.ontology-of-units-of-measure.org/resource/om-2/SystemOfUnits,
Units,eer29rtizqjkz54h3zd2f00s,NCH_BENE_BLOOD_DDCTBL_LBLTY_AM_units,Units for NCH_BENE_BLOOD_DDCTBL_LBLTY_AM: count,True,True,2026-03-25 15:10:00.448146+00:00,twcook@axius-sdc.com,rdfs:isDefinedBy http://www.ontology-of-units-of-measure.org/resource/om-2/Unit,
Units,i0g300frfhfo0ahj67p579uv,NCH_BENE_DSCHRG_DT_units,Units for NCH_BENE_DSCHRG_DT: count,True,True,2026-03-25 15:10:00.471871+00:00,twcook@axius-sdc.com,rdfs:isDefinedBy http://www.ontology-of-units-of-measure.org/resource/om-2/SystemOfUnits,
Units,hgi06l44o07hzoyemqgwseu9,NCH_BENE_IP_DDCTBL_AMT_units,Units for NCH_BENE_IP_DDCTBL_AMT: count,True,True,2026-03-25 15:10:00.418040+00:00,twcook@axius-sdc.com,rdfs:isDefinedBy http://www.ontology-of-units-of-measure.org/resource/om-2/Unit,
Units,tg3e8huqyiau9g4aynpc76k4,NCH_BENE_PTA_COINSRNC_LBLTY_AM_units,Units for NCH_BENE_PTA_COINSRNC_LBLTY_AM: count,True,True,2026-03-25 15:10:00.435479+00:00,twcook@axius-sdc.com,rdfs:isDefinedBy http://www.ontology-of-units-of-measure.org/resource/om-2/Unit,
Units,ddpu53k0gndny8uakgpc0z2e,NCH_BENE_PTB_COINSRNC_AMT_units,Units for NCH_BENE_PTB_COINSRNC_AMT: count,True,True,2026-03-25 15:16:03.587725+00:00,twcook@axius-sdc.com,rdfs:isDefinedBy http://www.ontology-of-units-of-measure.org/resource/om-2/SystemOfUnits,
Units,e42flkfra1ch1f5p3hbecvzw,NCH_BENE_PTB_DDCTBL_AMT_units,Units for NCH_BENE_PTB_DDCTBL_AMT: count,True,True,2026-03-25 15:16:03.575196+00:00,twcook@axius-sdc.com,rdfs:isDefinedBy http://www.ontology-of-units-of-measure.org/resource/om-2/SystemOfUnits,
Units,s9yfszp64hixpmpj2zswuu11,NCH_PRMRY_PYR_CLM_PD_AMT_units,Units for NCH_PRMRY_PYR_CLM_PD_AMT: count,True,True,2026-03-25 15:10:00.338148+00:00,twcook@axius-sdc.com,rdfs:isDefinedBy http://www.ontology-of-units-of-measure.org/resource/om-2/SystemOfUnits,
Units,pl2j5rhq8i7bj9llmn86mhm1,NUMADULT_units,Units for NUMADULT: count,True,True,2026-03-25 14:40:52.093713+00:00,twcook@axius-sdc.com,rdfs:isDefinedBy http://www.ontology-of-units-of-measure.org/resource/om-2/SystemOfUnits,
Units,gbqydvlap8cfxekrtcitggi9,NUMHHOL4_units,Units for NUMHHOL4: count,True,True,2026-03-25 14:40:52.462680+00:00,twcook@axius-sdc.com,rdfs:isDefinedBy http://www.ontology-of-units-of-measure.org/resource/om-2/SystemOfUnits,
Units,v6wofjh9pbrrzmbi0d401v71,NUMPHON4_units,Units for NUMPHON4: count,True,True,2026-03-25 14:40:52.473850+00:00,twcook@axius-sdc.com,rdfs:isDefinedBy http://www.ontology-of-units-of-measure.org/resource/om-2/SystemOfUnits,
Units,fh3rvtb3kq3c35ffod5zq2tq,OP_PHYSN_NPI_units,Units for OP_PHYSN_NPI: count,True,True,2026-03-25 15:10:00.366355+00:00,twcook@axius-sdc.com,rdfs:isDefinedBy http://www.ontology-of-units-of-measure.org/resource/om-2/Unit,
Units,ysxeyfguugysjfa0zoawd6n1,OSQ230_units,Units for OSQ230: count,True,True,2026-03-25 14:29:50.483930+00:00,twcook@axius-sdc.com,rdfs:isDefinedBy http://www.ontology-of-units-of-measure.org/resource/om-2/SystemOfUnits,
Units,j416iuxsr9nbupapph6p8omy,OT_PHYSN_NPI_units,Units for OT_PHYSN_NPI: count,True,True,2026-03-25 15:10:00.376946+00:00,twcook@axius-sdc.com,rdfs:isDefinedBy http://www.ontology-of-units-of-measure.org/resource/om-2/SystemOfUnits,
Units,ltwhacrs6c34emlorurj5i3k,_PACKDAY_units,Units for _PACKDAY: count,True,True,2026-03-25 14:40:54.503698+00:00,twcook@axius-sdc.com,rdfs:isDefinedBy http://www.ontology-of-units-of-measure.org/resource/om-2/SystemOfUnits,
Units,y0olspt8rash6yxsebuadje4,PDE_ID_units,Units for PDE_ID: count,True,True,2026-03-25 15:21:54.185549+00:00,twcook@axius-sdc.com,rdfs:isDefinedBy https://www.wikidata.org/wiki/Q125268290,
Units,iyde4eoi36u4anlpak41tb9q,PERSDOC3_units,Units for PERSDOC3: count,True,True,2026-03-25 14:40:52.237788+00:00,twcook@axius-sdc.com,rdfs:isDefinedBy http://www.ontology-of-units-of-measure.org/resource/om-2/SystemOfUnits,
Units,hm9p732ykxewcbbra0sabcp9,PFQ020_units,Units for PFQ020: count,True,True,2026-03-25 14:38:46.133493+00:00,twcook@axius-sdc.com,rdfs:isDefinedBy http://www.ontology-of-units-of-measure.org/resource/om-2/SystemOfUnits,
Units,tpt2kqfwr3f0w1n4gxioxeq5,PFQ041_units,Units for PFQ041: count,True,True,2026-03-25 14:38:46.154630+00:00,twcook@axius-sdc.com,rdfs:isDefinedBy https://www.wikidata.org/wiki/Q78754808,
Units,emevs8odpflj01r732is1hcy,PFQ049_units,Units for PFQ049: count,True,True,2026-03-25 14:38:46.167549+00:00,twcook@axius-sdc.com,rdfs:isDefinedBy https://www.wikidata.org/wiki/Q47574,
Units,n3dgzooicl30b2pt1314riby,PFQ057_units,Units for PFQ057: count,True,True,2026-03-25 14:38:46.178705+00:00,twcook@axius-sdc.com,rdfs:isDefinedBy http://www.ontology-of-units-of-measure.org/resource/om-2/SystemOfUnits,
Units,iwx2wmy21cethvxot5k790pi,PFQ061B_units,Units for PFQ061B: count,True,True,2026-03-25 14:38:46.193418+00:00,twcook@axius-sdc.com,rdfs:isDefinedBy https://www.wikidata.org/wiki/Q47574,
Units,r5uxadg4hbbmls6foiwukgcu,PFQ061D_units,Units for PFQ061D: count,True,True,2026-03-25 14:38:46.204331+00:00,twcook@axius-sdc.com,rdfs:isDefinedBy http://www.ontology-of-units-of-measure.org/resource/om-2/SystemOfUnits,
Units,eiyabozpb2vr4fobcs0qdvb7,PFQ061J_units,Units for PFQ061J: count,True,True,2026-03-25 14:38:46.217239+00:00,twcook@axius-sdc.com,rdfs:isDefinedBy http://www.ontology-of-units-of-measure.org/resource/om-2/SystemOfUnits,
Units,s6o37glmk5yn24nr8fa0ykh4,PFQ061K_units,Units for PFQ061K: count,True,True,2026-03-25 14:38:46.225756+00:00,twcook@axius-sdc.com,rdfs:isDefinedBy http://www.ontology-of-units-of-measure.org/resource/om-2/SystemOfUnits,
Units,sk54d2ig9ernuzzuo2w7ooeo,PFQ063A_units,Units for PFQ063A: count,True,True,2026-03-25 14:38:46.236851+00:00,twcook@axius-sdc.com,rdfs:isDefinedBy https://www.wikidata.org/wiki/Q60675024,
Units,wkfamziacqa72z8h6c0i9u4d,PFQ063B_units,Units for PFQ063B: count,True,True,2026-03-25 14:38:46.247311+00:00,twcook@axius-sdc.com,rdfs:isDefinedBy http://www.ontology-of-units-of-measure.org/resource/om-2/SystemOfUnits,
Units,x3558e8uviz0csx2usseos1q,PFQ063C_units,Units for PFQ063C: count,True,True,2026-03-25 14:38:46.258558+00:00,twcook@axius-sdc.com,rdfs:isDefinedBy http://www.ontology-of-units-of-measure.org/resource/om-2/SystemOfUnits,
Units,uu28f82xew8fc7obp7c49j48,PFQ063D_units,Units for PFQ063D: count,True,True,2026-03-25 14:38:46.269766+00:00,twcook@axius-sdc.com,rdfs:isDefinedBy http://www.ontology-of-units-of-measure.org/resource/om-2/SystemOfUnits,
Units,qmumdt7caut9s4yqtzawkvpt,PFQ063E_units,Units for PFQ063E: count,True,True,2026-03-25 14:38:46.281214+00:00,twcook@axius-sdc.com,rdfs:isDefinedBy https://www.wikidata.org/wiki/Q47574,
Units,uqv807jsbuqf16lmtch9el3d,PFQ090_units,Units for PFQ090: count,True,True,2026-03-25 14:38:46.291368+00:00,twcook@axius-sdc.com,rdfs:isDefinedBy http://www.ontology-of-units-of-measure.org/resource/om-2/SystemOfUnits,
Units,r3z8tfrepbn90s3flyt4bz51,_PHYS14D_units,Units for _PHYS14D: count,True,True,2026-03-25 14:40:53.942096+00:00,twcook@axius-sdc.com,rdfs:isDefinedBy http://www.ontology-of-units-of-measure.org/resource/om-2/SystemOfUnits,
Units,pxd66s4b696rczd77dmj3nxr,PHYSHLTH_units,Units for PHYSHLTH: count,True,True,2026-03-25 14:40:52.186955+00:00,twcook@axius-sdc.com,rdfs:isDefinedBy http://www.ontology-of-units-of-measure.org/resource/om-2/SystemOfUnits,
Units,r6s53dn8h2t0lnlbjurri2up,PLAN_CVRG_MOS_NUM_units,Units for PLAN_CVRG_MOS_NUM: count,True,True,2026-03-25 15:06:18.109865+00:00,twcook@axius-sdc.com,rdfs:isDefinedBy https://www.wikidata.org/wiki/Q47574,
Units,wjagtxiunvnaej71a3pvogkz,_PNEUMO3_units,Units for _PNEUMO3: count,True,True,2026-03-25 14:40:54.606397+00:00,twcook@axius-sdc.com,rdfs:isDefinedBy http://www.ontology-of-units-of-measure.org/resource/om-2/SystemOfUnits,
Units,u4iyz14gfoy36a4lsynpqukg,PNEUVAC4_units,Units for PNEUVAC4: count,True,True,2026-03-25 14:40:53.004149+00:00,twcook@axius-sdc.com,rdfs:isDefinedBy http://www.ontology-of-units-of-measure.org/resource/om-2/SystemOfUnits,
Units,iv97l8zoxymilmffsbakoj1l,POORHLTH_units,Units for POORHLTH: count,True,True,2026-03-25 14:40:52.214879+00:00,twcook@axius-sdc.com,rdfs:isDefinedBy http://www.ontology-of-units-of-measure.org/resource/om-2/SystemOfUnits,
Units,f33ul0q6yxzmp9cd57rwq40y,PPPYMT_CAR_units,Units for PPPYMT_CAR: count,True,True,2026-03-25 15:06:18.351744+00:00,twcook@axius-sdc.com,rdfs:isDefinedBy http://www.ontology-of-units-of-measure.org/resource/om-2/SystemOfUnits,
Units,zvixhybqj6jxa8inokyoaspq,PPPYMT_IP_units,Units for PPPYMT_IP: count,True,True,2026-03-25 15:06:18.280505+00:00,twcook@axius-sdc.com,rdfs:isDefinedBy http://www.ontology-of-units-of-measure.org/resource/om-2/Unit,
Units,h00iq125c6afg6ehxe7kh340,PPPYMT_OP_units,Units for PPPYMT_OP: count,True,True,2026-03-25 15:06:18.317615+00:00,twcook@axius-sdc.com,rdfs:isDefinedBy http://www.ontology-of-units-of-measure.org/resource/om-2/Unit,
Units,flhqj5r2wp9eds2eh16jsq0j,_PRACE2_units,Units for _PRACE2: count,True,True,2026-03-25 14:40:54.100326+00:00,twcook@axius-sdc.com,rdfs:isDefinedBy http://www.ontology-of-units-of-measure.org/resource/om-2/SystemOfUnits,
Units,u41lo7pptvpxd9hmuqyci2xv,PRIMINSR_units,Units for PRIMINSR: count,True,True,2026-03-25 14:40:52.226642+00:00,twcook@axius-sdc.com,rdfs:isDefinedBy http://www.ontology-of-units-of-measure.org/resource/om-2/SystemOfUnits,
Units,k1c9dtxm5y8q2cxu9jvg014e,PROD_SRVC_ID_units,Units for PROD_SRVC_ID: count,True,True,2026-03-25 15:21:54.214757+00:00,twcook@axius-sdc.com,rdfs:isDefinedBy https://www.wikidata.org/wiki/Q47574,
Units,by8us6utnueggiwayjec74ai,_PSU_units,Units for _PSU: count,True,True,2026-03-25 14:40:52.012355+00:00,twcook@axius-sdc.com,rdfs:isDefinedBy http://www.ontology-of-units-of-measure.org/resource/om-2/SystemOfUnits,
Units,ymsojeu51iizuhg8cv90axwf,PTNT_PAY_AMT_units,Units for PTNT_PAY_AMT: count,True,True,2026-03-25 15:21:54.247999+00:00,twcook@axius-sdc.com,rdfs:isDefinedBy http://www.ontology-of-units-of-measure.org/resource/om-2/SystemOfUnits,
Units,emuefd01ruux3nweh46wchr4,PVTRESD1_units,Units for PVTRESD1: count,True,True,2026-03-25 14:40:52.031326+00:00,twcook@axius-sdc.com,rdfs:isDefinedBy http://www.ontology-of-units-of-measure.org/resource/om-2/SystemOfUnits,
Units,n01z04gkdj3t4q05synh1r1f,QSTLANG_units,Units for QSTLANG: count,True,True,2026-03-25 14:40:53.703564+00:00,twcook@axius-sdc.com,rdfs:isDefinedBy http://www.ontology-of-units-of-measure.org/resource/om-2/SystemOfUnits,
Units,c0gcmgqkqbsf39wur42vmdpu,QSTVER_units,Units for QSTVER: count,True,True,2026-03-25 14:40:53.693055+00:00,twcook@axius-sdc.com,rdfs:isDefinedBy http://www.ontology-of-units-of-measure.org/resource/om-2/SystemOfUnits,
Units,xg9jbponsmtdritv4w0bodif,QTY_DSPNSD_NUM_units,Units for QTY_DSPNSD_NUM: count,True,True,2026-03-25 15:21:54.225394+00:00,twcook@axius-sdc.com,rdfs:isDefinedBy http://www.ontology-of-units-of-measure.org/resource/om-2/SystemOfUnits,
Units,rs8g5nnpmdpgy74gxn8n5ld7,_RACE1_units,Units for _RACE1: count,True,True,2026-03-25 14:40:54.137565+00:00,twcook@axius-sdc.com,rdfs:isDefinedBy http://www.ontology-of-units-of-measure.org/resource/om-2/SystemOfUnits,
Units,utz2zhz657asnwf2p7e19e4n,_RACEG22_units,Units for _RACEG22: count,True,True,2026-03-25 14:40:54.148882+00:00,twcook@axius-sdc.com,rdfs:isDefinedBy http://www.ontology-of-units-of-measure.org/resource/om-2/SystemOfUnits,
Units,t6f1nsm09tnoo0uoxwnm94h5,_RACEGR4_units,Units for _RACEGR4: count,True,True,2026-03-25 14:40:54.160182+00:00,twcook@axius-sdc.com,rdfs:isDefinedBy http://www.ontology-of-units-of-measure.org/resource/om-2/SystemOfUnits,
Units,cabiw2ca569d3k72go7iobqz,_RACEPR1_units,Units for _RACEPR1: count,True,True,2026-03-25 14:40:54.171198+00:00,twcook@axius-sdc.com,rdfs:isDefinedBy http://www.ontology-of-units-of-measure.org/resource/om-2/SystemOfUnits,
Units,ir793ope9d20yu8ycplb81ar,_RAWRAKE_units,Units for _RAWRAKE: count,True,True,2026-03-25 14:40:53.788638+00:00,twcook@axius-sdc.com,rdfs:isDefinedBy http://www.ontology-of-units-of-measure.org/resource/om-2/SystemOfUnits,
Units,f5d9avywj5vd89d7x5fgzvq5,RCSGEND1_units,Units for RCSGEND1: count,True,True,2026-03-25 14:40:53.577846+00:00,twcook@axius-sdc.com,rdfs:isDefinedBy http://www.ontology-of-units-of-measure.org/resource/om-2/SystemOfUnits,
Units,fwuuci8xk3ns7vcolrpbrodl,RCSRLTN2_units,Units for RCSRLTN2: count,True,True,2026-03-25 14:40:53.592794+00:00,twcook@axius-sdc.com,rdfs:isDefinedBy http://www.ontology-of-units-of-measure.org/resource/om-2/SystemOfUnits,
Units,b8gd9kj58zah2blds3mb8kgv,RENTHOM1_units,Units for RENTHOM1: count,True,True,2026-03-25 14:40:52.451156+00:00,twcook@axius-sdc.com,rdfs:isDefinedBy http://www.ontology-of-units-of-measure.org/resource/om-2/SystemOfUnits,
Units,e0fxephpixnyprsk6wzuol02,RESPSLCT_units,Units for RESPSLCT: count,True,True,2026-03-25 14:40:52.122812+00:00,twcook@axius-sdc.com,rdfs:isDefinedBy http://www.ontology-of-units-of-measure.org/resource/om-2/SystemOfUnits,
Units,dr1dd1ikmypyryxnfpkun744,_RFBING6_units,Units for _RFBING6: count,True,True,2026-03-25 14:40:54.566596+00:00,twcook@axius-sdc.com,rdfs:isDefinedBy http://www.ontology-of-units-of-measure.org/resource/om-2/SystemOfUnits,
Units,im6ekkosg7ue863pm14g1ysa,_RFBLDS5_units,Units for _RFBLDS5: count,True,True,2026-03-25 14:40:54.397532+00:00,twcook@axius-sdc.com,rdfs:isDefinedBy http://www.ontology-of-units-of-measure.org/resource/om-2/SystemOfUnits,
Units,rbi4wl5y39rrhuy12uzimtaw,_RFBMI5_units,Units for _RFBMI5: count,True,True,2026-03-25 14:40:54.267635+00:00,twcook@axius-sdc.com,rdfs:isDefinedBy http://www.ontology-of-units-of-measure.org/resource/om-2/SystemOfUnits,
Units,hdq2snn0ixpqr4mk3bbzejlx,_RFDRHV8_units,Units for _RFDRHV8: count,True,True,2026-03-25 14:40:54.586004+00:00,twcook@axius-sdc.com,rdfs:isDefinedBy http://www.ontology-of-units-of-measure.org/resource/om-2/SystemOfUnits,
Units,fzpb4a0bahe5yjjpsgh8fj0x,_RFHLTH_units,Units for _RFHLTH: count,True,True,2026-03-25 14:40:53.929850+00:00,twcook@axius-sdc.com,rdfs:isDefinedBy http://www.ontology-of-units-of-measure.org/resource/om-2/SystemOfUnits,
Units,apjlrizq3zjy38jtkq7pbsig,_RFMAM22_units,Units for _RFMAM22: count,True,True,2026-03-25 14:40:54.309974+00:00,twcook@axius-sdc.com,rdfs:isDefinedBy http://www.ontology-of-units-of-measure.org/resource/om-2/SystemOfUnits,
Units,qrn4mj4my8ytwpfpa6z41k82,_RFSMOK3_units,Units for _RFSMOK3: count,True,True,2026-03-25 14:40:54.467556+00:00,twcook@axius-sdc.com,rdfs:isDefinedBy http://www.ontology-of-units-of-measure.org/resource/om-2/SystemOfUnits,
Units,s6tazv2n9b6ajf7h4u8i0ddd,RXDDAYS_units,Units for RXDDAYS: count,True,True,2026-03-25 14:28:34.553758+00:00,twcook@axius-sdc.com,rdfs:isDefinedBy http://www.ontology-of-units-of-measure.org/resource/om-2/SystemOfUnits,
Units,p0grq4ojx06ozlvzln1msn7u,RXDUSE_units,Units for RXDUSE: count,True,True,2026-03-25 14:28:34.539986+00:00,twcook@axius-sdc.com,rdfs:isDefinedBy http://www.ontology-of-units-of-measure.org/resource/om-2/SystemOfUnits,
Units,ksnpgokwwirhcz6rpvjjcbb3,_SBONTI1_units,Units for _SBONTI1: count,True,True,2026-03-25 14:40:54.433469+00:00,twcook@axius-sdc.com,rdfs:isDefinedBy http://www.ontology-of-units-of-measure.org/resource/om-2/SystemOfUnits,
Units,pvx3p3by00p0f7bzoko4vrco,SDHBILLS_units,Units for SDHBILLS: count,True,True,2026-03-25 14:40:53.467423+00:00,twcook@axius-sdc.com,rdfs:isDefinedBy http://www.ontology-of-units-of-measure.org/resource/om-2/SystemOfUnits,
Units,gyut6f3sa7uevornqzla8426,SDHEMPLY_units,Units for SDHEMPLY: count,True,True,2026-03-25 14:40:53.434219+00:00,twcook@axius-sdc.com,rdfs:isDefinedBy http://www.ontology-of-units-of-measure.org/resource/om-2/SystemOfUnits,
Units,wxsa5eqn6mzju1egam938g83,SDHFOOD1_units,Units for SDHFOOD1: count,True,True,2026-03-25 14:40:53.457503+00:00,twcook@axius-sdc.com,rdfs:isDefinedBy http://www.ontology-of-units-of-measure.org/resource/om-2/SystemOfUnits,
Units,fy99h7hhmvlxyb30ntv0l3x0,SDHISOLT_units,Units for SDHISOLT: count,True,True,2026-03-25 14:40:53.424104+00:00,twcook@axius-sdc.com,rdfs:isDefinedBy http://www.ontology-of-units-of-measure.org/resource/om-2/SystemOfUnits,
Units,q7fl39xadb3jxrcffmi5envl,SDHSTRE1_units,Units for SDHSTRE1: count,True,True,2026-03-25 14:40:53.507928+00:00,twcook@axius-sdc.com,rdfs:isDefinedBy http://www.ontology-of-units-of-measure.org/resource/om-2/SystemOfUnits,
Units,ete2rl6xarzv9jq054v2mudr,SDHTRNSP_units,Units for SDHTRNSP: count,True,True,2026-03-25 14:40:53.490225+00:00,twcook@axius-sdc.com,rdfs:isDefinedBy http://www.ontology-of-units-of-measure.org/resource/om-2/SystemOfUnits,
Units,f3lwqz4qhke4fc8h5hjdwu6q,SDHUTILS_units,Units for SDHUTILS: count,True,True,2026-03-25 14:40:53.479550+00:00,twcook@axius-sdc.com,rdfs:isDefinedBy http://www.ontology-of-units-of-measure.org/resource/om-2/SystemOfUnits,
Units,r50z5o3bf2zaokz6fpdp86rt,SDNATES1_units,Units for SDNATES1: count,True,True,2026-03-25 14:40:52.812074+00:00,twcook@axius-sdc.com,rdfs:isDefinedBy http://www.ontology-of-units-of-measure.org/resource/om-2/SystemOfUnits,
Units,okawov8se52v6dfgsxbz1gxr,SEGMENT_units,Units for SEGMENT: count,True,True,2026-03-25 15:16:03.533540+00:00,twcook@axius-sdc.com,rdfs:isDefinedBy http://www.ontology-of-units-of-measure.org/resource/om-2/SystemOfUnits,
Units,d83w6tsrhf5qn8ap0farmk40,SEQNO_units,Units for SEQNO: count,True,True,2026-03-25 14:40:52.000642+00:00,twcook@axius-sdc.com,rdfs:isDefinedBy http://www.ontology-of-units-of-measure.org/resource/om-2/SystemOfUnits,
Units,pqcm6c5x6ewasobqlyru8r8g,_SEX_units,Units for _SEX: count,True,True,2026-03-25 14:40:54.183391+00:00,twcook@axius-sdc.com,rdfs:isDefinedBy http://www.ontology-of-units-of-measure.org/resource/om-2/SystemOfUnits,
Units,zvj6a4gvmiuh4y8pzixu7tp1,SEXVAR_units,Units for SEXVAR: count,True,True,2026-03-25 14:40:52.165694+00:00,twcook@axius-sdc.com,rdfs:isDefinedBy http://www.ontology-of-units-of-measure.org/resource/om-2/SystemOfUnits,
Units,rme4ttnnccuok4zdby9htrmv,_SGMS101_units,Units for _SGMS101: count,True,True,2026-03-25 14:40:54.380978+00:00,twcook@axius-sdc.com,rdfs:isDefinedBy http://www.ontology-of-units-of-measure.org/resource/om-2/SystemOfUnits,
Units,jv8yrxwq2089fsj18wov1p1i,_SGMSCP1_units,Units for _SGMSCP1: count,True,True,2026-03-25 14:40:54.371184+00:00,twcook@axius-sdc.com,rdfs:isDefinedBy http://www.ontology-of-units-of-measure.org/resource/om-2/SystemOfUnits,
Units,n8jdmwwjkvx3xstv2kmdc4cp,SIGMTES1_units,Units for SIGMTES1: count,True,True,2026-03-25 14:40:52.696198+00:00,twcook@axius-sdc.com,rdfs:isDefinedBy http://www.ontology-of-units-of-measure.org/resource/om-2/SystemOfUnits,
Units,olib4i0pap7z8qwa5p4q65j5,SLEPTIM1_units,Units for SLEPTIM1: count,True,True,2026-03-25 14:40:52.280178+00:00,twcook@axius-sdc.com,rdfs:isDefinedBy http://www.ontology-of-units-of-measure.org/resource/om-2/SystemOfUnits,
Units,ouiyg958jm8byjvoxwbgk1dt,SMALSTOL_units,Units for SMALSTOL: count,True,True,2026-03-25 14:40:52.768845+00:00,twcook@axius-sdc.com,rdfs:isDefinedBy http://www.ontology-of-units-of-measure.org/resource/om-2/SystemOfUnits,
Units,qyk5dwogmvnf5w6nrousydnz,SMD030_units,Units for SMD030: count,True,True,2026-03-25 14:35:45.949631+00:00,twcook@axius-sdc.com,rdfs:isDefinedBy http://www.ontology-of-units-of-measure.org/resource/om-2/SystemOfUnits,
Units,d4wwheg13gwgkq84dkqeeo4z,SMD057_units,Units for SMD057: count,True,True,2026-03-25 14:35:45.992425+00:00,twcook@axius-sdc.com,rdfs:isDefinedBy https://www.wikidata.org/wiki/Q120906443,
Units,cehiag7q3pd47liulu6w8jzk,SMD093_units,Units for SMD093: count,True,True,2026-03-25 14:35:46.040858+00:00,twcook@axius-sdc.com,rdfs:isDefinedBy http://www.ontology-of-units-of-measure.org/resource/om-2/SystemOfUnits,
Units,bu5rz6n5x3ig9fie1gmronin,SMD100CO_units,Units for SMD100CO: count,True,True,2026-03-25 14:35:46.070039+00:00,twcook@axius-sdc.com,rdfs:isDefinedBy http://www.ontology-of-units-of-measure.org/resource/om-2/SystemOfUnits,
Units,u0mws6eoef5ulias5w6o45oc,SMD100FL_units,Units for SMD100FL: count,True,True,2026-03-25 14:35:46.057963+00:00,twcook@axius-sdc.com,rdfs:isDefinedBy http://www.ontology-of-units-of-measure.org/resource/om-2/SystemOfUnits,
Units,b0jx00yn2jnslb1o3vmo5blo,SMD641_units,Units for SMD641: count,True,True,2026-03-25 14:35:46.014791+00:00,twcook@axius-sdc.com,rdfs:isDefinedBy http://www.ontology-of-units-of-measure.org/resource/om-2/SystemOfUnits,
Units,qzyb9txov29yqxlhcbwkezas,SMD650_units,Units for SMD650: count,True,True,2026-03-25 14:35:46.025496+00:00,twcook@axius-sdc.com,rdfs:isDefinedBy http://www.ontology-of-units-of-measure.org/resource/om-2/SystemOfUnits,
Units,ogjlj25lgz5dtkdbswoub4ca,SMOKDAY2_units,Units for SMOKDAY2: count,True,True,2026-03-25 14:40:52.834975+00:00,twcook@axius-sdc.com,rdfs:isDefinedBy http://www.ontology-of-units-of-measure.org/resource/om-2/SystemOfUnits,
Units,hukk9xrh4atiroyc4ks4jt7x,SMOKE100_units,Units for SMOKE100: count,True,True,2026-03-25 14:40:52.820731+00:00,twcook@axius-sdc.com,rdfs:isDefinedBy http://www.ontology-of-units-of-measure.org/resource/om-2/SystemOfUnits,
Units,pxx797y958s4jioo1lxr9u5w,_SMOKER3_units,Units for _SMOKER3: count,True,True,2026-03-25 14:40:54.456806+00:00,twcook@axius-sdc.com,rdfs:isDefinedBy http://www.ontology-of-units-of-measure.org/resource/om-2/SystemOfUnits,
Units,aqo7v7u9juz26u83d2t7chfe,_SMOKGRP_units,Units for _SMOKGRP: count,True,True,2026-03-25 14:40:54.532718+00:00,twcook@axius-sdc.com,rdfs:isDefinedBy http://www.ontology-of-units-of-measure.org/resource/om-2/SystemOfUnits,
Units,m3kultn5ecm9h84wku9ohw5u,SMQ020_units,Units for SMQ020: count,True,True,2026-03-25 14:35:45.930938+00:00,twcook@axius-sdc.com,rdfs:isDefinedBy http://www.ontology-of-units-of-measure.org/resource/om-2/SystemOfUnits,
Units,f0hvusa103uln6aitm6v4bx2,SMQ040_units,Units for SMQ040: count,True,True,2026-03-25 14:35:45.959909+00:00,twcook@axius-sdc.com,rdfs:isDefinedBy http://www.ontology-of-units-of-measure.org/resource/om-2/SystemOfUnits,
Units,dhjdje2j4ujvd618tymnl5oc,SMQ050Q_units,Units for SMQ050Q: count,True,True,2026-03-25 14:35:45.968337+00:00,twcook@axius-sdc.com,rdfs:isDefinedBy http://www.ontology-of-units-of-measure.org/resource/om-2/SystemOfUnits,
Units,s14zrrw7l9ntg5blnl6e473d,SMQ050U_units,Units for SMQ050U: count,True,True,2026-03-25 14:35:45.981865+00:00,twcook@axius-sdc.com,rdfs:isDefinedBy http://www.ontology-of-units-of-measure.org/resource/om-2/SystemOfUnits,
Units,y4i95gippsnmn93i5nkh8vzh,SMQ078_units,Units for SMQ078: count,True,True,2026-03-25 14:35:46.003208+00:00,twcook@axius-sdc.com,rdfs:isDefinedBy http://www.ontology-of-units-of-measure.org/resource/om-2/SystemOfUnits,
Units,g2v25ksk6wo115looyomv0n1,SMQ621_units,Units for SMQ621: count,True,True,2026-03-25 14:35:46.079160+00:00,twcook@axius-sdc.com,rdfs:isDefinedBy http://www.ontology-of-units-of-measure.org/resource/om-2/SystemOfUnits,
Units,i3htq9fknq611k5zq2qcwtyc,SMQ670_units,Units for SMQ670: count,True,True,2026-03-25 14:35:46.135151+00:00,twcook@axius-sdc.com,rdfs:isDefinedBy http://www.ontology-of-units-of-measure.org/resource/om-2/SystemOfUnits,
Units,au3cgx59mb3o44m5x2cbty11,SMQ848_units,Units for SMQ848: count,True,True,2026-03-25 14:35:46.157145+00:00,twcook@axius-sdc.com,rdfs:isDefinedBy http://www.ontology-of-units-of-measure.org/resource/om-2/SystemOfUnits,
Units,riwl3da9tai98m6w6vp0e64z,SMQ852Q_units,Units for SMQ852Q: count,True,True,2026-03-25 14:35:46.167555+00:00,twcook@axius-sdc.com,rdfs:isDefinedBy http://www.ontology-of-units-of-measure.org/resource/om-2/SystemOfUnits,
Units,bz1rin0roo747vb30ziwv5bq,SMQ852U_units,Units for SMQ852U: count,True,True,2026-03-25 14:35:46.177346+00:00,twcook@axius-sdc.com,rdfs:isDefinedBy https://www.wikidata.org/wiki/Q47574,
Units,g2h8bd2k4xxld74ivd8261lr,SMQ890_units,Units for SMQ890: count,True,True,2026-03-25 14:35:46.196541+00:00,twcook@axius-sdc.com,rdfs:isDefinedBy http://www.ontology-of-units-of-measure.org/resource/om-2/SystemOfUnits,
Units,mikubmyg31mgkzklt4k9j3e8,SMQ895_units,Units for SMQ895: count,True,True,2026-03-25 14:35:46.211890+00:00,twcook@axius-sdc.com,rdfs:isDefinedBy http://www.ontology-of-units-of-measure.org/resource/om-2/SystemOfUnits,
Units,p8bggxjhxtdhw45v34vxuqii,SMQ900_units,Units for SMQ900: count,True,True,2026-03-25 14:35:46.225734+00:00,twcook@axius-sdc.com,rdfs:isDefinedBy http://www.ontology-of-units-of-measure.org/resource/om-2/SystemOfUnits,
Units,xw1hduwvxe6bdnjn87eefnx6,SMQ905_units,Units for SMQ905: count,True,True,2026-03-25 14:35:46.236894+00:00,twcook@axius-sdc.com,rdfs:isDefinedBy http://www.ontology-of-units-of-measure.org/resource/om-2/SystemOfUnits,
Units,k93r7hs99rosnt4b7qf4mv31,SMQ910_units,Units for SMQ910: count,True,True,2026-03-25 14:35:46.247760+00:00,twcook@axius-sdc.com,rdfs:isDefinedBy http://www.ontology-of-units-of-measure.org/resource/om-2/SystemOfUnits,
Units,jdygnpf0ytwt50f4xc7ruvmj,SMQ915_units,Units for SMQ915: count,True,True,2026-03-25 14:35:46.258072+00:00,twcook@axius-sdc.com,rdfs:isDefinedBy http://www.ontology-of-units-of-measure.org/resource/om-2/SystemOfUnits,
Units,oj7qyudynnks35z86ni95s5x,SP_ALZHDMTA_units,Units for SP_ALZHDMTA: count,True,True,2026-03-25 15:06:18.126567+00:00,twcook@axius-sdc.com,rdfs:isDefinedBy http://www.ontology-of-units-of-measure.org/resource/om-2/SystemOfUnits,
Units,ijq7uqk9c4ex61d7vwx2yzby,SP_CHF_units,Units for SP_CHF: count,True,True,2026-03-25 15:06:18.137720+00:00,twcook@axius-sdc.com,rdfs:isDefinedBy http://www.ontology-of-units-of-measure.org/resource/om-2/SystemOfUnits,
Units,qke557xk7utvhoniw7gg2j01,SP_CHRNKIDN_units,Units for SP_CHRNKIDN: count,True,True,2026-03-25 15:06:18.148107+00:00,twcook@axius-sdc.com,rdfs:isDefinedBy http://www.ontology-of-units-of-measure.org/resource/om-2/SystemOfUnits,
Units,lin3ronbz5tbtvmg6lwau4bw,SP_CNCR_units,Units for SP_CNCR: count,True,True,2026-03-25 15:06:18.160694+00:00,twcook@axius-sdc.com,rdfs:isDefinedBy http://www.ontology-of-units-of-measure.org/resource/om-2/SystemOfUnits,
Units,v17dtuzy859si0wftl1zl8fl,SP_COPD_units,Units for SP_COPD: count,True,True,2026-03-25 15:06:18.170583+00:00,twcook@axius-sdc.com,rdfs:isDefinedBy http://www.ontology-of-units-of-measure.org/resource/om-2/SystemOfUnits,
Units,odpods7v95y9lfvom499mx64,SP_DEPRESSN_units,Units for SP_DEPRESSN: count,True,True,2026-03-25 15:06:18.180493+00:00,twcook@axius-sdc.com,rdfs:isDefinedBy http://www.ontology-of-units-of-measure.org/resource/om-2/SystemOfUnits,
Units,defq2a1dgkfk1b331wekkjpa,SP_ISCHMCHT_units,Units for SP_ISCHMCHT: count,True,True,2026-03-25 15:06:18.197302+00:00,twcook@axius-sdc.com,rdfs:isDefinedBy https://www.wikidata.org/wiki/Q47574,
Units,g8itou5b8n15w993oi0txtqh,SP_OSTEOPRS_units,Units for SP_OSTEOPRS: count,True,True,2026-03-25 15:06:18.214520+00:00,twcook@axius-sdc.com,rdfs:isDefinedBy http://www.ontology-of-units-of-measure.org/resource/om-2/SystemOfUnits,
Units,qr5px8gcf51x77s06h0bjiib,SP_RA_OA_units,Units for SP_RA_OA: count,True,True,2026-03-25 15:06:18.231003+00:00,twcook@axius-sdc.com,rdfs:isDefinedBy http://www.ontology-of-units-of-measure.org/resource/om-2/SystemOfUnits,
Units,takrggdncqi729cxqka2uzal,SP_STRKETIA_units,Units for SP_STRKETIA: count,True,True,2026-03-25 15:06:18.244280+00:00,twcook@axius-sdc.com,rdfs:isDefinedBy http://www.ontology-of-units-of-measure.org/resource/om-2/SystemOfUnits,
Units,ygphw12w2gipof0rqc0eztqk,SRVC_DT_units,Units for SRVC_DT: count,True,True,2026-03-25 15:21:54.198543+00:00,twcook@axius-sdc.com,rdfs:isDefinedBy http://www.ontology-of-units-of-measure.org/resource/om-2/SystemOfUnits,
Units,v7zh4fgikjypzq28qjeu8z2p,STATERE1_units,Units for STATERE1: count,True,True,2026-03-25 14:40:52.050323+00:00,twcook@axius-sdc.com,rdfs:isDefinedBy http://www.ontology-of-units-of-measure.org/resource/om-2/SystemOfUnits,
Units,fy44nx48qq0lbtx7vkijw8ut,_STOLDN1_units,Units for _STOLDN1: count,True,True,2026-03-25 14:40:54.410219+00:00,twcook@axius-sdc.com,rdfs:isDefinedBy http://www.ontology-of-units-of-measure.org/resource/om-2/SystemOfUnits,
Units,mpy70cq08slkezunfilf5xlc,STOLTEST_units,Units for STOLTEST: count,True,True,2026-03-25 14:40:52.779921+00:00,twcook@axius-sdc.com,rdfs:isDefinedBy http://www.ontology-of-units-of-measure.org/resource/om-2/SystemOfUnits,
Units,q6v7iiof01ofbgldxl6cgeg0,STOOLDN2_units,Units for STOOLDN2: count,True,True,2026-03-25 14:40:52.789693+00:00,twcook@axius-sdc.com,rdfs:isDefinedBy http://www.ontology-of-units-of-measure.org/resource/om-2/SystemOfUnits,
Units,ygnyl9wttoer2c2yokl22mdi,_STRWT_units,Units for _STRWT: count,True,True,2026-03-25 14:40:53.778200+00:00,twcook@axius-sdc.com,rdfs:isDefinedBy http://www.ontology-of-units-of-measure.org/resource/om-2/SystemOfUnits,
Units,j6t4dg3kgqdhtshj4yo6lbrg,_STSTR_units,Units for _STSTR: count,True,True,2026-03-25 14:40:53.764938+00:00,twcook@axius-sdc.com,rdfs:isDefinedBy http://www.ontology-of-units-of-measure.org/resource/om-2/SystemOfUnits,
Units,wfsn3qfky34uemup3l42vih9,TETANUS1_units,Units for TETANUS1: count,True,True,2026-03-25 14:40:53.016306+00:00,twcook@axius-sdc.com,rdfs:isDefinedBy http://www.ontology-of-units-of-measure.org/resource/om-2/SystemOfUnits,
Units,xchwa6nvto71dagyxnjqgy7l,_TOTINDA_units,Units for _TOTINDA: count,True,True,2026-03-25 14:40:53.989811+00:00,twcook@axius-sdc.com,rdfs:isDefinedBy http://www.ontology-of-units-of-measure.org/resource/om-2/SystemOfUnits,
Units,wf5vo9feo25k78c6cbvcujv8,TOT_RX_CST_AMT_units,Units for TOT_RX_CST_AMT: count,True,True,2026-03-25 15:21:54.265531+00:00,twcook@axius-sdc.com,rdfs:isDefinedBy https://www.wikidata.org/wiki/Q47574,
Units,s8ivlgputx59lt47pvbk5l6o,_URBSTAT_units,Units for _URBSTAT: count,True,True,2026-03-25 14:40:53.740463+00:00,twcook@axius-sdc.com,rdfs:isDefinedBy http://www.ontology-of-units-of-measure.org/resource/om-2/SystemOfUnits,
Units,i3aacdrw26okuf5xrnhbfc8n,USENOW3_units,Units for USENOW3: count,True,True,2026-03-25 14:40:52.846526+00:00,twcook@axius-sdc.com,rdfs:isDefinedBy http://www.ontology-of-units-of-measure.org/resource/om-2/SystemOfUnits,
Units,exmbfqh6j7av4f0nct1e9cjf,VCLNTES2_units,Units for VCLNTES2: count,True,True,2026-03-25 14:40:52.755220+00:00,twcook@axius-sdc.com,rdfs:isDefinedBy http://www.ontology-of-units-of-measure.org/resource/om-2/SystemOfUnits,
Units,rpk4x7ci6dpgg3deh8ozggdc,VETERAN3_units,Units for VETERAN3: count,True,True,2026-03-25 14:40:52.491860+00:00,twcook@axius-sdc.com,rdfs:isDefinedBy http://www.ontology-of-units-of-measure.org/resource/om-2/SystemOfUnits,
Units,h5p3pbvl219jtbd6gk18huv4,_VIRCOL1_units,Units for _VIRCOL1: count,True,True,2026-03-25 14:40:54.423292+00:00,twcook@axius-sdc.com,rdfs:isDefinedBy http://www.ontology-of-units-of-measure.org/resource/om-2/SystemOfUnits,
Units,y87l9ylw2khayg5ukm1ynri2,VIRCOLO1_units,Units for VIRCOLO1: count,True,True,2026-03-25 14:40:52.744717+00:00,twcook@axius-sdc.com,rdfs:isDefinedBy http://www.ontology-of-units-of-measure.org/resource/om-2/SystemOfUnits,
Units,wamd2mdpbitbakt6u2hb1bzk,_WT2RAKE_units,Units for _WT2RAKE: count,True,True,2026-03-25 14:40:53.800233+00:00,twcook@axius-sdc.com,rdfs:isDefinedBy http://www.ontology-of-units-of-measure.org/resource/om-2/SystemOfUnits,
Units,x2a4wsiiujhkbcukxt6fr5z2,WTKG3_units,Units for WTKG3: count,True,True,2026-03-25 14:40:54.246204+00:00,twcook@axius-sdc.com,rdfs:isDefinedBy http://www.ontology-of-units-of-measure.org/resource/om-2/SystemOfUnits,
Units,pxf2ag460wpf1y8kobhs8hyv,_YRSQUIT_units,Units for _YRSQUIT: count,True,True,2026-03-25 14:40:54.520963+00:00,twcook@axius-sdc.com,rdfs:isDefinedBy http://www.ontology-of-units-of-measure.org/resource/om-2/SystemOfUnits,
Units,agehld3b9rhow242jwpq0l8m,_YRSSMOK_units,Units for _YRSSMOK: count,True,True,2026-03-25 14:40:54.494209+00:00,twcook@axius-sdc.com,rdfs:isDefinedBy http://www.ontology-of-units-of-measure.org/resource/om-2/SystemOfUnits,
XdCount,n2y95s2rl2qjtkku0zqujz7j,Alzheimer's Disease or Related Disorders,Indicates whether the beneficiary has been diagnosed with Alzheimer's disease or related disorders/senile dementia.,True,True,2026-03-25 15:08:15.450378+00:00,twcook@axius-sdc.com,rdfs:isDefinedBy https://www.cms.gov/data-research/statistics-trends-and-reports/medicare-claims-synthetic-public-use-files/cms-2008-2010-data-entrepreneurs-synthetic-public-use-file-de-synpuf|skos:closeMatch http://snomed.info/id/26929004|dcterms:subject http://snomed.info/id/184102003|rdfs:isDefinedBy sdc4:XdCountType/xdcount-value,
XdCount,lgpbp4ds3lw9tma1k9qtqw20,Annual Sequence Number,BRFSS 2022: Annual Sequence Number. Section: Record Identification,True,True,2026-03-25 14:58:03.338769+00:00,twcook@axius-sdc.com,rdfs:isDefinedBy https://www.cdc.gov/brfss/annual_data/annual_2022.html|dcterms:subject http://snomed.info/id/410188000|rdfs:isDefinedBy sdc4:XdCountType/xdcount-value,
XdCount,oxf8o3fv3f2qb02fzdm5vb37,Attending Physician NPI,National Provider Identifier of the attending physician.,True,True,2026-03-25 15:14:35.099108+00:00,twcook@axius-sdc.com,rdfs:isDefinedBy https://www.cms.gov/data-research/statistics-trends-and-reports/medicare-claims-synthetic-public-use-files/cms-2008-2010-data-entrepreneurs-synthetic-public-use-file-de-synpuf|rdfs:isDefinedBy https://www.wikidata.org/wiki/Q6975101|dcterms:subject http://snomed.info/id/32485007,
XdCount,oj3fgci9u2wi77utbsagsu7c,Beneficiary Discharge Date,Date the beneficiary was discharged from the inpatient facility in YYYYMMDD format.,True,True,2026-03-25 15:14:35.214217+00:00,twcook@axius-sdc.com,rdfs:isDefinedBy https://schema.org/beneficiaryBank|rdfs:isDefinedBy https://www.cms.gov/data-research/statistics-trends-and-reports/medicare-claims-synthetic-public-use-files/cms-2008-2010-data-entrepreneurs-synthetic-public-use-file-de-synpuf|dcterms:subject http://snomed.info/id/32485007,
XdCount,vpib1sfkuwg0505mvqh203wh,Calculated sex variable,BRFSS 2022: Calculated sex variable. Section: Calculated Variables,True,True,2026-03-25 15:08:15.269041+00:00,twcook@axius-sdc.com,rdfs:isDefinedBy http://semanticscience.org/resource/SIO_010029|rdfs:isDefinedBy https://www.cdc.gov/brfss/annual_data/annual_2022.html|rdfs:isDefinedBy https://www.cms.gov/data-research/statistics-trends-and-reports/medicare-claims-synthetic-public-use-files/cms-2008-2010-data-entrepreneurs-synthetic-public-use-file-de-synpuf|dcterms:subject http://snomed.info/id/410188000|skos:closeMatch http://snomed.info/id/263495000|dcterms:subject http://snomed.info/id/184102003,
XdCount,p8x4hzlolz09c9dcplx2ibdj,Cancer,Indicates whether the beneficiary has been diagnosed with cancer (excluding skin cancer).,True,True,2026-03-25 15:08:15.722733+00:00,twcook@axius-sdc.com,rdfs:isDefinedBy https://www.cms.gov/data-research/statistics-trends-and-reports/medicare-claims-synthetic-public-use-files/cms-2008-2010-data-entrepreneurs-synthetic-public-use-file-de-synpuf|skos:closeMatch http://snomed.info/id/363346000|dcterms:subject http://snomed.info/id/184102003|rdfs:isDefinedBy sdc4:XdCountType/xdcount-value,
XdCount,udy2zvfqk7npu3k8kcta3y8h,Chronic Kidney Disease,Indicates whether the beneficiary has been diagnosed with chronic kidney disease.,True,True,2026-03-25 15:08:15.531521+00:00,twcook@axius-sdc.com,rdfs:isDefinedBy https://www.cms.gov/data-research/statistics-trends-and-reports/medicare-claims-synthetic-public-use-files/cms-2008-2010-data-entrepreneurs-synthetic-public-use-file-de-synpuf|skos:closeMatch http://snomed.info/id/709044004|dcterms:subject http://snomed.info/id/184102003|rdfs:isDefinedBy sdc4:XdCountType/xdcount-value,
XdCount,zdk007gxpq8vkefmcbiqnbud,Chronic Obstructive Pulmonary Disease,Indicates whether the beneficiary has been diagnosed with COPD.,True,True,2026-03-25 15:08:15.493715+00:00,twcook@axius-sdc.com,rdfs:isDefinedBy https://www.wikidata.org/wiki/Q199804|rdfs:isDefinedBy https://www.cms.gov/data-research/statistics-trends-and-reports/medicare-claims-synthetic-public-use-files/cms-2008-2010-data-entrepreneurs-synthetic-public-use-file-de-synpuf|skos:closeMatch http://snomed.info/id/13645005|dcterms:subject http://snomed.info/id/184102003,
XdCount,gr6k0r7dt16bmpelwwd8llsy,Claim Admission Date,Date the beneficiary was admitted to the inpatient facility in YYYYMMDD integer format.,True,True,2026-03-25 15:14:35.162646+00:00,twcook@axius-sdc.com,rdfs:isDefinedBy https://www.cms.gov/data-research/statistics-trends-and-reports/medicare-claims-synthetic-public-use-files/cms-2008-2010-data-entrepreneurs-synthetic-public-use-file-de-synpuf|dcterms:subject http://snomed.info/id/32485007|rdfs:isDefinedBy sdc4:XdCountType/xdcount-value,
XdCount,r0j15xm8h3qf7c2159lilkfz,Claim ID,Unique identifier for the claim.,True,True,2026-03-25 15:14:35.038975+00:00,twcook@axius-sdc.com,rdfs:isDefinedBy https://www.cms.gov/data-research/statistics-trends-and-reports/medicare-claims-synthetic-public-use-files/cms-2008-2010-data-entrepreneurs-synthetic-public-use-file-de-synpuf|rdfs:isDefinedBy https://w3id.org/semanticarts/ns/ontology/gist/ID|dcterms:subject http://snomed.info/id/32485007,
XdCount,k9y6cjmb6i3td87pg51bpgwj,Claims End Date,End date of the claim period in YYYYMMDD integer format.,True,True,2026-03-25 15:14:35.087399+00:00,twcook@axius-sdc.com,rdfs:isDefinedBy https://www.cms.gov/data-research/statistics-trends-and-reports/medicare-claims-synthetic-public-use-files/cms-2008-2010-data-entrepreneurs-synthetic-public-use-file-de-synpuf|dcterms:subject http://snomed.info/id/32485007|rdfs:isDefinedBy sdc4:XdCountType/xdcount-value,
XdCount,ydx9s8vc3mkm6xl2ghk2u71a,Claims Start Date,Start date of the claim period in YYYYMMDD integer format.,True,True,2026-03-25 15:14:35.050917+00:00,twcook@axius-sdc.com,rdfs:isDefinedBy https://www.cms.gov/data-research/statistics-trends-and-reports/medicare-claims-synthetic-public-use-files/cms-2008-2010-data-entrepreneurs-synthetic-public-use-file-de-synpuf|rdfs:isDefinedBy https://w3id.org/semanticarts/ns/ontology/gist/comesFromAgent|dcterms:subject http://snomed.info/id/32485007,
XdCount,su9zbp0qwfw9b7ioof68pa1t,Claim Utilization Day Count,Number of covered utilization days for the inpatient stay.,True,True,2026-03-25 15:14:35.237944+00:00,twcook@axius-sdc.com,rdfs:isDefinedBy https://www.cms.gov/data-research/statistics-trends-and-reports/medicare-claims-synthetic-public-use-files/cms-2008-2010-data-entrepreneurs-synthetic-public-use-file-de-synpuf|rdfs:isDefinedBy http://www.ontology-of-units-of-measure.org/resource/om-2/day|dcterms:subject http://snomed.info/id/32485007,
XdCount,ja0do2y6ffla0zw3gwzwax73,Congestive Heart Failure,Indicates whether the beneficiary has been diagnosed with heart failure.,True,True,2026-03-25 15:08:14.992262+00:00,twcook@axius-sdc.com,rdfs:isDefinedBy https://www.cms.gov/data-research/statistics-trends-and-reports/medicare-claims-synthetic-public-use-files/cms-2008-2010-data-entrepreneurs-synthetic-public-use-file-de-synpuf|skos:closeMatch http://snomed.info/id/42343007|dcterms:subject http://snomed.info/id/184102003|rdfs:isDefinedBy sdc4:XdCountType/xdcount-value,
XdCount,yobh8qjv9c8a9jkjumvy137j,County Code,SSA county code for the beneficiary's mailing address.,True,True,2026-03-25 15:08:15.133202+00:00,twcook@axius-sdc.com,rdfs:isDefinedBy https://www.cms.gov/data-research/statistics-trends-and-reports/medicare-claims-synthetic-public-use-files/cms-2008-2010-data-entrepreneurs-synthetic-public-use-file-de-synpuf|dcterms:subject http://snomed.info/id/184102003|rdfs:isDefinedBy sdc4:XdCountType/xdcount-value,
XdCount,l6b0nmya930r9ofdycfj5r0w,Date of Birth,Beneficiary date of birth in YYYYMMDD integer format.,True,True,2026-03-25 15:08:15.948947+00:00,twcook@axius-sdc.com,rdfs:isDefinedBy https://w3id.org/semanticarts/ns/ontology/gist/birthDate|rdfs:isDefinedBy https://www.cms.gov/data-research/statistics-trends-and-reports/medicare-claims-synthetic-public-use-files/cms-2008-2010-data-entrepreneurs-synthetic-public-use-file-de-synpuf|dcterms:subject http://snomed.info/id/184102003,
XdCount,hb8t4dz0i2rtey2xdl6i1yaz,Days Supply,Number of days the dispensed drug supply is intended to last.,True,True,2026-03-25 15:22:26.618569+00:00,twcook@axius-sdc.com,rdfs:isDefinedBy https://www.cms.gov/data-research/statistics-trends-and-reports/medicare-claims-synthetic-public-use-files/cms-2008-2010-data-entrepreneurs-synthetic-public-use-file-de-synpuf|rdfs:isDefinedBy https://www.wikidata.org/wiki/Q50114587|dcterms:subject http://snomed.info/id/182832007,
XdCount,ir43mp3ngcs4h3ekbeo4e4ka,Depression,Indicates whether the beneficiary has been diagnosed with depression.,True,True,2026-03-25 15:08:15.504330+00:00,twcook@axius-sdc.com,rdfs:isDefinedBy https://www.cms.gov/data-research/statistics-trends-and-reports/medicare-claims-synthetic-public-use-files/cms-2008-2010-data-entrepreneurs-synthetic-public-use-file-de-synpuf|rdfs:isDefinedBy https://www.wikidata.org/wiki/Q11076418|skos:closeMatch http://snomed.info/id/35489007|dcterms:subject http://snomed.info/id/184102003,
XdCount,y52f7jtdnb9ekqphlchbjo50,Diagnosis Related Group Code,DRG code assigned to the inpatient claim for prospective payment.,True,True,2026-03-25 15:14:35.202092+00:00,twcook@axius-sdc.com,rdfs:isDefinedBy https://www.cms.gov/data-research/statistics-trends-and-reports/medicare-claims-synthetic-public-use-files/cms-2008-2010-data-entrepreneurs-synthetic-public-use-file-de-synpuf|dcterms:subject http://snomed.info/id/32485007|rdfs:isDefinedBy sdc4:XdCountType/xdcount-value,
XdCount,piixyffc72zluvupku9rjngw,HCPCS_CD_24 (duplicate label),Generated XdCount component,True,True,2026-03-25 15:20:15.462459+00:00,twcook@axius-sdc.com,,
XdCount,f9td31zp14lf2zwbtw4bcrbx,HCPCS_CD_26 (duplicate label),Generated XdCount component,True,True,2026-03-25 15:20:15.484608+00:00,twcook@axius-sdc.com,,
XdCount,jor22hzapzva8mn0xmit2ifl,HCPCS_CD_27 (duplicate label),Generated XdCount component,True,True,2026-03-25 15:20:15.518815+00:00,twcook@axius-sdc.com,,
XdCount,qj106tovelir2rqz5vf59ldr,HCPCS_CD_29 (duplicate label),Generated XdCount component,True,True,2026-03-25 15:20:15.473950+00:00,twcook@axius-sdc.com,,
XdCount,xy1i1wzwrtvzns1iqimr3xy5,HCPCS_CD_32 (duplicate label),Generated XdCount component,True,True,2026-03-25 15:20:15.496611+00:00,twcook@axius-sdc.com,,
XdCount,l8070v0ceogx8cvrfpqmoymp,HCPCS_CD_33 (duplicate label),Generated XdCount component,True,True,2026-03-25 15:20:15.508972+00:00,twcook@axius-sdc.com,,
XdCount,bl9xra4q7r9d0iionsgxzql4,HCPCS_CD_34 (duplicate label),Generated XdCount component,True,True,2026-03-25 15:20:15.528830+00:00,twcook@axius-sdc.com,,
XdCount,fnwfb61x0cw9atshp12wm6tf,HCPCS_CD_35 (duplicate label),Generated XdCount component,True,True,2026-03-25 15:20:15.565048+00:00,twcook@axius-sdc.com,rdfs:isDefinedBy https://www.wikidata.org/wiki/Q80806568,
XdCount,qg0nsyz1n43q4yuxf0mxjxot,HCPCS_CD_38 (duplicate label),Generated XdCount component,True,True,2026-03-25 15:20:15.581998+00:00,twcook@axius-sdc.com,,
XdCount,z0ws00oj3zj620bg3q3r1ewv,HCPCS_CD_39 (duplicate label),Generated XdCount component,True,True,2026-03-25 15:20:15.594802+00:00,twcook@axius-sdc.com,,
XdCount,ll5ui05hda7pi42ib2e42ie3,HCPCS_CD_40 (duplicate label),Generated XdCount component,True,True,2026-03-25 15:20:15.551814+00:00,twcook@axius-sdc.com,,
XdCount,s4eqjfu26lmro8pm2qqkmhy0,HCPCS_CD_43 (duplicate label),Generated XdCount component,True,True,2026-03-25 15:20:15.618847+00:00,twcook@axius-sdc.com,,
XdCount,zf9v0w0c5vtzlck15pd13anq,HCPCS_CD_5 (duplicate label),Generated XdCount component,True,True,2026-03-25 15:20:15.448003+00:00,twcook@axius-sdc.com,,
XdCount,caxtzljmvwbomsoouwocszl6,HMO Coverage Months,Total number of months of HMO coverage for the beneficiary in the reference year.,True,True,2026-03-25 15:08:15.471956+00:00,twcook@axius-sdc.com,rdfs:isDefinedBy https://www.cms.gov/data-research/statistics-trends-and-reports/medicare-claims-synthetic-public-use-files/cms-2008-2010-data-entrepreneurs-synthetic-public-use-file-de-synpuf|dcterms:subject http://snomed.info/id/184102003|rdfs:isDefinedBy sdc4:XdCountType/xdcount-value,
XdCount,g25z8erbr3oxyhbp1pfx9qsa,Hospital Insurance Coverage Months,Total number of months of Part A (Hospital Insurance) coverage for the beneficiary in the reference year.,True,True,2026-03-25 15:08:15.246000+00:00,twcook@axius-sdc.com,rdfs:isDefinedBy https://www.cms.gov/data-research/statistics-trends-and-reports/medicare-claims-synthetic-public-use-files/cms-2008-2010-data-entrepreneurs-synthetic-public-use-file-de-synpuf|dcterms:subject http://snomed.info/id/184102003|rdfs:isDefinedBy https://schema.org/totalHistoricalEnrollment,
XdCount,m0tgvo8sixm18drjo3z5r6gz,ICD-9-CM Diagnosis Code 10,ICD-9-CM diagnosis code #10 associated with the claim.,True,True,2026-03-25 15:14:35.223653+00:00,twcook@axius-sdc.com,rdfs:isDefinedBy https://www.cms.gov/data-research/statistics-trends-and-reports/medicare-claims-synthetic-public-use-files/cms-2008-2010-data-entrepreneurs-synthetic-public-use-file-de-synpuf|dcterms:subject http://snomed.info/id/32485007,
XdCount,d4r1c0kl1d3jqiyjckvtugfd,ICD-9-CM Procedure Code 1,ICD-9-CM procedure code #1 performed during the claim.,True,True,2026-03-25 15:14:35.267244+00:00,twcook@axius-sdc.com,rdfs:isDefinedBy http://www.ontology-of-units-of-measure.org/resource/om-2/femtometre|rdfs:isDefinedBy https://www.cms.gov/data-research/statistics-trends-and-reports/medicare-claims-synthetic-public-use-files/cms-2008-2010-data-entrepreneurs-synthetic-public-use-file-de-synpuf|dcterms:subject http://snomed.info/id/32485007,
XdCount,fwi8sccyhudpyb8qjzb9g0yu,ICD-9-CM Procedure Code 5,ICD-9-CM procedure code #5 performed during the claim.,True,True,2026-03-25 15:14:35.281482+00:00,twcook@axius-sdc.com,rdfs:isDefinedBy https://www.cms.gov/data-research/statistics-trends-and-reports/medicare-claims-synthetic-public-use-files/cms-2008-2010-data-entrepreneurs-synthetic-public-use-file-de-synpuf|rdfs:isDefinedBy http://www.ontology-of-units-of-measure.org/resource/om-2/NumberManualFirmness0.5|dcterms:subject http://snomed.info/id/32485007,
XdCount,vzw5dynjqtjgfsnrkzp6q6i1,ICD-9-CM Procedure Code 6,ICD-9-CM procedure code #6 performed during the claim.,True,True,2026-03-25 15:14:35.252032+00:00,twcook@axius-sdc.com,rdfs:isDefinedBy https://www.cms.gov/data-research/statistics-trends-and-reports/medicare-claims-synthetic-public-use-files/cms-2008-2010-data-entrepreneurs-synthetic-public-use-file-de-synpuf|rdfs:isDefinedBy https://schema.org/iso6523Code|dcterms:subject http://snomed.info/id/32485007,
XdCount,da0r7x0tvbgrbp0n4eyy8k0u,ICD9_DGNS_CD_9 (duplicate label),Generated XdCount component,True,True,2026-03-25 15:20:15.629381+00:00,twcook@axius-sdc.com,,
XdCount,pkhqwjitqte8vcigj72z2z9c,Interview Date,BRFSS 2022: Interview Date. Section: Record Identification,True,True,2026-03-25 14:58:01.708322+00:00,twcook@axius-sdc.com,rdfs:isDefinedBy https://www.cdc.gov/brfss/annual_data/annual_2022.html|rdfs:isDefinedBy https://www.wikidata.org/wiki/Q12952511|dcterms:subject http://snomed.info/id/410188000,
XdCount,a3dpca5ge7orm8xdxl47c9h4,Interview Day,BRFSS 2022: Interview Day. Section: Record Identification,True,True,2026-03-25 14:58:02.045546+00:00,twcook@axius-sdc.com,rdfs:isDefinedBy https://www.cdc.gov/brfss/annual_data/annual_2022.html|rdfs:isDefinedBy https://www.wikidata.org/wiki/Q465018|dcterms:subject http://snomed.info/id/410188000,
XdCount,ptay2izlzt44di3ocmwi75or,Interview Month,BRFSS 2022: Interview Month. Section: Record Identification,True,True,2026-03-25 14:58:01.721776+00:00,twcook@axius-sdc.com,rdfs:isDefinedBy https://www.cdc.gov/brfss/annual_data/annual_2022.html|rdfs:isDefinedBy https://www.wikidata.org/wiki/Q236|dcterms:subject http://snomed.info/id/410188000,
XdCount,i7bblawg1w9vqolnvuxnxa9l,Interview Year,BRFSS 2022: Interview Year. Section: Record Identification,True,True,2026-03-25 14:58:01.598124+00:00,twcook@axius-sdc.com,rdfs:isDefinedBy https://www.cdc.gov/brfss/annual_data/annual_2022.html|dcterms:subject http://snomed.info/id/410188000|rdfs:isDefinedBy sdc4:XdCountType/xdcount-value,
XdCount,c00tkbqt91njoavo6gfkxfzy,Ischemic Heart Disease,Indicates whether the beneficiary has been diagnosed with ischemic heart disease.,True,True,2026-03-25 15:08:16.253223+00:00,twcook@axius-sdc.com,rdfs:isDefinedBy https://www.cms.gov/data-research/statistics-trends-and-reports/medicare-claims-synthetic-public-use-files/cms-2008-2010-data-entrepreneurs-synthetic-public-use-file-de-synpuf|skos:closeMatch http://snomed.info/id/414545008|dcterms:subject http://snomed.info/id/184102003|rdfs:isDefinedBy sdc4:XdCountType/xdcount-value,
XdCount,nq1us0z45fvjpa7pi0lxx2r4,Operating Physician NPI,National Provider Identifier of the operating physician.,True,True,2026-03-25 15:14:35.075309+00:00,twcook@axius-sdc.com,rdfs:isDefinedBy https://www.cms.gov/data-research/statistics-trends-and-reports/medicare-claims-synthetic-public-use-files/cms-2008-2010-data-entrepreneurs-synthetic-public-use-file-de-synpuf|rdfs:isDefinedBy https://www.wikidata.org/wiki/Q6975101|dcterms:subject http://snomed.info/id/32485007,
XdCount,alx9i6qtut67hq3o7o6funhu,Osteoporosis,Indicates whether the beneficiary has been diagnosed with osteoporosis.,True,True,2026-03-25 15:08:15.556119+00:00,twcook@axius-sdc.com,rdfs:isDefinedBy https://www.cms.gov/data-research/statistics-trends-and-reports/medicare-claims-synthetic-public-use-files/cms-2008-2010-data-entrepreneurs-synthetic-public-use-file-de-synpuf|skos:closeMatch http://snomed.info/id/64859006|dcterms:subject http://snomed.info/id/184102003|rdfs:isDefinedBy sdc4:XdCountType/xdcount-value,
XdCount,gar0akj5prixv8lqcd1zrb17,Other Physician NPI,National Provider Identifier of another physician involved in the claim.,True,True,2026-03-25 15:14:35.110855+00:00,twcook@axius-sdc.com,rdfs:isDefinedBy https://www.cms.gov/data-research/statistics-trends-and-reports/medicare-claims-synthetic-public-use-files/cms-2008-2010-data-entrepreneurs-synthetic-public-use-file-de-synpuf|dcterms:subject http://snomed.info/id/32485007|rdfs:isDefinedBy sdc4:XdCountType/xdcount-value,
XdCount,xg5kj7hykhhh0aebjaudrjfh,Part D Plan Coverage Months,Total number of months of Part D (prescription drug) plan coverage for the beneficiary in the reference year.,True,True,2026-03-25 15:08:16.521900+00:00,twcook@axius-sdc.com,rdfs:isDefinedBy https://www.cms.gov/data-research/statistics-trends-and-reports/medicare-claims-synthetic-public-use-files/cms-2008-2010-data-entrepreneurs-synthetic-public-use-file-de-synpuf|rdfs:isDefinedBy http://semanticscience.org/resource/SIO_000076|dcterms:subject http://snomed.info/id/184102003,
XdCount,fgnbk11h2vzwomg4txfocqhk,Prescription Drug Event ID,Unique identifier for the prescription drug event.,True,True,2026-03-25 15:22:26.696345+00:00,twcook@axius-sdc.com,rdfs:isDefinedBy https://www.cms.gov/data-research/statistics-trends-and-reports/medicare-claims-synthetic-public-use-files/cms-2008-2010-data-entrepreneurs-synthetic-public-use-file-de-synpuf|rdfs:isDefinedBy https://w3id.org/semanticarts/ns/ontology/gist/ID|dcterms:subject http://snomed.info/id/182832007,
XdCount,wt04kmf82aqpi3hkxigzpilh,Product/Service ID (NDC),National Drug Code (NDC) identifying the drug product dispensed.,True,True,2026-03-25 15:22:29.024500+00:00,twcook@axius-sdc.com,rdfs:isDefinedBy https://www.cms.gov/data-research/statistics-trends-and-reports/medicare-claims-synthetic-public-use-files/cms-2008-2010-data-entrepreneurs-synthetic-public-use-file-de-synpuf|rdfs:isDefinedBy https://w3id.org/semanticarts/ns/ontology/gist/ID|dcterms:subject http://snomed.info/id/182832007,
XdCount,je8telqg11pzntpcbm2tmt8p,Race,Beneficiary race code.,True,True,2026-03-25 15:08:15.147508+00:00,twcook@axius-sdc.com,rdfs:isDefinedBy https://www.cms.gov/data-research/statistics-trends-and-reports/medicare-claims-synthetic-public-use-files/cms-2008-2010-data-entrepreneurs-synthetic-public-use-file-de-synpuf|skos:closeMatch https://loinc.org/32624-9|rdfs:isDefinedBy http://semanticscience.org/resource/SIO_001015|dcterms:subject http://snomed.info/id/184102003,
XdCount,at0gbvqwfye87h90hwvzduug,Rheumatoid Arthritis / Osteoarthritis,Indicates whether the beneficiary has been diagnosed with rheumatoid arthritis or osteoarthritis.,True,True,2026-03-25 15:08:15.760775+00:00,twcook@axius-sdc.com,rdfs:isDefinedBy https://www.cms.gov/data-research/statistics-trends-and-reports/medicare-claims-synthetic-public-use-files/cms-2008-2010-data-entrepreneurs-synthetic-public-use-file-de-synpuf|rdfs:isDefinedBy https://schema.org/RadioBroadcastService|skos:closeMatch http://snomed.info/id/3723001|dcterms:subject http://snomed.info/id/184102003,
XdCount,a2tag43yf695zvtmnc6pxzjn,SEGMENT (duplicate label),Generated XdCount component,True,True,2026-03-25 15:20:15.672062+00:00,twcook@axius-sdc.com,,
XdCount,lbczhz56pdloeylt99l3h5nv,Service Date,Date the prescription was filled in YYYYMMDD integer format.,True,True,2026-03-25 15:22:26.534976+00:00,twcook@axius-sdc.com,rdfs:isDefinedBy https://www.cms.gov/data-research/statistics-trends-and-reports/medicare-claims-synthetic-public-use-files/cms-2008-2010-data-entrepreneurs-synthetic-public-use-file-de-synpuf|dcterms:subject http://snomed.info/id/182832007|rdfs:isDefinedBy sdc4:XdCountType/xdcount-value,
XdCount,vopo0hpkl6fna3reydvyycje,Stroke / Transient Ischemic Attack,Indicates whether the beneficiary has been diagnosed with stroke or transient ischemic attack.,True,True,2026-03-25 15:08:15.417981+00:00,twcook@axius-sdc.com,rdfs:isDefinedBy https://www.cms.gov/data-research/statistics-trends-and-reports/medicare-claims-synthetic-public-use-files/cms-2008-2010-data-entrepreneurs-synthetic-public-use-file-de-synpuf|dcterms:subject http://snomed.info/id/184102003|skos:closeMatch http://snomed.info/id/230690007|rdfs:isDefinedBy sdc4:XdCountType/xdcount-value,
XdCount,d01zlcgispeiab338fqummdg,Supplementary Medical Insurance Coverage Months,Total number of months of Part B (Supplementary Medical Insurance) coverage for the beneficiary in the reference year.,True,True,2026-03-25 15:08:16.264417+00:00,twcook@axius-sdc.com,rdfs:isDefinedBy https://www.cms.gov/data-research/statistics-trends-and-reports/medicare-claims-synthetic-public-use-files/cms-2008-2010-data-entrepreneurs-synthetic-public-use-file-de-synpuf|dcterms:subject http://snomed.info/id/184102003|rdfs:isDefinedBy sdc4:XdCountType/xdcount-value,
XdQuantity,u1yb72vyf71z0mqtgl7wm6sm,1st cancer - what kind was it?,NHANES 2017-2018: 1st cancer - what kind was it?,True,True,2026-03-25 14:33:16.412000+00:00,twcook@axius-sdc.com,rdfs:isDefinedBy http://www.ontology-of-units-of-measure.org/resource/om-2/IMagnitude|rdfs:isDefinedBy https://wwwn.cdc.gov/nchs/nhanes/continuousnhanes/default.aspx?BeginYear=2017|dcterms:subject http://snomed.info/id/84100007,
XdQuantity,jygdqqncec7ssmtm4shgadli,60 sec HR (30 sec HR * 2),NHANES 2017-2018: 60 sec HR (30 sec HR * 2),True,True,2026-03-25 14:24:09.290947+00:00,twcook@axius-sdc.com,skos:exactMatch https://loinc.org/8867-4|rdfs:isDefinedBy https://wwwn.cdc.gov/nchs/nhanes/continuousnhanes/default.aspx?BeginYear=2017|dcterms:subject http://snomed.info/id/46973005|skos:closeMatch http://snomed.info/id/364075005,
XdQuantity,x747pjmrj88farwsmxqzvqxm,60 sec. pulse (30 sec. pulse * 2),NHANES 2017-2018: 60 sec. pulse (30 sec. pulse * 2),True,True,2026-03-25 14:24:09.146676+00:00,twcook@axius-sdc.com,skos:exactMatch https://loinc.org/8867-4|rdfs:isDefinedBy https://wwwn.cdc.gov/nchs/nhanes/continuousnhanes/default.aspx?BeginYear=2017|rdfs:isDefinedBy https://www.wikidata.org/wiki/Q43788543|dcterms:subject http://snomed.info/id/46973005,
XdQuantity,i5igyikh9loow8r5uf2lki7n,Adult flu shot/spray past 12 mos,"BRFSS 2022: During the past 12 months, have you had either flu vaccine that was sprayed in your nose or flu shot injected into your arm?. Section: Immunization",True,True,2026-03-25 14:58:08.487682+00:00,twcook@axius-sdc.com,rdfs:isDefinedBy https://www.cdc.gov/brfss/annual_data/annual_2022.html|dcterms:subject http://snomed.info/id/410188000|rdfs:isDefinedBy sdc4:XdQuantityType/xdquantity-value,
XdQuantity,ybwkdwgurojv7s85o5x8680m,Adults aged 18+ that have had permanent teeth extracted,BRFSS 2022: Adults aged 18+ who have had permanent teeth extracted. Section: Calculated Variables,True,True,2026-03-25 14:58:10.185068+00:00,twcook@axius-sdc.com,rdfs:isDefinedBy https://www.cdc.gov/brfss/annual_data/annual_2022.html|dcterms:subject http://snomed.info/id/410188000|rdfs:isDefinedBy sdc4:XdQuantityType/xdquantity-value,
XdQuantity,r5tmcu7326a36ebmf0bpw3pb,Adults aged 65+ who have had all their natural teeth extracted,BRFSS 2022: Adults aged 65+ who have had all their natural teeth extracted. Section: Calculated Variables,True,True,2026-03-25 14:58:10.094686+00:00,twcook@axius-sdc.com,rdfs:isDefinedBy https://www.cdc.gov/brfss/annual_data/annual_2022.html|dcterms:subject http://snomed.info/id/410188000|rdfs:isDefinedBy sdc4:XdQuantityType/xdquantity-value,
XdQuantity,ivd0vwqfxx8td6cf5k1ow8k1,"Adults that have visited a dentist, dental hygenist or dental clinic within the past year","BRFSS 2022: Adults who have visited a dentist, dental hygenist or dental clinic within the past year. Section: Calculated Variables",True,True,2026-03-25 14:58:10.147718+00:00,twcook@axius-sdc.com,rdfs:isDefinedBy https://www.cdc.gov/brfss/annual_data/annual_2022.html|dcterms:subject http://snomed.info/id/410188000|rdfs:isDefinedBy sdc4:XdQuantityType/xdquantity-value,
XdQuantity,yum8kxp4q88kj4ft21xu6snz,Adults with good or better health,BRFSS 2022: Adults with good or better health. Section: Calculated Variables,True,True,2026-03-25 14:58:10.105661+00:00,twcook@axius-sdc.com,rdfs:isDefinedBy https://www.cdc.gov/brfss/annual_data/annual_2022.html|dcterms:subject http://snomed.info/id/410188000|rdfs:isDefinedBy sdc4:XdQuantityType/xdquantity-value,
XdQuantity,zwo8z6ndwk3vv2ey2ayl7vg7,Age 1st cancer (MCQ230a) diagnosed,NHANES 2017-2018: Age 1st cancer (MCQ230a) diagnosed,True,True,2026-03-25 14:33:16.313535+00:00,twcook@axius-sdc.com,rdfs:isDefinedBy https://wwwn.cdc.gov/nchs/nhanes/continuousnhanes/default.aspx?BeginYear=2017|dcterms:subject http://snomed.info/id/84100007,
XdQuantity,iebmz9y6vnejrns5lp1zbyl9,Age started smoking cigarettes regularly,NHANES 2017-2018: Age started smoking cigarettes regularly,True,True,2026-03-25 14:37:38.894520+00:00,twcook@axius-sdc.com,rdfs:isDefinedBy http://semanticscience.org/resource/SIO_001013|rdfs:isDefinedBy https://wwwn.cdc.gov/nchs/nhanes/continuousnhanes/default.aspx?BeginYear=2017|dcterms:subject http://snomed.info/id/365981007,
XdQuantity,lhfti5yn0ct36207w68mzjqx,Age when 1st had gallbladder surgery?,NHANES 2017-2018: Age when 1st had gallbladder surgery?,True,True,2026-03-25 14:33:16.328581+00:00,twcook@axius-sdc.com,rdfs:isDefinedBy http://semanticscience.org/resource/SIO_001013|rdfs:isDefinedBy https://wwwn.cdc.gov/nchs/nhanes/continuousnhanes/default.aspx?BeginYear=2017|dcterms:subject http://snomed.info/id/84100007,
XdQuantity,vw3tfq52l8sbzxmdt06b9ztj,Age when first had asthma,NHANES 2017-2018: Age when first had asthma,True,True,2026-03-25 14:33:15.314344+00:00,twcook@axius-sdc.com,rdfs:isDefinedBy http://semanticscience.org/resource/SIO_001013|rdfs:isDefinedBy https://wwwn.cdc.gov/nchs/nhanes/continuousnhanes/default.aspx?BeginYear=2017|dcterms:subject http://snomed.info/id/84100007,
XdQuantity,aekujfw5ggwvezetcovffqn7,Age when told had coronary heart disease,NHANES 2017-2018: Age when told had coronary heart disease,True,True,2026-03-25 14:33:15.741827+00:00,twcook@axius-sdc.com,rdfs:isDefinedBy http://semanticscience.org/resource/SIO_001013|rdfs:isDefinedBy https://wwwn.cdc.gov/nchs/nhanes/continuousnhanes/default.aspx?BeginYear=2017|dcterms:subject http://snomed.info/id/84100007,
XdQuantity,gx1qgzmpeuke4q2i18027yuj,Age when told you had a liver condition,NHANES 2017-2018: Age when told you had a liver condition,True,True,2026-03-25 14:33:16.088259+00:00,twcook@axius-sdc.com,rdfs:isDefinedBy http://semanticscience.org/resource/SIO_001013|rdfs:isDefinedBy https://wwwn.cdc.gov/nchs/nhanes/continuousnhanes/default.aspx?BeginYear=2017|dcterms:subject http://snomed.info/id/84100007,
XdQuantity,zdj1nb1ku1pszuv2yhkjklds,Age when told you had angina pectoris,NHANES 2017-2018: Age when told you had angina pectoris,True,True,2026-03-25 14:33:15.812225+00:00,twcook@axius-sdc.com,rdfs:isDefinedBy http://semanticscience.org/resource/SIO_001013|rdfs:isDefinedBy https://wwwn.cdc.gov/nchs/nhanes/continuousnhanes/default.aspx?BeginYear=2017|dcterms:subject http://snomed.info/id/84100007,
XdQuantity,cty59dsvu0d4ztl8j1vgjwwm,Age when told you had arthritis,NHANES 2017-2018: Age when told you had arthritis,True,True,2026-03-25 14:33:15.302207+00:00,twcook@axius-sdc.com,rdfs:isDefinedBy http://semanticscience.org/resource/SIO_001013|rdfs:isDefinedBy https://wwwn.cdc.gov/nchs/nhanes/continuousnhanes/default.aspx?BeginYear=2017|dcterms:subject http://snomed.info/id/84100007,
XdQuantity,r1rf7q8sl6c0h415brv6qyns,Age when told you had a stroke,NHANES 2017-2018: Age when told you had a stroke,True,True,2026-03-25 14:33:15.822355+00:00,twcook@axius-sdc.com,rdfs:isDefinedBy http://semanticscience.org/resource/SIO_001013|rdfs:isDefinedBy https://wwwn.cdc.gov/nchs/nhanes/continuousnhanes/default.aspx?BeginYear=2017|dcterms:subject http://snomed.info/id/84100007,
XdQuantity,o40xhnljjsggp3ipl0ok297p,Age when told you had chronic bronchitis,NHANES 2017-2018: Age when told you had chronic bronchitis,True,True,2026-03-25 14:33:15.943185+00:00,twcook@axius-sdc.com,rdfs:isDefinedBy http://semanticscience.org/resource/SIO_001013|rdfs:isDefinedBy https://wwwn.cdc.gov/nchs/nhanes/continuousnhanes/default.aspx?BeginYear=2017|dcterms:subject http://snomed.info/id/84100007,
XdQuantity,mt5ocezn46u8qte1m0q2686r,Age when told you had emphysema,NHANES 2017-2018: Age when told you had emphysema,True,True,2026-03-25 14:33:15.930668+00:00,twcook@axius-sdc.com,rdfs:isDefinedBy http://semanticscience.org/resource/SIO_001013|rdfs:isDefinedBy https://wwwn.cdc.gov/nchs/nhanes/continuousnhanes/default.aspx?BeginYear=2017|dcterms:subject http://snomed.info/id/84100007,
XdQuantity,h1lvmbte1916y0ypk22rbgs0,Age when told you had gout,NHANES 2017-2018: Age when told you had gout,True,True,2026-03-25 14:33:15.336742+00:00,twcook@axius-sdc.com,rdfs:isDefinedBy http://semanticscience.org/resource/SIO_001013|rdfs:isDefinedBy https://wwwn.cdc.gov/nchs/nhanes/continuousnhanes/default.aspx?BeginYear=2017|dcterms:subject http://snomed.info/id/84100007,
XdQuantity,lg58px4xao93fbr79t2tasgh,Age when told you had heart failure,NHANES 2017-2018: Age when told you had heart failure,True,True,2026-03-25 14:33:15.518143+00:00,twcook@axius-sdc.com,rdfs:isDefinedBy http://semanticscience.org/resource/SIO_001013|rdfs:isDefinedBy https://wwwn.cdc.gov/nchs/nhanes/continuousnhanes/default.aspx?BeginYear=2017|dcterms:subject http://snomed.info/id/84100007,
XdQuantity,b0tjy1oi7u3z480izid9u993,Age when told you had thyroid problem,NHANES 2017-2018: Age when told you had thyroid problem,True,True,2026-03-25 14:33:15.865051+00:00,twcook@axius-sdc.com,rdfs:isDefinedBy http://semanticscience.org/resource/SIO_001013|rdfs:isDefinedBy https://wwwn.cdc.gov/nchs/nhanes/continuousnhanes/default.aspx?BeginYear=2017|dcterms:subject http://snomed.info/id/84100007,
XdQuantity,qt6mrj4wbp1vhll0jkqlggha,Age when told you have jaundice?,NHANES 2017-2018: Age when told you have jaundice?,True,True,2026-03-25 14:33:16.353462+00:00,twcook@axius-sdc.com,rdfs:isDefinedBy http://semanticscience.org/resource/SIO_001013|rdfs:isDefinedBy https://wwwn.cdc.gov/nchs/nhanes/continuousnhanes/default.aspx?BeginYear=2017|dcterms:subject http://snomed.info/id/84100007,
XdQuantity,iclmp4qqffdx7i702kzxoq20,Any metal objects inside your body?,NHANES 2017-2018: Any metal objects inside your body?,True,True,2026-03-25 14:33:16.459685+00:00,twcook@axius-sdc.com,rdfs:isDefinedBy http://semanticscience.org/resource/SIO_001162|rdfs:isDefinedBy https://wwwn.cdc.gov/nchs/nhanes/continuousnhanes/default.aspx?BeginYear=2017|dcterms:subject http://snomed.info/id/84100007,
XdQuantity,fw0qeps245x0v22e1j43u5e6,Are you 18 years of age or older?,BRFSS 2022: Are you 18 years of age or older?. Section: Land Line Introduction. Note: Variable only on the land line survey,True,True,2026-03-25 14:58:03.968879+00:00,twcook@axius-sdc.com,rdfs:isDefinedBy https://www.cdc.gov/brfss/annual_data/annual_2022.html|dcterms:subject http://snomed.info/id/410188000|rdfs:isDefinedBy sdc4:XdQuantityType/xdquantity-value,
XdQuantity,ikjn7ur4yd4sdsta8k1ho35r,Are You A Veteran,"BRFSS 2022: Have you ever served on active duty in the United States Armed Forces, either in the regular military or in a National Guard or military reserve unit?. Section: Demographics",True,True,2026-03-25 14:58:07.426167+00:00,twcook@axius-sdc.com,rdfs:isDefinedBy https://www.cdc.gov/brfss/annual_data/annual_2022.html|dcterms:subject http://snomed.info/id/410188000|rdfs:isDefinedBy sdc4:XdQuantityType/xdquantity-value,
XdQuantity,gdhurbjjp0jee643noke2blz,Are you deaf or do you have serious difficulty hearing?,BRFSS 2022: Are you deaf or do you have serious difficulty hearing?. Section: Disability,True,True,2026-03-25 14:58:07.385593+00:00,twcook@axius-sdc.com,rdfs:isDefinedBy https://www.cdc.gov/brfss/annual_data/annual_2022.html|dcterms:subject http://snomed.info/id/410188000|rdfs:isDefinedBy sdc4:XdQuantityType/xdquantity-value,
XdQuantity,f7fhkza4hsrr2agz9qf2r4ew,Are you male or female?,BRFSS 2022: Are you male or female?. Section: Land Line Introduction. Note: Variable only on the land line survey,True,True,2026-03-25 14:58:03.625317+00:00,twcook@axius-sdc.com,rdfs:isDefinedBy https://www.cdc.gov/brfss/annual_data/annual_2022.html|dcterms:subject http://snomed.info/id/410188000|rdfs:isDefinedBy sdc4:XdQuantityType/xdquantity-value,
XdQuantity,pscz7izii23h0pu0t6b6llu5,Are you now controlling or losing weight,NHANES 2017-2018: Are you now controlling or losing weight,True,True,2026-03-25 14:33:16.340469+00:00,twcook@axius-sdc.com,rdfs:isDefinedBy http://www.ontology-of-units-of-measure.org/resource/om-2/are|rdfs:isDefinedBy https://wwwn.cdc.gov/nchs/nhanes/continuousnhanes/default.aspx?BeginYear=2017|dcterms:subject http://snomed.info/id/84100007,
XdQuantity,cptaniju6h6hyilf082fh0es,Are you now reducing fat in diet,NHANES 2017-2018: Are you now reducing fat in diet,True,True,2026-03-25 14:33:16.475878+00:00,twcook@axius-sdc.com,rdfs:isDefinedBy https://schema.org/diet|rdfs:isDefinedBy https://wwwn.cdc.gov/nchs/nhanes/continuousnhanes/default.aspx?BeginYear=2017|dcterms:subject http://snomed.info/id/84100007,
XdQuantity,pkwfvrav0745gg31k2rafe9w,Are you now reducing salt in diet,NHANES 2017-2018: Are you now reducing salt in diet,True,True,2026-03-25 14:33:16.431644+00:00,twcook@axius-sdc.com,rdfs:isDefinedBy https://schema.org/diet|rdfs:isDefinedBy https://wwwn.cdc.gov/nchs/nhanes/continuousnhanes/default.aspx?BeginYear=2017|dcterms:subject http://snomed.info/id/84100007,
XdQuantity,o7sn9ypj5u8qsjapo3v5b6df,Arm selected,NHANES 2017-2018: Arm selected,True,True,2026-03-25 14:24:09.125270+00:00,twcook@axius-sdc.com,rdfs:isDefinedBy https://www.wikidata.org/wiki/Q41774743|rdfs:isDefinedBy https://wwwn.cdc.gov/nchs/nhanes/continuousnhanes/default.aspx?BeginYear=2017|dcterms:subject http://snomed.info/id/46973005,
XdQuantity,htpd3pmhah8pqd29mukk5wdw,Avg alcoholic drinks per day in past 30,"BRFSS 2022: One drink is equivalent to a 12-ounce beer, a 5-ounce glass of wine, or a drink with one shot of liquor. During the past 30 days, on the days when you drank, about how many drinks did you drink on the average? (A 40 ounce beer would count as 3 drinks, or a cocktail drink with 2 shots would count as 2 drinks.). Section: Alcohol Consumption",True,True,2026-03-25 14:58:08.318328+00:00,twcook@axius-sdc.com,rdfs:isDefinedBy https://www.cdc.gov/brfss/annual_data/annual_2022.html|dcterms:subject http://snomed.info/id/410188000|rdfs:isDefinedBy sdc4:XdQuantityType/xdquantity-value,
XdQuantity,k6uj5bhzdqpk3db82orgbhc6,Avg # cigarettes/day during past 30 days,NHANES 2017-2018: Avg # cigarettes/day during past 30 days,True,True,2026-03-25 14:37:39.106085+00:00,twcook@axius-sdc.com,rdfs:isDefinedBy https://www.wikidata.org/wiki/Q72388035|rdfs:isDefinedBy https://wwwn.cdc.gov/nchs/nhanes/continuousnhanes/default.aspx?BeginYear=2017|dcterms:subject http://snomed.info/id/365981007,
XdQuantity,l3cj6ajgat9is3htlw4qokpu,Basophils number (1000 cells/uL),NHANES 2017-2018: Basophils number (1000 cells/uL),True,True,2026-03-25 14:26:23.406165+00:00,twcook@axius-sdc.com,rdfs:isDefinedBy https://www.wikidata.org/wiki/Q39330980|skos:exactMatch https://loinc.org/704-7|rdfs:isDefinedBy https://wwwn.cdc.gov/nchs/nhanes/continuousnhanes/default.aspx?BeginYear=2017|dcterms:subject http://snomed.info/id/26604007,
XdQuantity,naktjnbxrzcsme8cud714j3h,Basophils percent (%),NHANES 2017-2018: Basophils percent (%),True,True,2026-03-25 14:26:23.392650+00:00,twcook@axius-sdc.com,rdfs:isDefinedBy https://www.wikidata.org/wiki/Q39330980|skos:exactMatch https://loinc.org/706-2|rdfs:isDefinedBy https://wwwn.cdc.gov/nchs/nhanes/continuousnhanes/default.aspx?BeginYear=2017|dcterms:subject http://snomed.info/id/26604007,
XdQuantity,hkkovfz4t2o7nxb4lzbpp9cz,Binge Drinking,"BRFSS 2022: Considering all types of alcoholic beverages, how many times during the past 30 days did you have 5 or more drinks for men or 4 or more drinks for women on an occasion?. Section: Alcohol Consumption",True,True,2026-03-25 14:58:08.518441+00:00,twcook@axius-sdc.com,rdfs:isDefinedBy https://www.cdc.gov/brfss/annual_data/annual_2022.html|dcterms:subject http://snomed.info/id/410188000|rdfs:isDefinedBy sdc4:XdQuantityType/xdquantity-value,
XdQuantity,n0c8v5twxeolomr7ynesu7wd,Binge Drinking Calculated Variable,"BRFSS 2022: Binge drinkers (males having five or more drinks on one occasion, females having four or more drinks on one occasion). Section: Calculated Variables",True,True,2026-03-25 14:58:10.943708+00:00,twcook@axius-sdc.com,rdfs:isDefinedBy https://www.cdc.gov/brfss/annual_data/annual_2022.html|dcterms:subject http://snomed.info/id/410188000|rdfs:isDefinedBy sdc4:XdQuantityType/xdquantity-value,
XdQuantity,j76k8rbzkuiemid1di6lc7v0,Blind or Difficulty seeing,"BRFSS 2022: Are you blind or do you have serious difficulty seeing, even when wearing glasses?. Section: Disability",True,True,2026-03-25 14:58:07.349829+00:00,twcook@axius-sdc.com,rdfs:isDefinedBy https://www.cdc.gov/brfss/annual_data/annual_2022.html|dcterms:subject http://snomed.info/id/410188000|rdfs:isDefinedBy sdc4:XdQuantityType/xdquantity-value,
XdQuantity,cyr76x1s3bu5dzdewetc8gv8,Blood Deductible Liability Amount,Beneficiary liability amount for blood deductible (USD).,True,True,2026-03-25 15:14:35.176034+00:00,twcook@axius-sdc.com,rdfs:isDefinedBy https://www.cms.gov/data-research/statistics-trends-and-reports/medicare-claims-synthetic-public-use-files/cms-2008-2010-data-entrepreneurs-synthetic-public-use-file-de-synpuf|dcterms:subject http://snomed.info/id/32485007|rdfs:isDefinedBy sdc4:XdQuantityType/xdquantity-units,
XdQuantity,k5ap1ymzlqajv9luquuksmn2,Calculated non-Hispanic Race including multiracial,BRFSS 2022: Calculated multiracial race categorization. Section: Calculated Race Variables,True,True,2026-03-25 14:58:10.357167+00:00,twcook@axius-sdc.com,rdfs:isDefinedBy https://www.cdc.gov/brfss/annual_data/annual_2022.html|dcterms:subject http://snomed.info/id/410188000|rdfs:isDefinedBy sdc4:XdQuantityType/xdquantity-value,
XdQuantity,f3apc1ipvz2m1bx5hbwsc00j,Calculated sex variable,BRFSS 2022: Calculated sex variable. Section: Calculated Variables,True,True,2026-03-25 14:58:10.390555+00:00,twcook@axius-sdc.com,rdfs:isDefinedBy http://semanticscience.org/resource/SIO_010029|rdfs:isDefinedBy https://www.cdc.gov/brfss/annual_data/annual_2022.html|dcterms:subject http://snomed.info/id/410188000,
XdQuantity,mpwce28dzkh2i3fz8j52ywq9,Carrier Annual Beneficiary Responsibility,Total beneficiary responsibility amount for carrier services during the reference year (USD).,True,True,2026-03-25 15:08:15.840357+00:00,twcook@axius-sdc.com,rdfs:isDefinedBy https://schema.org/Car|rdfs:isDefinedBy https://www.cms.gov/data-research/statistics-trends-and-reports/medicare-claims-synthetic-public-use-files/cms-2008-2010-data-entrepreneurs-synthetic-public-use-file-de-synpuf|dcterms:subject http://snomed.info/id/184102003,
XdQuantity,h8ruw27uj9gkuufqgbnkopfy,Carrier Annual Medicare Reimbursement,Total Medicare reimbursement amount for carrier (physician/supplier Part B) services during the reference year (USD).,True,True,2026-03-25 15:08:15.827597+00:00,twcook@axius-sdc.com,rdfs:isDefinedBy https://schema.org/Car|rdfs:isDefinedBy https://www.cms.gov/data-research/statistics-trends-and-reports/medicare-claims-synthetic-public-use-files/cms-2008-2010-data-entrepreneurs-synthetic-public-use-file-de-synpuf|dcterms:subject http://snomed.info/id/184102003,
XdQuantity,e68r03lol0jqmstbc34oip0s,Carrier Annual Primary Payer Reimbursement,Total amount paid by the primary payer for carrier services during the reference year (USD).,True,True,2026-03-25 15:08:15.799086+00:00,twcook@axius-sdc.com,rdfs:isDefinedBy https://schema.org/Car|rdfs:isDefinedBy https://www.cms.gov/data-research/statistics-trends-and-reports/medicare-claims-synthetic-public-use-files/cms-2008-2010-data-entrepreneurs-synthetic-public-use-file-de-synpuf|dcterms:subject http://snomed.info/id/184102003,
XdQuantity,obqg86yl6rix83kzqtqe3fpi,Cellular Telephone,BRFSS 2022: Is this a cell telephone?. Section: Land Line Introduction. Note: Variable only on the land line survey,True,True,2026-03-25 14:58:02.215067+00:00,twcook@axius-sdc.com,rdfs:isDefinedBy https://www.cdc.gov/brfss/annual_data/annual_2022.html|dcterms:subject http://snomed.info/id/410188000|rdfs:isDefinedBy sdc4:XdQuantityType/xdquantity-value,
XdQuantity,cw819akghzvnld6w81yn0dsf,"Child Hispanic, Latino/a, or Spanish origin calculated variable","BRFSS 2022: Child Hispanic, Latino/a, or Spanish origin calculated variable. Section: Child Demographic Variables",True,True,2026-03-25 14:58:09.902563+00:00,twcook@axius-sdc.com,rdfs:isDefinedBy https://www.cdc.gov/brfss/annual_data/annual_2022.html|dcterms:subject http://snomed.info/id/410188000|rdfs:isDefinedBy sdc4:XdQuantityType/xdquantity-value,
XdQuantity,a70gzqyklhcpyg1h61mn9smy,Child Non-Hispanic Race including Multiracial,BRFSS 2022: Child multiracial race categorization. Section: Child Demographic Variables,True,True,2026-03-25 14:58:09.996747+00:00,twcook@axius-sdc.com,rdfs:isDefinedBy https://www.cdc.gov/brfss/annual_data/annual_2022.html|dcterms:subject http://snomed.info/id/410188000|rdfs:isDefinedBy sdc4:XdQuantityType/xdquantity-value,
XdQuantity,a6qjl30ysoydysxw7worm7lk,Cigarette Filter type,NHANES 2017-2018: Cigarette Filter type,True,True,2026-03-25 14:37:39.149156+00:00,twcook@axius-sdc.com,rdfs:isDefinedBy https://w3id.org/semanticarts/ns/ontology/gist/MediaType|rdfs:isDefinedBy https://wwwn.cdc.gov/nchs/nhanes/continuousnhanes/default.aspx?BeginYear=2017|dcterms:subject http://snomed.info/id/365981007,
XdQuantity,sik3nllwro9coyfifr5au0e1,Cigarettes smoked in entire life,NHANES 2017-2018: Cigarettes smoked in entire life,True,True,2026-03-25 14:37:39.174537+00:00,twcook@axius-sdc.com,rdfs:isDefinedBy https://wwwn.cdc.gov/nchs/nhanes/continuousnhanes/default.aspx?BeginYear=2017|dcterms:subject http://snomed.info/id/365981007|rdfs:isDefinedBy http://www.ontology-of-units-of-measure.org/resource/om-2/VaseLife,
XdQuantity,dcewhp2o0paiqtg5mw4n6rgw,# cigarettes smoked per day when quit,NHANES 2017-2018: # cigarettes smoked per day when quit,True,True,2026-03-25 14:37:39.719920+00:00,twcook@axius-sdc.com,rdfs:isDefinedBy http://www.ontology-of-units-of-measure.org/resource/om-2/day|rdfs:isDefinedBy https://wwwn.cdc.gov/nchs/nhanes/continuousnhanes/default.aspx?BeginYear=2017|dcterms:subject http://snomed.info/id/365981007,
XdQuantity,kgosixk2oeknxjw3wabyyoug,Claim Pass-Through Per Diem Amount,Per diem pass-through payment amount for the claim (USD).,True,True,2026-03-25 15:14:35.139250+00:00,twcook@axius-sdc.com,rdfs:isDefinedBy http://www.ontology-of-units-of-measure.org/resource/om-2/amperePerMetre|rdfs:isDefinedBy https://www.cms.gov/data-research/statistics-trends-and-reports/medicare-claims-synthetic-public-use-files/cms-2008-2010-data-entrepreneurs-synthetic-public-use-file-de-synpuf|dcterms:subject http://snomed.info/id/32485007,
XdQuantity,b7wqs85a0zfe76e23m40djap,Claim Payment Amount,Total amount paid for the claim by Medicare (USD).,True,True,2026-03-25 15:14:35.062640+00:00,twcook@axius-sdc.com,rdfs:isDefinedBy https://www.cms.gov/data-research/statistics-trends-and-reports/medicare-claims-synthetic-public-use-files/cms-2008-2010-data-entrepreneurs-synthetic-public-use-file-de-synpuf|dcterms:subject http://snomed.info/id/32485007|rdfs:isDefinedBy sdc4:XdQuantityType/xdquantity-value,
XdQuantity,zb0h147ogifwrbm6891m3qcp,Coded cuff size,NHANES 2017-2018: Coded cuff size,True,True,2026-03-25 14:24:09.077634+00:00,twcook@axius-sdc.com,rdfs:isDefinedBy https://wwwn.cdc.gov/nchs/nhanes/continuousnhanes/default.aspx?BeginYear=2017|rdfs:isDefinedBy https://schema.org/size|dcterms:subject http://snomed.info/id/46973005,
XdQuantity,glhn7hgjes66t7qbdga7t6a7,Computed Asthma Status,BRFSS 2022: Computed asthma status. Section: Calculated Variables,True,True,2026-03-25 14:58:10.134788+00:00,twcook@axius-sdc.com,rdfs:isDefinedBy https://www.cdc.gov/brfss/annual_data/annual_2022.html|dcterms:subject http://snomed.info/id/410188000|rdfs:isDefinedBy sdc4:XdQuantityType/xdquantity-value,
XdQuantity,n5cm7c5foof63rjewuerdtpt,Computed body mass index categories,BRFSS 2022: Four-categories of Body Mass Index (BMI). Section: Calculated Variables,True,True,2026-03-25 14:58:11.016393+00:00,twcook@axius-sdc.com,rdfs:isDefinedBy https://www.cdc.gov/brfss/annual_data/annual_2022.html|dcterms:subject http://snomed.info/id/410188000|rdfs:isDefinedBy sdc4:XdQuantityType/xdquantity-value,
XdQuantity,r3uiku6laqeepuldfd4w3opa,Computed Five level race/ethnicity category.,BRFSS 2022: Five-level race/ethnicity category. Section: Calculated Race Variables,True,True,2026-03-25 14:58:10.295256+00:00,twcook@axius-sdc.com,rdfs:isDefinedBy https://www.cdc.gov/brfss/annual_data/annual_2022.html|dcterms:subject http://snomed.info/id/410188000|rdfs:isDefinedBy sdc4:XdQuantityType/xdquantity-value,
XdQuantity,wqam75p0vr0jfsqz4cbyahnt,Computed Height in Inches,BRFSS 2022: Reported height in inches. Section: Calculated Variables,True,True,2026-03-25 14:58:10.421083+00:00,twcook@axius-sdc.com,rdfs:isDefinedBy https://www.cdc.gov/brfss/annual_data/annual_2022.html|dcterms:subject http://snomed.info/id/410188000|rdfs:isDefinedBy sdc4:XdQuantityType/xdquantity-value,
XdQuantity,mk04y2wxaul9wje1d2e699wh,Computed Height in Meters,BRFSS 2022: Reported height in meters. Section: Calculated Variables,True,True,2026-03-25 14:58:10.434375+00:00,twcook@axius-sdc.com,rdfs:isDefinedBy https://www.cdc.gov/brfss/annual_data/annual_2022.html|dcterms:subject http://snomed.info/id/410188000|rdfs:isDefinedBy sdc4:XdQuantityType/xdquantity-value,
XdQuantity,js62r6sl022ytnzojn2ae10y,Computed income categories,BRFSS 2022: Income categories. Section: Calculated Variables,True,True,2026-03-25 14:58:10.448121+00:00,twcook@axius-sdc.com,rdfs:isDefinedBy https://www.cdc.gov/brfss/annual_data/annual_2022.html|dcterms:subject http://snomed.info/id/410188000|rdfs:isDefinedBy sdc4:XdQuantityType/xdquantity-value,
XdQuantity,uub49893wlobm525jxomo8fj,Computed level of education completed categories,BRFSS 2022: Level of education completed. Section: Calculated Variables,True,True,2026-03-25 14:58:10.470944+00:00,twcook@axius-sdc.com,rdfs:isDefinedBy https://www.cdc.gov/brfss/annual_data/annual_2022.html|dcterms:subject http://snomed.info/id/410188000|rdfs:isDefinedBy sdc4:XdQuantityType/xdquantity-value,
XdQuantity,i7gssagyinc8rzchlsf3fhrn,Computed Mental Health Status,"BRFSS 2022: 3 level not good mental health status: 0 days, 1-13 days, 14-30 days. Section: Calculated Variables",True,True,2026-03-25 14:58:09.969487+00:00,twcook@axius-sdc.com,rdfs:isDefinedBy https://www.cdc.gov/brfss/annual_data/annual_2022.html|dcterms:subject http://snomed.info/id/410188000|rdfs:isDefinedBy sdc4:XdQuantityType/xdquantity-value,
XdQuantity,e0b0txcj6s7nrp4xuf4lqyp2,Computed number of children in household,BRFSS 2022: Number of children in household. Section: Calculated Variables,True,True,2026-03-25 14:58:10.458293+00:00,twcook@axius-sdc.com,rdfs:isDefinedBy https://www.cdc.gov/brfss/annual_data/annual_2022.html|dcterms:subject http://snomed.info/id/410188000|rdfs:isDefinedBy sdc4:XdQuantityType/xdquantity-value,
XdQuantity,k1b82tjseebk8090m29szivo,Computed Physical Health Status,"BRFSS 2022: 3 level not good physical health status: 0 days, 1-13 days, 14-30 days. Section: Calculated Variables",True,True,2026-03-25 14:58:09.941041+00:00,twcook@axius-sdc.com,rdfs:isDefinedBy https://www.cdc.gov/brfss/annual_data/annual_2022.html|dcterms:subject http://snomed.info/id/410188000|rdfs:isDefinedBy sdc4:XdQuantityType/xdquantity-value,
XdQuantity,vsi09maxyy9bqqodnmw53w8f,Computed Preferred Race,BRFSS 2022: Preferred race category. Section: Calculated Race Variables,True,True,2026-03-25 14:58:10.271150+00:00,twcook@axius-sdc.com,rdfs:isDefinedBy https://www.cdc.gov/brfss/annual_data/annual_2022.html|dcterms:subject http://snomed.info/id/410188000|rdfs:isDefinedBy sdc4:XdQuantityType/xdquantity-value,
XdQuantity,rhlcako8y0479099gcm7etme,Computed Race-Ethnicity grouping,BRFSS 2022: Race/ethnicity categories. Section: Calculated Race Variables,True,True,2026-03-25 14:58:10.338378+00:00,twcook@axius-sdc.com,rdfs:isDefinedBy https://www.cdc.gov/brfss/annual_data/annual_2022.html|dcterms:subject http://snomed.info/id/410188000|rdfs:isDefinedBy sdc4:XdQuantityType/xdquantity-value,
XdQuantity,xh4k4m2cvaoojgxvqh84jrxa,Computed race groups used for internet prevalence tables,BRFSS 2022: Computed race groups used for internet prevalence tables. Section: Calculated Race Variables,True,True,2026-03-25 14:58:10.373824+00:00,twcook@axius-sdc.com,rdfs:isDefinedBy https://www.cdc.gov/brfss/annual_data/annual_2022.html|dcterms:subject http://snomed.info/id/410188000|rdfs:isDefinedBy sdc4:XdQuantityType/xdquantity-value,
XdQuantity,sow0ho082kz0fwq5u91bi11f,Computed Smoking Status,"BRFSS 2022: Four-level smoker status: Everyday smoker, Someday smoker, Former smoker, Non-smoker. Section: Calculated Variables",True,True,2026-03-25 14:58:10.744248+00:00,twcook@axius-sdc.com,rdfs:isDefinedBy https://www.cdc.gov/brfss/annual_data/annual_2022.html|dcterms:subject http://snomed.info/id/410188000|rdfs:isDefinedBy sdc4:XdQuantityType/xdquantity-value,
XdQuantity,j96ehmxm5bgqusguq4bdj634,Computed Weight in Kilograms,BRFSS 2022: Reported weight in kilograms. Section: Calculated Variables,True,True,2026-03-25 14:58:10.524126+00:00,twcook@axius-sdc.com,rdfs:isDefinedBy https://www.cdc.gov/brfss/annual_data/annual_2022.html|dcterms:subject http://snomed.info/id/410188000|rdfs:isDefinedBy sdc4:XdQuantityType/xdquantity-value,
XdQuantity,taaqpfgl79w8kmd5icwv0smb,Correct telephone number?,BRFSS 2022: Is this (phone number) ?. Section: Land Line Introduction. Note: Variable only on the land line survey,True,True,2026-03-25 14:58:03.437656+00:00,twcook@axius-sdc.com,rdfs:isDefinedBy https://www.cdc.gov/brfss/annual_data/annual_2022.html|dcterms:subject http://snomed.info/id/410188000|rdfs:isDefinedBy sdc4:XdQuantityType/xdquantity-value,
XdQuantity,p75o028b2if5v65bnac3zaqa,Could Not Afford To See Doctor,BRFSS 2022: Was there a time in the past 12 months when you needed to see a doctor but could not because you could not afford it?. Section: Health Care Access,True,True,2026-03-25 14:58:05.399769+00:00,twcook@axius-sdc.com,rdfs:isDefinedBy https://www.cdc.gov/brfss/annual_data/annual_2022.html|dcterms:subject http://snomed.info/id/410188000|rdfs:isDefinedBy sdc4:XdQuantityType/xdquantity-value,
XdQuantity,g46mlb32co4iy0mzebt598b2,CPDEMO1C,Generated XdQuantity component,True,True,2026-03-25 14:58:07.308307+00:00,twcook@axius-sdc.com,rdfs:isDefinedBy https://www.cdc.gov/brfss/annual_data/annual_2022.html|dcterms:subject http://snomed.info/id/410188000|rdfs:isDefinedBy sdc4:XdQuantityType/xdquantity-value,
XdQuantity,cli8i9pgnf293ml4azc4s792,"Crawl, walk, run, play limitations","NHANES 2017-2018: Crawl, walk, run, play limitations",True,True,2026-03-25 14:39:00.704019+00:00,twcook@axius-sdc.com,rdfs:isDefinedBy https://www.wikidata.org/wiki/Q97093179|rdfs:isDefinedBy https://wwwn.cdc.gov/nchs/nhanes/continuousnhanes/default.aspx?BeginYear=2017|dcterms:subject http://snomed.info/id/301857004,
XdQuantity,gkyu6urzy3bphtzvc2qalrnt,Current Asthma Calculated Variable,BRFSS 2022: Adults who have been told they currently have asthma. Section: Calculated Variables,True,True,2026-03-25 14:58:10.160115+00:00,twcook@axius-sdc.com,rdfs:isDefinedBy https://www.cdc.gov/brfss/annual_data/annual_2022.html|dcterms:subject http://snomed.info/id/410188000|rdfs:isDefinedBy sdc4:XdQuantityType/xdquantity-value,
XdQuantity,e61drqhiwnbydt4ydyhm0qxa,Current E-cigarette User Calculated Variable,BRFSS 2022: Adults who are current e-cigarette users. Section: Calculated Variables,True,True,2026-03-25 14:58:10.758114+00:00,twcook@axius-sdc.com,rdfs:isDefinedBy https://www.cdc.gov/brfss/annual_data/annual_2022.html|dcterms:subject http://snomed.info/id/410188000|rdfs:isDefinedBy sdc4:XdQuantityType/xdquantity-value,
XdQuantity,dji9zzn7gmnqsdq3fkqgktde,Current Smoking Calculated Variable,BRFSS 2022: Adults who are current smokers. Section: Calculated Variables,True,True,2026-03-25 14:58:10.785920+00:00,twcook@axius-sdc.com,rdfs:isDefinedBy https://www.cdc.gov/brfss/annual_data/annual_2022.html|dcterms:subject http://snomed.info/id/410188000|rdfs:isDefinedBy sdc4:XdQuantityType/xdquantity-value,
XdQuantity,y88h8l7cf8pqakgfkaon6ll6,Days in past 30 had alcoholic beverage,"BRFSS 2022: During the past 30 days, how many days per week or per month did you have at least one drink of any alcoholic beverage?. Section: Alcohol Consumption",True,True,2026-03-25 14:58:08.385595+00:00,twcook@axius-sdc.com,rdfs:isDefinedBy https://www.cdc.gov/brfss/annual_data/annual_2022.html|dcterms:subject http://snomed.info/id/410188000|rdfs:isDefinedBy sdc4:XdQuantityType/xdquantity-value,
XdQuantity,dpqfkdq66lmad1dv3d31u3cx,# days smoked cigs during past 30 days,NHANES 2017-2018: # days smoked cigs during past 30 days,True,True,2026-03-25 14:37:38.954087+00:00,twcook@axius-sdc.com,rdfs:isDefinedBy https://wwwn.cdc.gov/nchs/nhanes/continuousnhanes/default.aspx?BeginYear=2017|dcterms:subject http://snomed.info/id/365981007|rdfs:isDefinedBy sdc4:XdQuantityType/xdquantity-value,
XdQuantity,v5ew61lj6n31ze8qr63ysp2f,Design weight use in raking,BRFSS 2022: Design weight used in raking (Stratum weight (_STRWT) multiplied by the raw weighting factor (_RAWRAKE).). Section: Weighting Variables,True,True,2026-03-25 14:58:09.816458+00:00,twcook@axius-sdc.com,rdfs:isDefinedBy https://www.cdc.gov/brfss/annual_data/annual_2022.html|dcterms:subject http://snomed.info/id/410188000|rdfs:isDefinedBy sdc4:XdQuantityType/xdquantity-value,
XdQuantity,h5w5nwm7pq1uzpz7uzo9szat,DIABAGE4,Generated XdQuantity component,True,True,2026-03-25 14:58:06.327512+00:00,twcook@axius-sdc.com,rdfs:isDefinedBy https://www.cdc.gov/brfss/annual_data/annual_2022.html|dcterms:subject http://snomed.info/id/410188000|rdfs:isDefinedBy sdc4:XdQuantityType/xdquantity-value,
XdQuantity,c04foj0elc9jj3wwpfayek7i,Did SP have episode of hay fever/past yr,NHANES 2017-2018: Did SP have episode of hay fever/past yr,True,True,2026-03-25 14:33:14.985660+00:00,twcook@axius-sdc.com,rdfs:isDefinedBy https://schema.org/Episode|rdfs:isDefinedBy https://wwwn.cdc.gov/nchs/nhanes/continuousnhanes/default.aspx?BeginYear=2017|dcterms:subject http://snomed.info/id/84100007,
XdQuantity,bgzw1ozsw7ko8dleo2kj84et,Did you have a CT or CAT scan?,"BRFSS 2022: Have you ever had a CT or CAT scan of your chest area?. Section: Lung Cancer Screening. Note: The next question is about CT or CAT scans of your chest area. During this test, you lie flat on your back and are moved through an open, donut shaped x-ray machine.",True,True,2026-03-25 14:58:08.273651+00:00,twcook@axius-sdc.com,rdfs:isDefinedBy https://www.cdc.gov/brfss/annual_data/annual_2022.html|dcterms:subject http://snomed.info/id/410188000|rdfs:isDefinedBy sdc4:XdQuantityType/xdquantity-value,
XdQuantity,xtnl3nxf1tgn2oti4c8z6uim,Difficulty Concentrating or Remembering,"BRFSS 2022: Because of a physical, mental, or emotional condition, do you have serious difficulty concentrating, remembering, or making decisions?. Section: Disability",True,True,2026-03-25 14:58:07.454098+00:00,twcook@axius-sdc.com,rdfs:isDefinedBy https://www.cdc.gov/brfss/annual_data/annual_2022.html|dcterms:subject http://snomed.info/id/410188000|rdfs:isDefinedBy sdc4:XdQuantityType/xdquantity-value,
XdQuantity,p6c2yu5i7r83gyz457oa715i,Difficulty Doing Errands Alone,"BRFSS 2022: Because of a physical, mental, or emotional condition, do you have difficulty doing errands alone such as visiting a doctor´s office or shopping?. Section: Disability",True,True,2026-03-25 14:58:07.521694+00:00,twcook@axius-sdc.com,rdfs:isDefinedBy https://www.cdc.gov/brfss/annual_data/annual_2022.html|dcterms:subject http://snomed.info/id/410188000|rdfs:isDefinedBy sdc4:XdQuantityType/xdquantity-value,
XdQuantity,atjmbnb7enj3ezrw35bq19la,Difficulty Dressing or Bathing,BRFSS 2022: Do you have difficulty dressing or bathing?. Section: Disability,True,True,2026-03-25 14:58:07.632775+00:00,twcook@axius-sdc.com,rdfs:isDefinedBy https://www.cdc.gov/brfss/annual_data/annual_2022.html|dcterms:subject http://snomed.info/id/410188000|rdfs:isDefinedBy sdc4:XdQuantityType/xdquantity-value,
XdQuantity,ogrr75s07d4llfrqknxa8jqm,Difficulty getting in and out of bed,NHANES 2017-2018: Difficulty getting in and out of bed,True,True,2026-03-25 14:39:35.868724+00:00,twcook@axius-sdc.com,rdfs:isDefinedBy https://www.wikidata.org/wiki/Q73805606|rdfs:isDefinedBy https://wwwn.cdc.gov/nchs/nhanes/continuousnhanes/default.aspx?BeginYear=2017|dcterms:subject http://snomed.info/id/301857004,
XdQuantity,dmvg7kngcmfzdqk0ld5hg1fz,"Difficulty stooping, crouching, kneeling","NHANES 2017-2018: Difficulty stooping, crouching, kneeling",True,True,2026-03-25 14:39:35.604743+00:00,twcook@axius-sdc.com,rdfs:isDefinedBy https://wwwn.cdc.gov/nchs/nhanes/continuousnhanes/default.aspx?BeginYear=2017|dcterms:subject http://snomed.info/id/301857004|rdfs:isDefinedBy sdc4:XdQuantityType/xdquantity-value,
XdQuantity,c14mic61hsut34p7abm5yd5z,"Difficulty using fork, knife, cup","NHANES 2017-2018: Difficulty using fork, knife, cup",True,True,2026-03-25 14:39:35.751116+00:00,twcook@axius-sdc.com,rdfs:isDefinedBy https://www.wikidata.org/wiki/Q37244291|rdfs:isDefinedBy https://wwwn.cdc.gov/nchs/nhanes/continuousnhanes/default.aspx?BeginYear=2017|dcterms:subject http://snomed.info/id/301857004,
XdQuantity,p8hes9hfkvdt5hfa627w2flq,Difficulty walking for a quarter mile,NHANES 2017-2018: Difficulty walking for a quarter mile,True,True,2026-03-25 14:39:36.400139+00:00,twcook@axius-sdc.com,rdfs:isDefinedBy https://www.wikidata.org/wiki/Q3317681|rdfs:isDefinedBy https://wwwn.cdc.gov/nchs/nhanes/continuousnhanes/default.aspx?BeginYear=2017|dcterms:subject http://snomed.info/id/301857004,
XdQuantity,gckmyw76rajyu07wfb0egm00,Difficulty Walking or Climbing Stairs,BRFSS 2022: Do you have serious difficulty walking or climbing stairs?. Section: Disability,True,True,2026-03-25 14:58:07.417468+00:00,twcook@axius-sdc.com,rdfs:isDefinedBy https://www.cdc.gov/brfss/annual_data/annual_2022.html|dcterms:subject http://snomed.info/id/410188000|rdfs:isDefinedBy sdc4:XdQuantityType/xdquantity-value,
XdQuantity,g37cjo5qydixzk1l4rlt5nrl,Do Any High Risk Situations Apply,"BRFSS 2022: I am going to read you a list. When I am done, please tell me if any of the situations apply to you. You do not need to tell me which one. You have injected any drug other than those prescribed for you in the past year. You have been treated for a sexually transmitted disease or STD in the past year. You have given or received money or drugs in exchange for sex in the past year.. Section: HIV/AIDS",True,True,2026-03-25 14:58:08.549657+00:00,twcook@axius-sdc.com,rdfs:isDefinedBy https://www.cdc.gov/brfss/annual_data/annual_2022.html|dcterms:subject http://snomed.info/id/410188000|rdfs:isDefinedBy sdc4:XdQuantityType/xdquantity-value,
XdQuantity,bh3k4thlbw3uua3ey9pkiyoy,Doctor ever said you had arthritis,NHANES 2017-2018: Doctor ever said you had arthritis,True,True,2026-03-25 14:33:15.379851+00:00,twcook@axius-sdc.com,rdfs:isDefinedBy http://semanticscience.org/resource/SIO_000394|rdfs:isDefinedBy https://wwwn.cdc.gov/nchs/nhanes/continuousnhanes/default.aspx?BeginYear=2017|skos:closeMatch http://snomed.info/id/3723001|dcterms:subject http://snomed.info/id/84100007,
XdQuantity,h7knx3vohbwnsdn3yg9b1ipv,Doctor ever said you were overweight,NHANES 2017-2018: Doctor ever said you were overweight,True,True,2026-03-25 14:33:15.439484+00:00,twcook@axius-sdc.com,rdfs:isDefinedBy http://semanticscience.org/resource/SIO_000394|rdfs:isDefinedBy https://wwwn.cdc.gov/nchs/nhanes/continuousnhanes/default.aspx?BeginYear=2017|dcterms:subject http://snomed.info/id/84100007,
XdQuantity,xxd7w47rl9nzaaogs3xt7nrj,Doctor ever told you that you had gout?,NHANES 2017-2018: Doctor ever told you that you had gout?,True,True,2026-03-25 14:33:15.484388+00:00,twcook@axius-sdc.com,rdfs:isDefinedBy https://www.wikidata.org/wiki/Q133087|rdfs:isDefinedBy https://wwwn.cdc.gov/nchs/nhanes/continuousnhanes/default.aspx?BeginYear=2017|dcterms:subject http://snomed.info/id/84100007,
XdQuantity,gkvuvz1srh222s9sq3rchxbc,Doctor told you to control/lose weight,NHANES 2017-2018: Doctor told you to control/lose weight,True,True,2026-03-25 14:33:16.446710+00:00,twcook@axius-sdc.com,rdfs:isDefinedBy https://wwwn.cdc.gov/nchs/nhanes/continuousnhanes/default.aspx?BeginYear=2017|dcterms:subject http://snomed.info/id/84100007|rdfs:isDefinedBy https://schema.org/weight,
XdQuantity,wbbb13h1xvqfsw4fa87qvw4e,Doctor told you to reduce fat/calories,NHANES 2017-2018: Doctor told you to reduce fat/calories,True,True,2026-03-25 14:33:16.397677+00:00,twcook@axius-sdc.com,rdfs:isDefinedBy http://semanticscience.org/resource/SIO_000394|rdfs:isDefinedBy https://wwwn.cdc.gov/nchs/nhanes/continuousnhanes/default.aspx?BeginYear=2017|dcterms:subject http://snomed.info/id/84100007,
XdQuantity,o7y1emu01gkdu199klw5wy7w,Doctor told you to reduce salt in diet,NHANES 2017-2018: Doctor told you to reduce salt in diet,True,True,2026-03-25 14:33:16.385285+00:00,twcook@axius-sdc.com,rdfs:isDefinedBy https://schema.org/diet|rdfs:isDefinedBy https://wwwn.cdc.gov/nchs/nhanes/continuousnhanes/default.aspx?BeginYear=2017|dcterms:subject http://snomed.info/id/84100007,
XdQuantity,o4uh1ylklzqyc5cp5dop7c1b,Do you now smoke cigarettes?,NHANES 2017-2018: Do you now smoke cigarettes?,True,True,2026-03-25 14:37:38.863443+00:00,twcook@axius-sdc.com,rdfs:isDefinedBy https://www.wikidata.org/wiki/Q40328471|skos:exactMatch https://loinc.org/72166-2|rdfs:isDefinedBy https://wwwn.cdc.gov/nchs/nhanes/continuousnhanes/default.aspx?BeginYear=2017|dcterms:subject http://snomed.info/id/365981007,
XdQuantity,pznq8hl57e58m5prvqzt3a4e,"Do you now use e-cigarettes, or vaping products every day, some days, or not at all?","BRFSS 2022: Would you say you have never used e-cigarettes or other electronic vaping products in your entire life or now use them every day, use them some days, or used them in the past but do not currently use them at all?. Section: Tobacco Use",True,True,2026-03-25 14:58:08.150036+00:00,twcook@axius-sdc.com,rdfs:isDefinedBy https://www.cdc.gov/brfss/annual_data/annual_2022.html|dcterms:subject http://snomed.info/id/410188000|rdfs:isDefinedBy sdc4:XdQuantityType/xdquantity-value,
XdQuantity,ud7ar862l8g6skfjhmmfsslk,Do you still have chronic bronchitis,NHANES 2017-2018: Do you still have chronic bronchitis,True,True,2026-03-25 14:33:15.969646+00:00,twcook@axius-sdc.com,rdfs:isDefinedBy https://wwwn.cdc.gov/nchs/nhanes/continuousnhanes/default.aspx?BeginYear=2017|dcterms:subject http://snomed.info/id/84100007|rdfs:isDefinedBy sdc4:XdQuantityType/xdquantity-value,
XdQuantity,mk5or7lkflhmwtfw2c8awloa,Do you still have thyroid problem,NHANES 2017-2018: Do you still have thyroid problem,True,True,2026-03-25 14:33:15.845605+00:00,twcook@axius-sdc.com,rdfs:isDefinedBy https://wwwn.cdc.gov/nchs/nhanes/continuousnhanes/default.aspx?BeginYear=2017|dcterms:subject http://snomed.info/id/84100007|rdfs:isDefinedBy sdc4:XdQuantityType/xdquantity-value,
XdQuantity,a5nf6bbaoacrxtjs8ojygred,Drink any alcoholic beverages in past 30 days,BRFSS 2022: Adults who reported having had at least one drink of alcohol in the past 30 days.. Section: Calculated Variables,True,True,2026-03-25 14:58:10.894907+00:00,twcook@axius-sdc.com,rdfs:isDefinedBy https://www.cdc.gov/brfss/annual_data/annual_2022.html|skos:closeMatch http://snomed.info/id/160573003|dcterms:subject http://snomed.info/id/410188000|rdfs:isDefinedBy sdc4:XdQuantityType/xdquantity-value,
XdQuantity,v3429yglabpkx6l11pta0ow3,Dual Phone Use Categories,BRFSS 2022: Dual Phone Use Categories. Section: Weighting Variables,True,True,2026-03-25 14:58:10.034104+00:00,twcook@axius-sdc.com,rdfs:isDefinedBy https://www.cdc.gov/brfss/annual_data/annual_2022.html|dcterms:subject http://snomed.info/id/410188000|rdfs:isDefinedBy sdc4:XdQuantityType/xdquantity-value,
XdQuantity,djohuxibiz3ad3bx2raeva9j,Dual Phone Use Correction Factor,BRFSS 2022: Dual phone use correction factor. Section: Weighting Variables,True,True,2026-03-25 14:58:09.916883+00:00,twcook@axius-sdc.com,rdfs:isDefinedBy https://www.cdc.gov/brfss/annual_data/annual_2022.html|dcterms:subject http://snomed.info/id/410188000|rdfs:isDefinedBy sdc4:XdQuantityType/xdquantity-value,
XdQuantity,qj6h9lhm4ja3at6c8jjkihxu,During the past 12 months have you received food stamps,"BRFSS 2022: During the past 12 months, have you received food stamps, also called SNAP, the Supplemental Nutrition Assistance Program on an EBT card?. Section: Social Determinants and Health Equity",True,True,2026-03-25 14:58:09.479969+00:00,twcook@axius-sdc.com,rdfs:isDefinedBy https://www.cdc.gov/brfss/annual_data/annual_2022.html|dcterms:subject http://snomed.info/id/410188000|rdfs:isDefinedBy sdc4:XdQuantityType/xdquantity-value,
XdQuantity,qhvdor5a6czxn7qlghmdxnfg,Education Level,BRFSS 2022: What is the highest grade or year of school you completed?. Section: Demographics,True,True,2026-03-25 14:58:07.329343+00:00,twcook@axius-sdc.com,rdfs:isDefinedBy https://www.cdc.gov/brfss/annual_data/annual_2022.html|dcterms:subject http://snomed.info/id/410188000|rdfs:isDefinedBy sdc4:XdQuantityType/xdquantity-value,
XdQuantity,qi6kznmkez6177vq1c4b152v,Eosinophils number (1000 cells/uL),NHANES 2017-2018: Eosinophils number (1000 cells/uL),True,True,2026-03-25 14:26:23.242398+00:00,twcook@axius-sdc.com,rdfs:isDefinedBy https://www.wikidata.org/wiki/Q505142|skos:exactMatch https://loinc.org/711-2|rdfs:isDefinedBy https://wwwn.cdc.gov/nchs/nhanes/continuousnhanes/default.aspx?BeginYear=2017|dcterms:subject http://snomed.info/id/26604007,
XdQuantity,yrhg051q6nfnrs3twfyqu30h,Ever been tested for HIV calculated variable,BRFSS 2022: Adults who have ever been tested for HIV. Section: Calculated Variables,True,True,2026-03-25 14:58:10.958118+00:00,twcook@axius-sdc.com,rdfs:isDefinedBy https://www.cdc.gov/brfss/annual_data/annual_2022.html|dcterms:subject http://snomed.info/id/410188000|rdfs:isDefinedBy sdc4:XdQuantityType/xdquantity-value,
XdQuantity,gkj6hhetsarx0eey84e5iwsk,Ever been told you have asthma,NHANES 2017-2018: Ever been told you have asthma,True,True,2026-03-25 14:33:14.933184+00:00,twcook@axius-sdc.com,rdfs:isDefinedBy https://wwwn.cdc.gov/nchs/nhanes/continuousnhanes/default.aspx?BeginYear=2017|skos:closeMatch http://snomed.info/id/195967001|dcterms:subject http://snomed.info/id/84100007|rdfs:isDefinedBy sdc4:XdQuantityType/xdquantity-value,
XdQuantity,gh6dvpom7v6hwren4ntwxu3h,Ever been told you have jaundice?,NHANES 2017-2018: Ever been told you have jaundice?,True,True,2026-03-25 14:33:16.103090+00:00,twcook@axius-sdc.com,rdfs:isDefinedBy https://wwwn.cdc.gov/nchs/nhanes/continuousnhanes/default.aspx?BeginYear=2017|dcterms:subject http://snomed.info/id/84100007|rdfs:isDefinedBy sdc4:XdQuantityType/xdquantity-value,
XdQuantity,bb2of5otgbfqpxlm398kcmfi,Ever Diagnosed with Angina or Coronary Heart Disease,BRFSS 2022: (Ever told) (you had) angina or coronary heart disease?. Section: Chronic Health Conditions,True,True,2026-03-25 14:58:05.648490+00:00,twcook@axius-sdc.com,rdfs:isDefinedBy https://www.cdc.gov/brfss/annual_data/annual_2022.html|dcterms:subject http://snomed.info/id/410188000|skos:closeMatch http://snomed.info/id/53741008|rdfs:isDefinedBy sdc4:XdQuantityType/xdquantity-value,
XdQuantity,w7ftbfaufocbfwlk73i5tag1,Ever Diagnosed with a Stroke,BRFSS 2022: (Ever told) (you had) a stroke.. Section: Chronic Health Conditions,True,True,2026-03-25 14:58:05.859736+00:00,twcook@axius-sdc.com,rdfs:isDefinedBy https://www.cdc.gov/brfss/annual_data/annual_2022.html|dcterms:subject http://snomed.info/id/410188000|skos:closeMatch http://snomed.info/id/230690007|rdfs:isDefinedBy sdc4:XdQuantityType/xdquantity-value,
XdQuantity,phej7keynj8cqytljcaz2csk,Ever Diagnosed with Heart Attack,"BRFSS 2022: (Ever told) you had a heart attack, also called a myocardial infarction?. Section: Chronic Health Conditions",True,True,2026-03-25 14:58:05.737995+00:00,twcook@axius-sdc.com,rdfs:isDefinedBy https://www.cdc.gov/brfss/annual_data/annual_2022.html|dcterms:subject http://snomed.info/id/410188000|skos:closeMatch http://snomed.info/id/22298006|rdfs:isDefinedBy sdc4:XdQuantityType/xdquantity-value,
XdQuantity,io0wxk0uhlqbm7k9vvjgqwu5,"Ever had a colonoscopy, sigmoidoscopy, or both","BRFSS 2022: Have you had a colonoscopy, a sigmoidoscopy, or both?. Section: Colorectal Cancer Screening",True,True,2026-03-25 14:58:07.850233+00:00,twcook@axius-sdc.com,rdfs:isDefinedBy https://www.cdc.gov/brfss/annual_data/annual_2022.html|dcterms:subject http://snomed.info/id/410188000|rdfs:isDefinedBy sdc4:XdQuantityType/xdquantity-value,
XdQuantity,on1zikxcq357wlzqu7jz2w8k,Ever had any other kind of test for colorectal cancer,"BRFSS 2022: Have you ever had any other kind of test for colorectal cancer, such as virtual colonoscopy, CT colonography, blood stool test, FIT DNA, or Cologuard test?. Section: Colorectal Cancer Screening",True,True,2026-03-25 14:58:07.830270+00:00,twcook@axius-sdc.com,rdfs:isDefinedBy https://www.cdc.gov/brfss/annual_data/annual_2022.html|dcterms:subject http://snomed.info/id/410188000|rdfs:isDefinedBy sdc4:XdQuantityType/xdquantity-value,
XdQuantity,fd8s7ljndmrrnefl5ec984df,Ever had a virtual colonoscopy,BRFSS 2022: A virtual colonoscopy uses a series of X-rays to take pictures of inside the colon. Have you ever had a virtual colonoscopy?. Section: Colorectal Cancer Screening,True,True,2026-03-25 14:58:07.998307+00:00,twcook@axius-sdc.com,rdfs:isDefinedBy https://www.cdc.gov/brfss/annual_data/annual_2022.html|dcterms:subject http://snomed.info/id/410188000|rdfs:isDefinedBy sdc4:XdQuantityType/xdquantity-value,
XdQuantity,gdtjhraa20wmp8in044slrha,Ever had CHD or MI,BRFSS 2022: Respondents that have ever reported having coronary heart disease (CHD) or myocardial infarction (MI). Section: Calculated Variables,True,True,2026-03-25 14:58:10.237589+00:00,twcook@axius-sdc.com,rdfs:isDefinedBy https://www.cdc.gov/brfss/annual_data/annual_2022.html|dcterms:subject http://snomed.info/id/410188000|rdfs:isDefinedBy sdc4:XdQuantityType/xdquantity-value,
XdQuantity,exoum8jtqng002yhw7tacvwt,Ever had gallbladder surgery?,NHANES 2017-2018: Ever had gallbladder surgery?,True,True,2026-03-25 14:33:16.060687+00:00,twcook@axius-sdc.com,rdfs:isDefinedBy https://wwwn.cdc.gov/nchs/nhanes/continuousnhanes/default.aspx?BeginYear=2017|dcterms:subject http://snomed.info/id/84100007|rdfs:isDefinedBy sdc4:XdQuantityType/xdquantity-value,
XdQuantity,uj9pw0hp2e7b211e4m7d5v9j,Ever Had Sigmoidoscopy/Colonoscopy,BRFSS 2022: Colonoscopy and sigmoidoscopy are exams to check for colon cancer. Have you ever had either of these exams?. Section: Colorectal Cancer Screening,True,True,2026-03-25 14:58:07.604440+00:00,twcook@axius-sdc.com,rdfs:isDefinedBy https://www.cdc.gov/brfss/annual_data/annual_2022.html|dcterms:subject http://snomed.info/id/410188000|rdfs:isDefinedBy sdc4:XdQuantityType/xdquantity-value,
XdQuantity,j4odq2u3jmfnrv8l8ptg9q12,Ever had stool DNA test?,BRFSS 2022: Another stool test uses a special kit to obtain an entire bowel movement at home and returns the kit to a lab. Have you ever had this test?. Section: Colorectal Cancer Screening,True,True,2026-03-25 14:58:07.987119+00:00,twcook@axius-sdc.com,rdfs:isDefinedBy https://www.cdc.gov/brfss/annual_data/annual_2022.html|dcterms:subject http://snomed.info/id/410188000|rdfs:isDefinedBy sdc4:XdQuantityType/xdquantity-value,
XdQuantity,hdff20h32rfdo4s0zhjqz3uu,Ever had stool test?,BRFSS 2022: One stool test uses a special kit to obtain a small amount of stool at home and returns the kit to the doctor or the lab. Have you ever had this test?. Section: Colorectal Cancer Screening,True,True,2026-03-25 14:58:07.930490+00:00,twcook@axius-sdc.com,rdfs:isDefinedBy https://www.cdc.gov/brfss/annual_data/annual_2022.html|dcterms:subject http://snomed.info/id/410188000|rdfs:isDefinedBy sdc4:XdQuantityType/xdquantity-value,
XdQuantity,cnvv7fp76n6cowod6dtctl7d,Ever seen a DR about this pain,NHANES 2017-2018: Ever seen a DR about this pain,True,True,2026-03-25 14:33:16.073403+00:00,twcook@axius-sdc.com,rdfs:isDefinedBy https://schema.org/about|rdfs:isDefinedBy https://wwwn.cdc.gov/nchs/nhanes/continuousnhanes/default.aspx?BeginYear=2017|dcterms:subject http://snomed.info/id/84100007,
XdQuantity,rrb6q4yguqkpvj1r80srl0fh,Ever smoked a cigar even 1 time?,NHANES 2017-2018: Ever smoked a cigar even 1 time?,True,True,2026-03-25 14:37:39.209687+00:00,twcook@axius-sdc.com,rdfs:isDefinedBy https://www.wikidata.org/wiki/Q67433481|rdfs:isDefinedBy https://wwwn.cdc.gov/nchs/nhanes/continuousnhanes/default.aspx?BeginYear=2017|dcterms:subject http://snomed.info/id/365981007,
XdQuantity,rk682jah866qqd7qvf9497ik,Ever tested H.I.V.,"BRFSS 2022: Including fluid testing from your mouth, but not including tests you may have had for blood donation, have you ever been tested for H.I.V?. Section: HIV/AIDS",True,True,2026-03-25 14:58:08.531580+00:00,twcook@axius-sdc.com,rdfs:isDefinedBy https://www.cdc.gov/brfss/annual_data/annual_2022.html|dcterms:subject http://snomed.info/id/410188000|rdfs:isDefinedBy sdc4:XdQuantityType/xdquantity-value,
XdQuantity,ifk006im6086n6wi7i6s7iiv,Ever Told Had Asthma,BRFSS 2022: (Ever told) (you had) asthma?. Section: Chronic Health Conditions,True,True,2026-03-25 14:58:05.753133+00:00,twcook@axius-sdc.com,rdfs:isDefinedBy https://www.cdc.gov/brfss/annual_data/annual_2022.html|skos:closeMatch http://snomed.info/id/195967001|dcterms:subject http://snomed.info/id/410188000|rdfs:isDefinedBy sdc4:XdQuantityType/xdquantity-value,
XdQuantity,feldjyvk490va939oagmvzzn,(Ever told) you had a depressive disorder,"BRFSS 2022: (Ever told) (you had) a depressive disorder (including depression, major depression, dysthymia, or minor depression)?. Section: Chronic Health Conditions",True,True,2026-03-25 14:58:06.061477+00:00,twcook@axius-sdc.com,rdfs:isDefinedBy https://www.cdc.gov/brfss/annual_data/annual_2022.html|dcterms:subject http://snomed.info/id/410188000|skos:closeMatch http://snomed.info/id/35489007|rdfs:isDefinedBy sdc4:XdQuantityType/xdquantity-value,
XdQuantity,ziv2bv9sc0pwnweokf7y95mv,Ever told you had angina/angina pectoris,NHANES 2017-2018: Ever told you had angina/angina pectoris,True,True,2026-03-25 14:33:15.428128+00:00,twcook@axius-sdc.com,rdfs:isDefinedBy https://wwwn.cdc.gov/nchs/nhanes/continuousnhanes/default.aspx?BeginYear=2017|dcterms:subject http://snomed.info/id/84100007|rdfs:isDefinedBy sdc4:XdQuantityType/xdquantity-value,
XdQuantity,zsc2ub0twvnb2zxttofyuj2i,Ever told you had a stroke,NHANES 2017-2018: Ever told you had a stroke,True,True,2026-03-25 14:33:15.914718+00:00,twcook@axius-sdc.com,rdfs:isDefinedBy https://wwwn.cdc.gov/nchs/nhanes/continuousnhanes/default.aspx?BeginYear=2017|dcterms:subject http://snomed.info/id/84100007|skos:closeMatch http://snomed.info/id/230690007|rdfs:isDefinedBy sdc4:XdQuantityType/xdquantity-value,
XdQuantity,bsnrpcsygyutm8g0xd5p3auu,Ever told you had cancer or malignancy,NHANES 2017-2018: Ever told you had cancer or malignancy,True,True,2026-03-25 14:33:16.368197+00:00,twcook@axius-sdc.com,rdfs:isDefinedBy https://wwwn.cdc.gov/nchs/nhanes/continuousnhanes/default.aspx?BeginYear=2017|dcterms:subject http://snomed.info/id/84100007|skos:closeMatch http://snomed.info/id/363346000|rdfs:isDefinedBy sdc4:XdQuantityType/xdquantity-value,
XdQuantity,u39l5jsnxdcx5vk0mi6pc1mv,Ever told you had chronic bronchitis,NHANES 2017-2018: Ever told you had chronic bronchitis,True,True,2026-03-25 14:33:16.034341+00:00,twcook@axius-sdc.com,rdfs:isDefinedBy https://wwwn.cdc.gov/nchs/nhanes/continuousnhanes/default.aspx?BeginYear=2017|dcterms:subject http://snomed.info/id/84100007|rdfs:isDefinedBy sdc4:XdQuantityType/xdquantity-value,
XdQuantity,o1gpi9b6hb6dqs3wbgh2thq3,Ever told you had COPD?,NHANES 2017-2018: Ever told you had COPD?,True,True,2026-03-25 14:33:16.018742+00:00,twcook@axius-sdc.com,rdfs:isDefinedBy https://wwwn.cdc.gov/nchs/nhanes/continuousnhanes/default.aspx?BeginYear=2017|dcterms:subject http://snomed.info/id/84100007|rdfs:isDefinedBy sdc4:XdQuantityType/xdquantity-value,
XdQuantity,s30mti073f3ucx56ncwd85x1,Ever told you had C.O.P.D. emphysema or chronic bronchitis?,"BRFSS 2022: (Ever told) (you had) C.O.P.D. (chronic obstructive pulmonary disease), emphysema or chronic bronchitis?. Section: Chronic Health Conditions",True,True,2026-03-25 14:58:05.955223+00:00,twcook@axius-sdc.com,rdfs:isDefinedBy https://www.cdc.gov/brfss/annual_data/annual_2022.html|dcterms:subject http://snomed.info/id/410188000|skos:closeMatch http://snomed.info/id/13645005|rdfs:isDefinedBy sdc4:XdQuantityType/xdquantity-value,
XdQuantity,sehfjb0wzq30j05e2t8lrbsm,Ever told you had coronary heart disease,NHANES 2017-2018: Ever told you had coronary heart disease,True,True,2026-03-25 14:33:15.455432+00:00,twcook@axius-sdc.com,rdfs:isDefinedBy http://semanticscience.org/resource/SIO_010299|rdfs:isDefinedBy https://wwwn.cdc.gov/nchs/nhanes/continuousnhanes/default.aspx?BeginYear=2017|skos:closeMatch http://snomed.info/id/53741008|dcterms:subject http://snomed.info/id/84100007,
XdQuantity,jiknuhzx99z17zd7dxfg8bte,(Ever told) you had diabetes,"BRFSS 2022: (Ever told) (you had) diabetes? (If ´Yes´ and respondent is female, ask ´Was this only when you were pregnant?´. If Respondent says pre-diabetes or borderline diabetes, use response code 4.). Section: Chronic Health Conditions",True,True,2026-03-25 14:58:06.119190+00:00,twcook@axius-sdc.com,rdfs:isDefinedBy https://www.cdc.gov/brfss/annual_data/annual_2022.html|dcterms:subject http://snomed.info/id/410188000|skos:closeMatch http://snomed.info/id/73211009|rdfs:isDefinedBy sdc4:XdQuantityType/xdquantity-value,
XdQuantity,sgl1qdv7rprbypcsrd4mf37t,Ever told you had emphysema,NHANES 2017-2018: Ever told you had emphysema,True,True,2026-03-25 14:33:15.886771+00:00,twcook@axius-sdc.com,rdfs:isDefinedBy https://wwwn.cdc.gov/nchs/nhanes/continuousnhanes/default.aspx?BeginYear=2017|dcterms:subject http://snomed.info/id/84100007|rdfs:isDefinedBy sdc4:XdQuantityType/xdquantity-value,
XdQuantity,ghisv54gz9oaoebv942gtpu2,(Ever told) (you had) melanoma or any other types of cancer?,BRFSS 2022: (Ever told) (you had) melanoma or any other types of cancer?. Section: Chronic Health Conditions,True,True,2026-03-25 14:58:06.034736+00:00,twcook@axius-sdc.com,rdfs:isDefinedBy https://www.cdc.gov/brfss/annual_data/annual_2022.html|dcterms:subject http://snomed.info/id/410188000|rdfs:isDefinedBy sdc4:XdQuantityType/xdquantity-value,
XdQuantity,hs8jfn9pwbza3hxi2stwi4sq,(Ever told) (you had) skin cancer that is not melanoma?,BRFSS 2022: (Ever told) (you had) skin cancer that is not melanoma?. Section: Chronic Health Conditions,True,True,2026-03-25 14:58:05.823518+00:00,twcook@axius-sdc.com,rdfs:isDefinedBy https://www.cdc.gov/brfss/annual_data/annual_2022.html|dcterms:subject http://snomed.info/id/410188000|rdfs:isDefinedBy sdc4:XdQuantityType/xdquantity-value,
XdQuantity,vl5uwdar7dbfyuz9yiu7usym,Ever told you had thyroid problem,NHANES 2017-2018: Ever told you had thyroid problem,True,True,2026-03-25 14:33:15.727385+00:00,twcook@axius-sdc.com,rdfs:isDefinedBy https://wwwn.cdc.gov/nchs/nhanes/continuousnhanes/default.aspx?BeginYear=2017|dcterms:subject http://snomed.info/id/84100007|rdfs:isDefinedBy sdc4:XdQuantityType/xdquantity-value,
XdQuantity,l351s47nr7rw9037dcs1lij8,Ever told you have kidney disease?,"BRFSS 2022: Not including kidney stones, bladder infection or incontinence, were you ever told you had kidney disease?. Section: Chronic Health Conditions",True,True,2026-03-25 14:58:06.194400+00:00,twcook@axius-sdc.com,rdfs:isDefinedBy https://www.cdc.gov/brfss/annual_data/annual_2022.html|dcterms:subject http://snomed.info/id/410188000|skos:closeMatch http://snomed.info/id/709044004|rdfs:isDefinedBy sdc4:XdQuantityType/xdquantity-value,
XdQuantity,n23lq365jruukvujqc14uo5f,Ever used an e-cigarette?,NHANES 2017-2018: Ever used an e-cigarette?,True,True,2026-03-25 14:37:39.220604+00:00,twcook@axius-sdc.com,rdfs:isDefinedBy https://wwwn.cdc.gov/nchs/nhanes/continuousnhanes/default.aspx?BeginYear=2017|dcterms:subject http://snomed.info/id/365981007|rdfs:isDefinedBy sdc4:XdQuantityType/xdquantity-value,
XdQuantity,ycsqkgp5t2l0jgjftd032vn0,Ever used smokeless tobacco?,NHANES 2017-2018: Ever used smokeless tobacco?,True,True,2026-03-25 14:37:39.336204+00:00,twcook@axius-sdc.com,rdfs:isDefinedBy https://wwwn.cdc.gov/nchs/nhanes/continuousnhanes/default.aspx?BeginYear=2017|dcterms:subject http://snomed.info/id/365981007|rdfs:isDefinedBy sdc4:XdQuantityType/xdquantity-value,
XdQuantity,y5g474udodkx9e0zg2nj85q8,Exercise in Past 30 Days,"BRFSS 2022: During the past month, other than your regular job, did you participate in any physical activities or exercises such as running, calisthenics, golf, gardening, or walking for exercise?. Section: Exercise",True,True,2026-03-25 14:58:05.522839+00:00,twcook@axius-sdc.com,rdfs:isDefinedBy https://www.cdc.gov/brfss/annual_data/annual_2022.html|dcterms:subject http://snomed.info/id/410188000|skos:closeMatch http://snomed.info/id/256235009|rdfs:isDefinedBy sdc4:XdQuantityType/xdquantity-value,
XdQuantity,tnbztxh7idmvpsk3kyrrnqlg,Experience confusion/memory problems,NHANES 2017-2018: Experience confusion/memory problems,True,True,2026-03-25 14:39:35.617721+00:00,twcook@axius-sdc.com,rdfs:isDefinedBy https://www.wikidata.org/wiki/Q57859955|rdfs:isDefinedBy https://wwwn.cdc.gov/nchs/nhanes/continuousnhanes/default.aspx?BeginYear=2017|dcterms:subject http://snomed.info/id/301857004,
XdQuantity,xeyd57z8vdsz3zl223q0drft,File Month,BRFSS 2022: File Month. Section: Record Identification,True,True,2026-03-25 14:58:01.343670+00:00,twcook@axius-sdc.com,rdfs:isDefinedBy https://www.cdc.gov/brfss/annual_data/annual_2022.html|dcterms:subject http://snomed.info/id/410188000|rdfs:isDefinedBy sdc4:XdQuantityType/xdquantity-value,
XdQuantity,oizhhs620vvdzwodp6k5ehll,Final child weight: Land-line and Cell-Phone data,BRFSS 2022: Final child weight: Land-line and Cell-Phone data (Raking derived weight). Section: Child Weighting Variables,True,True,2026-03-25 14:58:09.829868+00:00,twcook@axius-sdc.com,rdfs:isDefinedBy https://www.cdc.gov/brfss/annual_data/annual_2022.html|dcterms:subject http://snomed.info/id/410188000|rdfs:isDefinedBy sdc4:XdQuantityType/xdquantity-value,
XdQuantity,xio8bzoppq4ie1ncftamv3ed,Final Disposition,BRFSS 2022: Final Disposition. Section: Record Identification,True,True,2026-03-25 14:58:03.533990+00:00,twcook@axius-sdc.com,rdfs:isDefinedBy https://www.cdc.gov/brfss/annual_data/annual_2022.html|dcterms:subject http://snomed.info/id/410188000|rdfs:isDefinedBy sdc4:XdQuantityType/xdquantity-value,
XdQuantity,jpn4h8qzwyd57odeudt8lj83,Final weight: Land-line and cell-phone data,BRFSS 2022: Final weight assigned to each respondent: Land-line and cell-phone data (Raking derived weight). Section: Weighting Variables,True,True,2026-03-25 14:58:09.928812+00:00,twcook@axius-sdc.com,rdfs:isDefinedBy https://www.cdc.gov/brfss/annual_data/annual_2022.html|dcterms:subject http://snomed.info/id/410188000|rdfs:isDefinedBy sdc4:XdQuantityType/xdquantity-value,
XdQuantity,gfrjga0idq84o1avaz8fi1ze,Flu Shot Calculated Variable,BRFSS 2022: Adults aged 65+ who have had a flu shot within the past year. Section: Calculated Variables,True,True,2026-03-25 14:58:10.931563+00:00,twcook@axius-sdc.com,rdfs:isDefinedBy https://www.cdc.gov/brfss/annual_data/annual_2022.html|dcterms:subject http://snomed.info/id/410188000|rdfs:isDefinedBy sdc4:XdQuantityType/xdquantity-value,
XdQuantity,plpqk85z1v2i3ecnrs33cuup,Four level child age,BRFSS 2022: Four level child age. Section: Child Weighting Variables,True,True,2026-03-25 14:58:09.873438+00:00,twcook@axius-sdc.com,rdfs:isDefinedBy https://www.cdc.gov/brfss/annual_data/annual_2022.html|dcterms:subject http://snomed.info/id/410188000|rdfs:isDefinedBy sdc4:XdQuantityType/xdquantity-value,
XdQuantity,alr4urwn3rcnipzbk80lrpuc,Frequency of Days Now Smoking,"BRFSS 2022: Do you now smoke cigarettes every day, some days, or not at all?. Section: Tobacco Use",True,True,2026-03-25 14:58:08.131202+00:00,twcook@axius-sdc.com,rdfs:isDefinedBy https://www.cdc.gov/brfss/annual_data/annual_2022.html|dcterms:subject http://snomed.info/id/410188000|rdfs:isDefinedBy sdc4:XdQuantityType/xdquantity-value,
XdQuantity,fc6kk1vtoplu39hrjvo1ztk5,FTC Carbon Monoxide Content,NHANES 2017-2018: FTC Carbon Monoxide Content,True,True,2026-03-25 14:37:39.134357+00:00,twcook@axius-sdc.com,rdfs:isDefinedBy https://www.wikidata.org/wiki/Q65335837|rdfs:isDefinedBy https://wwwn.cdc.gov/nchs/nhanes/continuousnhanes/default.aspx?BeginYear=2017|dcterms:subject http://snomed.info/id/365981007,
XdQuantity,fifo62l7o3pt7bosit7a0bgw,Gender of child,BRFSS 2022: Is the child a boy or a girl?. Section: Random Child Selection,True,True,2026-03-25 14:58:09.635668+00:00,twcook@axius-sdc.com,rdfs:isDefinedBy https://www.cdc.gov/brfss/annual_data/annual_2022.html|dcterms:subject http://snomed.info/id/410188000|rdfs:isDefinedBy sdc4:XdQuantityType/xdquantity-value,
XdQuantity,serl81fog17gmp4uqzkwv52m,General Health,BRFSS 2022: Would you say that in general your health is:. Section: Health Status,True,True,2026-03-25 14:58:03.771650+00:00,twcook@axius-sdc.com,rdfs:isDefinedBy https://www.cdc.gov/brfss/annual_data/annual_2022.html|skos:closeMatch https://loinc.org/11323-3|dcterms:subject http://snomed.info/id/410188000|rdfs:isDefinedBy sdc4:XdQuantityType/xdquantity-value,
XdQuantity,z3v03y4mwvcq96ubpk9pozgj,Had colonoscopy calculated variable,BRFSS 2022: Had colonoscopy calculated variable. Section: Calculated Variables,True,True,2026-03-25 14:58:10.579578+00:00,twcook@axius-sdc.com,rdfs:isDefinedBy https://www.cdc.gov/brfss/annual_data/annual_2022.html|dcterms:subject http://snomed.info/id/410188000|rdfs:isDefinedBy sdc4:XdQuantityType/xdquantity-value,
XdQuantity,ia9p35rf8bbn1yl6giazg4oj,Had Hysterectomy,BRFSS 2022: Have you had a hysterectomy? (A hysterectomy is an operation to remove the uterus (womb).). Section: Breast and Cervical Cancer Screening,True,True,2026-03-25 14:58:07.717668+00:00,twcook@axius-sdc.com,rdfs:isDefinedBy https://www.cdc.gov/brfss/annual_data/annual_2022.html|dcterms:subject http://snomed.info/id/410188000|rdfs:isDefinedBy sdc4:XdQuantityType/xdquantity-value,
XdQuantity,pz3jc34p13pfyrym55ig6bpl,Had sigmoidoscopy calculated variable,BRFSS 2022: Had sigmoidoscopy calculated variable. Section: Calculated Variables,True,True,2026-03-25 14:58:10.655721+00:00,twcook@axius-sdc.com,rdfs:isDefinedBy https://www.cdc.gov/brfss/annual_data/annual_2022.html|dcterms:subject http://snomed.info/id/410188000|rdfs:isDefinedBy sdc4:XdQuantityType/xdquantity-value,
XdQuantity,gdynzlffx64b6bmb5kf6f053,"Has a lack of reliable transportation kept you from appointments, meetings, work, or getting things needed","BRFSS 2022: During the past 12 months has a lack of reliable transportation kept you from medical appointments, meetings, work, or from getting things needed for daily living?. Section: Social Determinants and Health Equity",True,True,2026-03-25 14:58:09.619827+00:00,twcook@axius-sdc.com,rdfs:isDefinedBy https://www.cdc.gov/brfss/annual_data/annual_2022.html|dcterms:subject http://snomed.info/id/410188000|rdfs:isDefinedBy sdc4:XdQuantityType/xdquantity-value,
XdQuantity,tw43lqq29uazpkt5ic76av2v,Has DR ever said you have gallstones,NHANES 2017-2018: Has DR ever said you have gallstones,True,True,2026-03-25 14:33:16.046107+00:00,twcook@axius-sdc.com,rdfs:isDefinedBy http://www.w3.org/2004/02/skos/core#memberList|rdfs:isDefinedBy https://wwwn.cdc.gov/nchs/nhanes/continuousnhanes/default.aspx?BeginYear=2017|dcterms:subject http://snomed.info/id/84100007,
XdQuantity,um1szqwjbzjpnlthkv0izxyy,Have an 3 month or longer covid symptoms?,BRFSS 2022: Did you have any symptoms lasting 3 months or longer that you did not have prior to having coronavirus or COVID-19?. Section: Long-term COVID Effects,True,True,2026-03-25 14:58:09.432755+00:00,twcook@axius-sdc.com,rdfs:isDefinedBy https://www.cdc.gov/brfss/annual_data/annual_2022.html|dcterms:subject http://snomed.info/id/410188000|rdfs:isDefinedBy sdc4:XdQuantityType/xdquantity-value,
XdQuantity,mpfkqf6h5ravk7ghzxa2s4ct,Have an H.P.V. test and recent cervical cancer screening,"BRFSS 2022: At your most recent cervical cancer screening, did you have an H.P.V. test?. Section: Breast and Cervical Cancer Screening",True,True,2026-03-25 14:58:07.677090+00:00,twcook@axius-sdc.com,rdfs:isDefinedBy https://www.cdc.gov/brfss/annual_data/annual_2022.html|dcterms:subject http://snomed.info/id/410188000|rdfs:isDefinedBy sdc4:XdQuantityType/xdquantity-value,
XdQuantity,al1vnmswlu32qkthyel8kyd2,Have any health insurance,BRFSS 2022: Adults who had some form of health insurance. Section: Calculated Variables,True,True,2026-03-25 14:58:09.983483+00:00,twcook@axius-sdc.com,rdfs:isDefinedBy https://www.cdc.gov/brfss/annual_data/annual_2022.html|dcterms:subject http://snomed.info/id/410188000|rdfs:isDefinedBy sdc4:XdQuantityType/xdquantity-value,
XdQuantity,fsouplgx1gk2f9oj2wtu90a4,Have a PAP test and recent cervical cancer screening,"BRFSS 2022: At your most recent cervical cancer screening, did you have a Pap test?. Section: Breast and Cervical Cancer Screening",True,True,2026-03-25 14:58:07.642636+00:00,twcook@axius-sdc.com,rdfs:isDefinedBy https://www.cdc.gov/brfss/annual_data/annual_2022.html|dcterms:subject http://snomed.info/id/410188000|rdfs:isDefinedBy sdc4:XdQuantityType/xdquantity-value,
XdQuantity,i5k79nga3bgvufo4abn7g6x8,Have Personal Health Care Provider?,BRFSS 2022: Do you have one person or a group of doctors that you think of as your personal health care provider?. Section: Health Care Access,True,True,2026-03-25 14:58:05.453085+00:00,twcook@axius-sdc.com,rdfs:isDefinedBy https://www.cdc.gov/brfss/annual_data/annual_2022.html|dcterms:subject http://snomed.info/id/410188000|rdfs:isDefinedBy sdc4:XdQuantityType/xdquantity-value,
XdQuantity,qoihqusqjneud4esegb3ch6l,Have you ever been told you tested positive for COVID 19?,"BRFSS 2022: Has a doctor, nurse, or other health professional ever told you that you tested positive for COVID 19?. Section: Long-term COVID Effects",True,True,2026-03-25 14:58:09.172456+00:00,twcook@axius-sdc.com,rdfs:isDefinedBy https://www.cdc.gov/brfss/annual_data/annual_2022.html|dcterms:subject http://snomed.info/id/410188000|rdfs:isDefinedBy sdc4:XdQuantityType/xdquantity-value,
XdQuantity,lsctb3hyge22aqs9za3utury,Have you ever had a cervical cancer screening test?,BRFSS 2022: Have you ever had a cervical cancer screening test?. Section: Breast and Cervical Cancer Screening,True,True,2026-03-25 14:58:07.558724+00:00,twcook@axius-sdc.com,rdfs:isDefinedBy https://www.cdc.gov/brfss/annual_data/annual_2022.html|dcterms:subject http://snomed.info/id/410188000|rdfs:isDefinedBy sdc4:XdQuantityType/xdquantity-value,
XdQuantity,uz7r34yzz4sn191mzjs3qk1x,Have You Ever Had a Mammogram,BRFSS 2022: Have you ever had a mammogram?. Section: Breast and Cervical Cancer Screening,True,True,2026-03-25 14:58:07.537899+00:00,twcook@axius-sdc.com,rdfs:isDefinedBy https://www.cdc.gov/brfss/annual_data/annual_2022.html|dcterms:subject http://snomed.info/id/410188000|rdfs:isDefinedBy sdc4:XdQuantityType/xdquantity-value,
XdQuantity,gdmbmll3093yzzrea4uhrumz,Have you lost employment or had hours reduced?,BRFSS 2022: In the past 12 months have you lost employment or had hours reduced?. Section: Social Determinants and Health Equity,True,True,2026-03-25 14:58:09.457130+00:00,twcook@axius-sdc.com,rdfs:isDefinedBy https://www.cdc.gov/brfss/annual_data/annual_2022.html|dcterms:subject http://snomed.info/id/410188000|rdfs:isDefinedBy sdc4:XdQuantityType/xdquantity-value,
XdQuantity,wjqbf6h7xxrgm84zgcz80hgf,Health problem causing difficulty,NHANES 2017-2018: Health problem causing difficulty,True,True,2026-03-25 14:39:36.383900+00:00,twcook@axius-sdc.com,rdfs:isDefinedBy http://semanticscience.org/resource/SIO_001027|rdfs:isDefinedBy https://wwwn.cdc.gov/nchs/nhanes/continuousnhanes/default.aspx?BeginYear=2017|dcterms:subject http://snomed.info/id/301857004,
XdQuantity,uyxgw230nc3hnbz3q2k4bjmy,Health problem causing difficulty,NHANES 2017-2018: Health problem causing difficulty,True,True,2026-03-25 14:39:35.994039+00:00,twcook@axius-sdc.com,rdfs:isDefinedBy https://www.wikidata.org/wiki/Q138254763|rdfs:isDefinedBy https://wwwn.cdc.gov/nchs/nhanes/continuousnhanes/default.aspx?BeginYear=2017|dcterms:subject http://snomed.info/id/301857004,
XdQuantity,c5o7hy1tjt9prja368o8ppbm,Health problem causing difficulty,NHANES 2017-2018: Health problem causing difficulty,True,True,2026-03-25 14:39:36.007785+00:00,twcook@axius-sdc.com,rdfs:isDefinedBy https://www.wikidata.org/wiki/Q12136|rdfs:isDefinedBy https://wwwn.cdc.gov/nchs/nhanes/continuousnhanes/default.aspx?BeginYear=2017|dcterms:subject http://snomed.info/id/301857004,
XdQuantity,niwm5x272g622yobo87ccffz,Health problem causing difficulty,NHANES 2017-2018: Health problem causing difficulty,True,True,2026-03-25 14:39:36.026287+00:00,twcook@axius-sdc.com,rdfs:isDefinedBy https://www.wikidata.org/wiki/Q138254763|rdfs:isDefinedBy https://wwwn.cdc.gov/nchs/nhanes/continuousnhanes/default.aspx?BeginYear=2017|dcterms:subject http://snomed.info/id/301857004,
XdQuantity,h439u2ws4oug8fhv6pxpduuf,Health problem causing difficulty,NHANES 2017-2018: Health problem causing difficulty,True,True,2026-03-25 14:39:36.249979+00:00,twcook@axius-sdc.com,rdfs:isDefinedBy https://www.wikidata.org/wiki/Q2057971|rdfs:isDefinedBy https://wwwn.cdc.gov/nchs/nhanes/continuousnhanes/default.aspx?BeginYear=2017|dcterms:subject http://snomed.info/id/301857004,
XdQuantity,n8rkon326b6y06ob6x9b93o3,Heavy Alcohol Consumption Calculated Variable,BRFSS 2022: Heavy drinkers (adult men having more than 14 drinks per week and adult women having more than 7 drinks per week). Section: Calculated Variables,True,True,2026-03-25 14:58:10.974986+00:00,twcook@axius-sdc.com,rdfs:isDefinedBy https://www.cdc.gov/brfss/annual_data/annual_2022.html|dcterms:subject http://snomed.info/id/410188000|rdfs:isDefinedBy sdc4:XdQuantityType/xdquantity-value,
XdQuantity,da8zt8ihun8371ovlgjooz2l,Hematocrit (%),NHANES 2017-2018: Hematocrit (%),True,True,2026-03-25 14:26:24.183297+00:00,twcook@axius-sdc.com,rdfs:isDefinedBy https://www.wikidata.org/wiki/Q111146|skos:exactMatch https://loinc.org/4544-3|rdfs:isDefinedBy https://wwwn.cdc.gov/nchs/nhanes/continuousnhanes/default.aspx?BeginYear=2017|dcterms:subject http://snomed.info/id/26604007,
XdQuantity,uo8b3vzt0aak21tskp6qkw0w,Hemoglobin (g/dL),NHANES 2017-2018: Hemoglobin (g/dL),True,True,2026-03-25 14:26:23.379838+00:00,twcook@axius-sdc.com,rdfs:isDefinedBy https://www.wikidata.org/wiki/Q15752077|skos:exactMatch https://loinc.org/718-7|rdfs:isDefinedBy https://wwwn.cdc.gov/nchs/nhanes/continuousnhanes/default.aspx?BeginYear=2017|dcterms:subject http://snomed.info/id/26604007|skos:closeMatch http://snomed.info/id/104142005,
XdQuantity,i98893ur39wcpn5vexeg16ar,"Hispanic, Latino/a, or Spanish origin calculated variable","BRFSS 2022: Hispanic, Latino/a, or Spanish origin calculated variable. Section: Calculated Race Variables",True,True,2026-03-25 14:58:10.256245+00:00,twcook@axius-sdc.com,rdfs:isDefinedBy https://www.cdc.gov/brfss/annual_data/annual_2022.html|dcterms:subject http://snomed.info/id/410188000|rdfs:isDefinedBy sdc4:XdQuantityType/xdquantity-value,
XdQuantity,h5d8pkwjz3mqfz4a7kdlvx9d,Hlth pro ever said child has asthma,"BRFSS 2022: Has a doctor, nurse or other health professional EVER said that the child has asthma?. Section: Childhood Asthma Prevalence",True,True,2026-03-25 14:58:09.602701+00:00,twcook@axius-sdc.com,rdfs:isDefinedBy https://www.cdc.gov/brfss/annual_data/annual_2022.html|dcterms:subject http://snomed.info/id/410188000|rdfs:isDefinedBy sdc4:XdQuantityType/xdquantity-value,
XdQuantity,xxzg4tlh9qszedvu9a6foenw,Household Landline Telephones,"BRFSS 2022: Not including cell phones or numbers used for computers, fax machines or security systems, do you have more than one landline telephone number in your household?. Section: Demographics",True,True,2026-03-25 14:58:06.225032+00:00,twcook@axius-sdc.com,rdfs:isDefinedBy https://www.cdc.gov/brfss/annual_data/annual_2022.html|dcterms:subject http://snomed.info/id/410188000|rdfs:isDefinedBy sdc4:XdQuantityType/xdquantity-value,
XdQuantity,ocbj606gsh7twip9dlc0ip7q,How Long since Last Mammogram,BRFSS 2022: How long has it been since you had your last mammogram?. Section: Breast and Cervical Cancer Screening,True,True,2026-03-25 14:58:07.482547+00:00,twcook@axius-sdc.com,rdfs:isDefinedBy https://www.cdc.gov/brfss/annual_data/annual_2022.html|dcterms:subject http://snomed.info/id/410188000|rdfs:isDefinedBy sdc4:XdQuantityType/xdquantity-value,
XdQuantity,ny5cy725wem8v18rrskl2trr,How long since quit smoking cigarettes,NHANES 2017-2018: How long since quit smoking cigarettes,True,True,2026-03-25 14:37:38.927278+00:00,twcook@axius-sdc.com,rdfs:isDefinedBy https://wwwn.cdc.gov/nchs/nhanes/continuousnhanes/default.aspx?BeginYear=2017|dcterms:subject http://snomed.info/id/365981007|rdfs:isDefinedBy http://www.ontology-of-units-of-measure.org/resource/om-2/ton-Long,
XdQuantity,j6h17hgy3mmaloq6gqkwg55m,How long since you had colonoscopy,BRFSS 2022: How long has it been since your most recent colonoscopy?. Section: Colorectal Cancer Screening,True,True,2026-03-25 14:58:07.783120+00:00,twcook@axius-sdc.com,rdfs:isDefinedBy https://www.cdc.gov/brfss/annual_data/annual_2022.html|dcterms:subject http://snomed.info/id/410188000|rdfs:isDefinedBy sdc4:XdQuantityType/xdquantity-value,
XdQuantity,dl82xqhk094xppoqmyf4zazk,How long since you had sigmoidoscopy,BRFSS 2022: How long has it been since your most recent sigmoidoscopy?. Section: Colorectal Cancer Screening,True,True,2026-03-25 14:58:07.738529+00:00,twcook@axius-sdc.com,rdfs:isDefinedBy https://www.cdc.gov/brfss/annual_data/annual_2022.html|dcterms:subject http://snomed.info/id/410188000|rdfs:isDefinedBy sdc4:XdQuantityType/xdquantity-value,
XdQuantity,d8g14d48fmwyuwmo6ol4n2ff,How long since you had stool DNA,BRFSS 2022: How long has it been since you had this test?. Section: Colorectal Cancer Screening,True,True,2026-03-25 14:58:08.059423+00:00,twcook@axius-sdc.com,rdfs:isDefinedBy https://www.cdc.gov/brfss/annual_data/annual_2022.html|dcterms:subject http://snomed.info/id/410188000|rdfs:isDefinedBy sdc4:XdQuantityType/xdquantity-value,
XdQuantity,wjkh4ufiou9lj9a5tyy4syxr,How long since you had stool test?,BRFSS 2022: How long has it been since you had this test?. Section: Colorectal Cancer Screening,True,True,2026-03-25 14:58:07.964690+00:00,twcook@axius-sdc.com,rdfs:isDefinedBy https://www.cdc.gov/brfss/annual_data/annual_2022.html|dcterms:subject http://snomed.info/id/410188000|rdfs:isDefinedBy sdc4:XdQuantityType/xdquantity-value,
XdQuantity,c2tuvvxiwv53ls1ecwda9pgx,How long since you had virtual colonoscopy,BRFSS 2022: When was your most recent CT colonography or virtual colonoscopy?. Section: Colorectal Cancer Screening,True,True,2026-03-25 14:58:07.868760+00:00,twcook@axius-sdc.com,rdfs:isDefinedBy https://www.cdc.gov/brfss/annual_data/annual_2022.html|dcterms:subject http://snomed.info/id/410188000|rdfs:isDefinedBy sdc4:XdQuantityType/xdquantity-value,
XdQuantity,k4eq7gidk594zwtqm4qhjm0v,How long were you able to stop smoking,NHANES 2017-2018: How long were you able to stop smoking,True,True,2026-03-25 14:37:39.245082+00:00,twcook@axius-sdc.com,rdfs:isDefinedBy https://wwwn.cdc.gov/nchs/nhanes/continuousnhanes/default.aspx?BeginYear=2017|dcterms:subject http://snomed.info/id/365981007|rdfs:isDefinedBy http://www.ontology-of-units-of-measure.org/resource/om-2/ton-Long,
XdQuantity,ngn0wr2ytu8xpzuxklavcre4,How many days smoked a cigar?,NHANES 2017-2018: How many days smoked a cigar?,True,True,2026-03-25 14:37:39.198906+00:00,twcook@axius-sdc.com,rdfs:isDefinedBy https://wwwn.cdc.gov/nchs/nhanes/continuousnhanes/default.aspx?BeginYear=2017|dcterms:subject http://snomed.info/id/365981007|rdfs:isDefinedBy sdc4:XdQuantityType/xdquantity-value,
XdQuantity,is19mkxwui57if0fs0yeix4r,How many days used an e-cigarette?,NHANES 2017-2018: How many days used an e-cigarette?,True,True,2026-03-25 14:37:39.232933+00:00,twcook@axius-sdc.com,rdfs:isDefinedBy https://schema.org/HowToTool|rdfs:isDefinedBy https://wwwn.cdc.gov/nchs/nhanes/continuousnhanes/default.aspx?BeginYear=2017|dcterms:subject http://snomed.info/id/365981007,
XdQuantity,lfmveyjwfqw4at7u43gr91ga,How many days used smokeless tobacco?,NHANES 2017-2018: How many days used smokeless tobacco?,True,True,2026-03-25 14:37:39.349001+00:00,twcook@axius-sdc.com,rdfs:isDefinedBy https://schema.org/HowToTool|rdfs:isDefinedBy https://wwwn.cdc.gov/nchs/nhanes/continuousnhanes/default.aspx?BeginYear=2017|dcterms:subject http://snomed.info/id/365981007,
XdQuantity,gr00kh5zypw1act27nftz6b5,How Much Time Do You Sleep,"BRFSS 2022: On average, how many hours of sleep do you get in a 24-hour period?. Section: Inadequate Sleep",True,True,2026-03-25 14:58:05.582780+00:00,twcook@axius-sdc.com,rdfs:isDefinedBy https://www.cdc.gov/brfss/annual_data/annual_2022.html|skos:closeMatch https://loinc.org/65968-0|dcterms:subject http://snomed.info/id/410188000|rdfs:isDefinedBy sdc4:XdQuantityType/xdquantity-value,
XdQuantity,xj10pq8yqj15jobn2rls5sfk,"How often did the food that you bought not last, and you didn’t have money to get more?","BRFSS 2022: During the past 12 months how often did the food that you bought not last, and you didn’t have money to get more? Was that…. Section: Social Determinants and Health Equity",True,True,2026-03-25 14:58:09.570313+00:00,twcook@axius-sdc.com,rdfs:isDefinedBy https://www.cdc.gov/brfss/annual_data/annual_2022.html|dcterms:subject http://snomed.info/id/410188000|rdfs:isDefinedBy sdc4:XdQuantityType/xdquantity-value,
XdQuantity,v89n2d14hmqbgqtqu0vsnuvs,How often do you feel socially isolated from others?,BRFSS 2022: How often do you feel socially isolated from others? Is it…. Section: Social Determinants and Health Equity,True,True,2026-03-25 14:58:09.446933+00:00,twcook@axius-sdc.com,rdfs:isDefinedBy https://www.cdc.gov/brfss/annual_data/annual_2022.html|dcterms:subject http://snomed.info/id/410188000|rdfs:isDefinedBy sdc4:XdQuantityType/xdquantity-value,
XdQuantity,tm6qbqbub7ktmyexk20ahkmt,How often get emotional support needed,BRFSS 2022: How often do you get the social and emotional support you need?. Section: Social Determinants and Health Equity,True,True,2026-03-25 14:58:09.468123+00:00,twcook@axius-sdc.com,rdfs:isDefinedBy https://www.cdc.gov/brfss/annual_data/annual_2022.html|dcterms:subject http://snomed.info/id/410188000|rdfs:isDefinedBy sdc4:XdQuantityType/xdquantity-value,
XdQuantity,h7u79noyxpl9b95xpjbw87rt,How often have you felt this kind of stress?,"BRFSS 2022: Within the last 30 days, how often have you felt this kind of stress?. Section: Social Determinants and Health Equity. Note: Stress means a situation in which a person feels tense, restless, nervous, or anxious, or is unable to sleep at night because his/her mind is troubled all the time.",True,True,2026-03-25 14:58:09.648822+00:00,twcook@axius-sdc.com,rdfs:isDefinedBy https://www.cdc.gov/brfss/annual_data/annual_2022.html|dcterms:subject http://snomed.info/id/410188000|rdfs:isDefinedBy sdc4:XdQuantityType/xdquantity-value,
XdQuantity,j7k4xrxmqzldwrktkmh4ta6o,How old when you first started smoking?,BRFSS 2022: How old were you when you first started to smoke cigarettes regularly. Section: Lung Cancer Screening,True,True,2026-03-25 14:58:08.294757+00:00,twcook@axius-sdc.com,rdfs:isDefinedBy https://www.cdc.gov/brfss/annual_data/annual_2022.html|dcterms:subject http://snomed.info/id/410188000|rdfs:isDefinedBy sdc4:XdQuantityType/xdquantity-value,
XdQuantity,btd6ocozlnfl7l7lrest4imw,How old when you last smoked?,BRFSS 2022: How old were you when you last smoked cigarettes regularly?. Section: Lung Cancer Screening,True,True,2026-03-25 14:58:08.180061+00:00,twcook@axius-sdc.com,rdfs:isDefinedBy https://www.cdc.gov/brfss/annual_data/annual_2022.html|dcterms:subject http://snomed.info/id/410188000|rdfs:isDefinedBy sdc4:XdQuantityType/xdquantity-value,
XdQuantity,wr8u7ufbprd8wdzgnc9jzsej,How soon after waking do you smoke,NHANES 2017-2018: How soon after waking do you smoke,True,True,2026-03-25 14:37:38.942544+00:00,twcook@axius-sdc.com,rdfs:isDefinedBy https://wwwn.cdc.gov/nchs/nhanes/continuousnhanes/default.aspx?BeginYear=2017|dcterms:subject http://snomed.info/id/365981007,
XdQuantity,uwsuwdkqzx3qgrb0e7l9l9gq,Imputed race/ethnicity value,"BRFSS 2022: Imputed race/ethnicity value (This value is the reported race/ethnicity or an imputed race/ethnicity, if the respondent refused to give a race/ethnicity. The value of the imputed race/ethnicity will be the most common race/ethnicity response for that region of the state). Section: Weighting Variables",True,True,2026-03-25 14:58:09.751737+00:00,twcook@axius-sdc.com,rdfs:isDefinedBy https://www.cdc.gov/brfss/annual_data/annual_2022.html|dcterms:subject http://snomed.info/id/410188000|rdfs:isDefinedBy sdc4:XdQuantityType/xdquantity-value,
XdQuantity,s40zfe8vuotonl030ei82ydn,Inpatient Annual Beneficiary Responsibility,Total beneficiary responsibility amount for inpatient services during the reference year (USD).,True,True,2026-03-25 15:08:15.732970+00:00,twcook@axius-sdc.com,rdfs:isDefinedBy https://www.cms.gov/data-research/statistics-trends-and-reports/medicare-claims-synthetic-public-use-files/cms-2008-2010-data-entrepreneurs-synthetic-public-use-file-de-synpuf|rdfs:isDefinedBy https://www.wikidata.org/wiki/Q72903859|dcterms:subject http://snomed.info/id/184102003,
XdQuantity,g72advg02to55d601h0befuz,Inpatient Annual Medicare Reimbursement,Total Medicare reimbursement amount for inpatient services during the reference year (USD).,True,True,2026-03-25 15:08:15.708162+00:00,twcook@axius-sdc.com,rdfs:isDefinedBy https://www.cms.gov/data-research/statistics-trends-and-reports/medicare-claims-synthetic-public-use-files/cms-2008-2010-data-entrepreneurs-synthetic-public-use-file-de-synpuf|dcterms:subject http://snomed.info/id/184102003,
XdQuantity,fp1zcln4hx9qg0oiktsphmbh,Inpatient Annual Primary Payer Reimbursement,Total amount paid by the primary payer for inpatient services during the reference year (USD).,True,True,2026-03-25 15:08:15.744803+00:00,twcook@axius-sdc.com,rdfs:isDefinedBy https://www.cms.gov/data-research/statistics-trends-and-reports/medicare-claims-synthetic-public-use-files/cms-2008-2010-data-entrepreneurs-synthetic-public-use-file-de-synpuf|rdfs:isDefinedBy http://semanticscience.org/resource/SIO_001322|dcterms:subject http://snomed.info/id/184102003,
XdQuantity,u7zxxfdswq89hadusvew9js9,Inpatient Deductible Amount,Beneficiary inpatient deductible liability amount (USD).,True,True,2026-03-25 15:14:35.151581+00:00,twcook@axius-sdc.com,rdfs:isDefinedBy https://www.cms.gov/data-research/statistics-trends-and-reports/medicare-claims-synthetic-public-use-files/cms-2008-2010-data-entrepreneurs-synthetic-public-use-file-de-synpuf|dcterms:subject http://snomed.info/id/32485007,
XdQuantity,b82ew5gxqgkopq36bgcii7i3,Language identifier,BRFSS 2022: Language identifier. Section: Questionnaire Language,True,True,2026-03-25 14:58:09.686498+00:00,twcook@axius-sdc.com,rdfs:isDefinedBy https://www.cdc.gov/brfss/annual_data/annual_2022.html|dcterms:subject http://snomed.info/id/410188000|rdfs:isDefinedBy sdc4:XdQuantityType/xdquantity-value,
XdQuantity,g08fesmv5932t9ttnlnkdjc2,Leisure Time Physical Activity Calculated Variable,BRFSS 2022: Adults who reported doing physical activity or exercise during the past 30 days other than their regular job. Section: Calculated Variables,True,True,2026-03-25 14:58:10.172480+00:00,twcook@axius-sdc.com,rdfs:isDefinedBy https://www.cdc.gov/brfss/annual_data/annual_2022.html|dcterms:subject http://snomed.info/id/410188000|rdfs:isDefinedBy sdc4:XdQuantityType/xdquantity-value,
XdQuantity,ov28sjh0pxd674if30q7ejy1,Length of time since last routine checkup,BRFSS 2022: About how long has it been since you last visited a doctor for a routine checkup?. Section: Health Care Access,True,True,2026-03-25 14:58:05.622213+00:00,twcook@axius-sdc.com,rdfs:isDefinedBy https://www.cdc.gov/brfss/annual_data/annual_2022.html|dcterms:subject http://snomed.info/id/410188000|rdfs:isDefinedBy sdc4:XdQuantityType/xdquantity-value,
XdQuantity,vk4tsi4kiidtkhv69u6icsxx,Lifetime Asthma Calculated Variable,BRFSS 2022: Adults who have ever been told they have asthma. Section: Calculated Variables,True,True,2026-03-25 14:58:10.122300+00:00,twcook@axius-sdc.com,rdfs:isDefinedBy https://www.cdc.gov/brfss/annual_data/annual_2022.html|dcterms:subject http://snomed.info/id/410188000|rdfs:isDefinedBy sdc4:XdQuantityType/xdquantity-value,
XdQuantity,mpiygyxvppedk0xhxqx943ib,Limitations keeping you from working,NHANES 2017-2018: Limitations keeping you from working,True,True,2026-03-25 14:39:36.526901+00:00,twcook@axius-sdc.com,rdfs:isDefinedBy https://wwwn.cdc.gov/nchs/nhanes/continuousnhanes/default.aspx?BeginYear=2017|dcterms:subject http://snomed.info/id/301857004,
XdQuantity,jv86ecr3oq594jsmaqo02ov8,Liver condition: Fatty liver,NHANES 2017-2018: Liver condition: Fatty liver,True,True,2026-03-25 14:33:15.956517+00:00,twcook@axius-sdc.com,rdfs:isDefinedBy https://schema.org/DeliveryTimeSettings|rdfs:isDefinedBy https://wwwn.cdc.gov/nchs/nhanes/continuousnhanes/default.aspx?BeginYear=2017|dcterms:subject http://snomed.info/id/84100007,
XdQuantity,dung3kq1w1qqq7lww5i57zoe,Liver condition: Other liver disease,NHANES 2017-2018: Liver condition: Other liver disease,True,True,2026-03-25 14:33:16.004432+00:00,twcook@axius-sdc.com,rdfs:isDefinedBy http://semanticscience.org/resource/SIO_010299|rdfs:isDefinedBy https://wwwn.cdc.gov/nchs/nhanes/continuousnhanes/default.aspx?BeginYear=2017|dcterms:subject http://snomed.info/id/84100007,
XdQuantity,xd76ggz9qpdxwr7ccfp9sky9,Lung cancer screening recommendation status,BRFSS 2022: Lung cancer screening recommendation status. Section: Calculated Variables,True,True,2026-03-25 14:58:11.003712+00:00,twcook@axius-sdc.com,rdfs:isDefinedBy https://www.cdc.gov/brfss/annual_data/annual_2022.html|dcterms:subject http://snomed.info/id/410188000|rdfs:isDefinedBy sdc4:XdQuantityType/xdquantity-value,
XdQuantity,ygkq39us9xtloltx57jamubo,Lymphocyte number (1000 cells/uL),NHANES 2017-2018: Lymphocyte number (1000 cells/uL),True,True,2026-03-25 14:26:23.192448+00:00,twcook@axius-sdc.com,skos:exactMatch https://loinc.org/731-0|rdfs:isDefinedBy https://www.wikidata.org/wiki/Q60035142|rdfs:isDefinedBy https://wwwn.cdc.gov/nchs/nhanes/continuousnhanes/default.aspx?BeginYear=2017|dcterms:subject http://snomed.info/id/26604007,
XdQuantity,sk96k4xevzowaqcfaz67bbs3,Lymphocyte percent (%),NHANES 2017-2018: Lymphocyte percent (%),True,True,2026-03-25 14:26:23.426128+00:00,twcook@axius-sdc.com,skos:exactMatch https://loinc.org/736-9|rdfs:isDefinedBy https://wwwn.cdc.gov/nchs/nhanes/continuousnhanes/default.aspx?BeginYear=2017|dcterms:subject http://snomed.info/id/26604007,
XdQuantity,a70pyanqcjqlhcwvc5eos3j7,May I please see the pack of cigarettes,NHANES 2017-2018: May I please see the pack of cigarettes,True,True,2026-03-25 14:37:39.120265+00:00,twcook@axius-sdc.com,rdfs:isDefinedBy https://wwwn.cdc.gov/nchs/nhanes/continuousnhanes/default.aspx?BeginYear=2017|dcterms:subject http://snomed.info/id/365981007|rdfs:isDefinedBy sdc4:XdQuantityType/xdquantity-value,
XdQuantity,ao6k5d25ntvc2uz6jwf1egtv,Mean cell hemoglobin (pg),NHANES 2017-2018: Mean cell hemoglobin (pg),True,True,2026-03-25 14:26:23.557657+00:00,twcook@axius-sdc.com,skos:exactMatch https://loinc.org/785-6|rdfs:isDefinedBy https://wwwn.cdc.gov/nchs/nhanes/continuousnhanes/default.aspx?BeginYear=2017|dcterms:subject http://snomed.info/id/26604007,
XdQuantity,xbht4od2h5gl1dtnhe16rchf,Mean Cell Hgb Conc. (g/dL),NHANES 2017-2018: Mean Cell Hgb Conc. (g/dL),True,True,2026-03-25 14:26:23.574744+00:00,twcook@axius-sdc.com,skos:exactMatch https://loinc.org/786-4|rdfs:isDefinedBy https://www.wikidata.org/wiki/Q1273048|rdfs:isDefinedBy https://wwwn.cdc.gov/nchs/nhanes/continuousnhanes/default.aspx?BeginYear=2017|dcterms:subject http://snomed.info/id/26604007,
XdQuantity,elmfdm52ydpq9bh1gvzco95v,Mean cell volume (fL),NHANES 2017-2018: Mean cell volume (fL),True,True,2026-03-25 14:26:23.542568+00:00,twcook@axius-sdc.com,skos:exactMatch https://loinc.org/787-2|rdfs:isDefinedBy https://wwwn.cdc.gov/nchs/nhanes/continuousnhanes/default.aspx?BeginYear=2017|dcterms:subject http://snomed.info/id/26604007,
XdQuantity,jycfm08zsgre1peqtr0mfs87,Mean platelet volume (fL),NHANES 2017-2018: Mean platelet volume (fL),True,True,2026-03-25 14:26:23.584008+00:00,twcook@axius-sdc.com,skos:exactMatch https://loinc.org/32623-1|rdfs:isDefinedBy https://wwwn.cdc.gov/nchs/nhanes/continuousnhanes/default.aspx?BeginYear=2017|dcterms:subject http://snomed.info/id/26604007,
XdQuantity,c19ybupdwtx82bwthb3wgvh8,Metropolitan Status,BRFSS 2022: Metropolitan Status. Section: Urban Rural,True,True,2026-03-25 14:58:09.725791+00:00,twcook@axius-sdc.com,rdfs:isDefinedBy https://www.cdc.gov/brfss/annual_data/annual_2022.html|dcterms:subject http://snomed.info/id/410188000|rdfs:isDefinedBy sdc4:XdQuantityType/xdquantity-value,
XdQuantity,rj05dj4174czin8ffhpj6czm,Metropolitan Status Code,BRFSS 2022: Metropolitan Status Code. Section: Weighting Variables,True,True,2026-03-25 14:58:09.740128+00:00,twcook@axius-sdc.com,rdfs:isDefinedBy https://www.cdc.gov/brfss/annual_data/annual_2022.html|dcterms:subject http://snomed.info/id/410188000|rdfs:isDefinedBy sdc4:XdQuantityType/xdquantity-value,
XdQuantity,lgzkb3bg6a5zu6lkfs0biwiu,MIL: maximum inflation levels (mm Hg),NHANES 2017-2018: MIL: maximum inflation levels (mm Hg),True,True,2026-03-25 14:24:09.111264+00:00,twcook@axius-sdc.com,rdfs:isDefinedBy https://wwwn.cdc.gov/nchs/nhanes/continuousnhanes/default.aspx?BeginYear=2017|skos:closeMatch http://snomed.info/id/46973005|dcterms:subject http://snomed.info/id/46973005,
XdQuantity,lqweugttyqvy0ioz5b4f95pf,Monocyte number (1000 cells/uL),NHANES 2017-2018: Monocyte number (1000 cells/uL),True,True,2026-03-25 14:26:23.025213+00:00,twcook@axius-sdc.com,skos:exactMatch https://loinc.org/742-7|rdfs:isDefinedBy https://wwwn.cdc.gov/nchs/nhanes/continuousnhanes/default.aspx?BeginYear=2017|dcterms:subject http://snomed.info/id/26604007,
XdQuantity,cth1j00jwyrngveovrybsf8t,Month and Year of Last HIV Test,"BRFSS 2022: Not including blood donations, in what month and year was your last H.I.V. test? (If response is before January 1985, code ´777777´.). Section: HIV/AIDS",True,True,2026-03-25 14:58:08.561460+00:00,twcook@axius-sdc.com,rdfs:isDefinedBy https://www.cdc.gov/brfss/annual_data/annual_2022.html|dcterms:subject http://snomed.info/id/410188000|rdfs:isDefinedBy sdc4:XdQuantityType/xdquantity-value,
XdQuantity,fw86gigqgr4iapyg5pzj8q0w,Most drinks on single occasion past 30 days,"BRFSS 2022: During the past 30 days, what is the largest number of drinks you had on any occasion?. Section: Alcohol Consumption",True,True,2026-03-25 14:58:08.432682+00:00,twcook@axius-sdc.com,rdfs:isDefinedBy https://www.cdc.gov/brfss/annual_data/annual_2022.html|dcterms:subject http://snomed.info/id/410188000|rdfs:isDefinedBy sdc4:XdQuantityType/xdquantity-value,
XdQuantity,vksufta7tnxdlfxg7cvduqdk,Nucleated red blood cells (/100 WBC),NHANES 2017-2018: Nucleated red blood cells (/100 WBC),True,True,2026-03-25 14:26:23.622862+00:00,twcook@axius-sdc.com,skos:exactMatch https://loinc.org/19048-8|rdfs:isDefinedBy https://wwwn.cdc.gov/nchs/nhanes/continuousnhanes/default.aspx?BeginYear=2017|rdfs:isDefinedBy https://www.wikidata.org/wiki/Q34229890|dcterms:subject http://snomed.info/id/26604007,
XdQuantity,b0z9vv9kibdiy5dv2t0s1n6x,Number of Adults in Household,"BRFSS 2022: I need to randomly select one adult who lives in your household to be interviewed. Excluding adults living away from home, such as students away at college, how many members of your household, including yourself, are 18 years of age or older?. Section: Land Line Introduction. Note: Variable only on the land line survey",True,True,2026-03-25 14:58:05.265598+00:00,twcook@axius-sdc.com,rdfs:isDefinedBy https://www.cdc.gov/brfss/annual_data/annual_2022.html|dcterms:subject http://snomed.info/id/410188000|rdfs:isDefinedBy sdc4:XdQuantityType/xdquantity-value,
XdQuantity,geghojpnfz8fpgu0hqdxg39a,Number of Children in Household,BRFSS 2022: How many children less than 18 years of age live in your household?. Section: Demographics,True,True,2026-03-25 14:58:06.338335+00:00,twcook@axius-sdc.com,rdfs:isDefinedBy https://www.cdc.gov/brfss/annual_data/annual_2022.html|rdfs:isDefinedBy https://schema.org/children|dcterms:subject http://snomed.info/id/410188000,
XdQuantity,rk7l5zpqt18pdw3eusv0u7nb,Number of Days Mental Health Not Good,"BRFSS 2022: Now thinking about your mental health, which includes stress, depression, and problems with emotions, for how many days during the past 30 days was your mental health not good?. Section: Healthy Days",True,True,2026-03-25 14:58:04.162017+00:00,twcook@axius-sdc.com,rdfs:isDefinedBy https://www.cdc.gov/brfss/annual_data/annual_2022.html|skos:closeMatch https://loinc.org/77850-3|dcterms:subject http://snomed.info/id/410188000|rdfs:isDefinedBy sdc4:XdQuantityType/xdquantity-value,
XdQuantity,tab7sz3efawip1rxpoc3cbyg,Number of Days Physical Health Not Good,"BRFSS 2022: Now thinking about your physical health, which includes physical illness and injury, for how many days during the past 30 days was your physical health not good?. Section: Healthy Days",True,True,2026-03-25 14:58:04.110173+00:00,twcook@axius-sdc.com,rdfs:isDefinedBy https://www.cdc.gov/brfss/annual_data/annual_2022.html|skos:closeMatch https://loinc.org/77849-5|dcterms:subject http://snomed.info/id/410188000|rdfs:isDefinedBy sdc4:XdQuantityType/xdquantity-value,
XdQuantity,a4gsbuoc8ezh2a2wsf1tlhnk,Number of days taken medicine,NHANES 2017-2018: Number of days taken medicine,True,True,2026-03-25 14:29:03.570671+00:00,twcook@axius-sdc.com,rdfs:isDefinedBy https://wwwn.cdc.gov/nchs/nhanes/continuousnhanes/default.aspx?BeginYear=2017|dcterms:subject http://snomed.info/id/182832007,
XdQuantity,dvbxvzqf7yn0f7ptfp8arv1e,Number of packs of cigarettes smoked per day,BRFSS 2022: Number of packs of cigarettes smoked per day. Section: Calculated Variables,True,True,2026-03-25 14:58:10.908995+00:00,twcook@axius-sdc.com,rdfs:isDefinedBy https://www.cdc.gov/brfss/annual_data/annual_2022.html|dcterms:subject http://snomed.info/id/410188000|rdfs:isDefinedBy sdc4:XdQuantityType/xdquantity-value,
XdQuantity,g8fzdlcyy0kvareyxwggmder,Number of years since quit smoking cigarettes,BRFSS 2022: Number of years since quit smoking cigarettes. Section: Calculated Variables,True,True,2026-03-25 14:58:10.849100+00:00,twcook@axius-sdc.com,rdfs:isDefinedBy https://www.cdc.gov/brfss/annual_data/annual_2022.html|dcterms:subject http://snomed.info/id/410188000|rdfs:isDefinedBy sdc4:XdQuantityType/xdquantity-value,
XdQuantity,yvwjq2pn15fkdcjk4crfyg9n,Number of years smoked cigarettes,BRFSS 2022: Number of years respondent smoked cigarettes. Section: Calculated Variables,True,True,2026-03-25 14:58:10.861582+00:00,twcook@axius-sdc.com,rdfs:isDefinedBy https://www.cdc.gov/brfss/annual_data/annual_2022.html|dcterms:subject http://snomed.info/id/410188000|rdfs:isDefinedBy sdc4:XdQuantityType/xdquantity-value,
XdQuantity,jdbbi0ur0baxthg1wv1h8r9h,NUMPHON4,Generated XdQuantity component,True,True,2026-03-25 14:58:06.303415+00:00,twcook@axius-sdc.com,rdfs:isDefinedBy https://www.cdc.gov/brfss/annual_data/annual_2022.html|dcterms:subject http://snomed.info/id/410188000|rdfs:isDefinedBy sdc4:XdQuantityType/xdquantity-value,
XdQuantity,o9tv75s6ipl92pgqggkkmm6i,"On average, how many cigarettes do you smoke each day?","BRFSS 2022: On average, when you {smoke/smoked} regularly, about how many cigarettes {do/did} you usually smoke each day?. Section: Lung Cancer Screening",True,True,2026-03-25 14:58:08.209919+00:00,twcook@axius-sdc.com,rdfs:isDefinedBy https://www.cdc.gov/brfss/annual_data/annual_2022.html|dcterms:subject http://snomed.info/id/410188000|rdfs:isDefinedBy sdc4:XdQuantityType/xdquantity-value,
XdQuantity,vb9tdi30dopcbfdiwekwwmkv,Outpatient Annual Beneficiary Responsibility,Total beneficiary responsibility amount for outpatient services during the reference year (USD).,True,True,2026-03-25 15:08:15.773081+00:00,twcook@axius-sdc.com,rdfs:isDefinedBy https://www.cms.gov/data-research/statistics-trends-and-reports/medicare-claims-synthetic-public-use-files/cms-2008-2010-data-entrepreneurs-synthetic-public-use-file-de-synpuf|dcterms:subject http://snomed.info/id/184102003|rdfs:isDefinedBy sdc4:XdQuantityType/xdquantity-value,
XdQuantity,j83j13loyym0u0u1qpu817tj,Outpatient Annual Medicare Reimbursement,Total Medicare reimbursement amount for outpatient services during the reference year (USD).,True,True,2026-03-25 15:08:15.786903+00:00,twcook@axius-sdc.com,rdfs:isDefinedBy https://www.cms.gov/data-research/statistics-trends-and-reports/medicare-claims-synthetic-public-use-files/cms-2008-2010-data-entrepreneurs-synthetic-public-use-file-de-synpuf|dcterms:subject http://snomed.info/id/184102003,
XdQuantity,so5u2az6xi65w1r8l1wm7yla,Outpatient Annual Primary Payer Reimbursement,Total amount paid by the primary payer for outpatient services during the reference year (USD).,True,True,2026-03-25 15:08:15.813065+00:00,twcook@axius-sdc.com,rdfs:isDefinedBy https://www.cms.gov/data-research/statistics-trends-and-reports/medicare-claims-synthetic-public-use-files/cms-2008-2010-data-entrepreneurs-synthetic-public-use-file-de-synpuf|dcterms:subject http://snomed.info/id/184102003|rdfs:isDefinedBy sdc4:XdQuantityType/xdquantity-value,
XdQuantity,kdqiqq2lo2phonxs7g9v1jc7,Overweight or obese calculated variable,BRFSS 2022: Adults who have a body mass index greater than 25.00 (Overweight or Obese). Section: Calculated Variables,True,True,2026-03-25 14:58:10.989713+00:00,twcook@axius-sdc.com,rdfs:isDefinedBy https://www.cdc.gov/brfss/annual_data/annual_2022.html|dcterms:subject http://snomed.info/id/410188000|rdfs:isDefinedBy sdc4:XdQuantityType/xdquantity-value,
XdQuantity,vtlpqqyck51hm8dofn4ozebu,Own or Rent Home,BRFSS 2022: Do you own or rent your home?. Section: Demographics,True,True,2026-03-25 14:58:06.285735+00:00,twcook@axius-sdc.com,rdfs:isDefinedBy https://www.cdc.gov/brfss/annual_data/annual_2022.html|dcterms:subject http://snomed.info/id/410188000|rdfs:isDefinedBy sdc4:XdQuantityType/xdquantity-value,
XdQuantity,m7sw0r8fyakfp69xr03ou2ew,Part A Coinsurance Liability Amount,Beneficiary Part A coinsurance liability amount (USD).,True,True,2026-03-25 15:14:35.187765+00:00,twcook@axius-sdc.com,rdfs:isDefinedBy https://www.cms.gov/data-research/statistics-trends-and-reports/medicare-claims-synthetic-public-use-files/cms-2008-2010-data-entrepreneurs-synthetic-public-use-file-de-synpuf|dcterms:subject http://snomed.info/id/32485007|rdfs:isDefinedBy sdc4:XdQuantityType/xdquantity-units,
XdQuantity,ytjmfsqg2yrwi6r6gwcgg0k1,Part B Coinsurance Amount,Beneficiary Part B coinsurance liability amount (USD).,True,True,2026-03-25 15:20:16.549277+00:00,twcook@axius-sdc.com,rdfs:isDefinedBy https://schema.org/beneficiaryBank|rdfs:isDefinedBy https://www.cms.gov/data-research/statistics-trends-and-reports/medicare-claims-synthetic-public-use-files/cms-2008-2010-data-entrepreneurs-synthetic-public-use-file-de-synpuf|dcterms:subject http://snomed.info/id/281685003,
XdQuantity,lt6gjz0ljidgd52dj6jmt84p,Part B Deductible Amount,Beneficiary Part B deductible liability amount (USD).,True,True,2026-03-25 15:20:16.560464+00:00,twcook@axius-sdc.com,rdfs:isDefinedBy https://schema.org/beneficiaryBank|rdfs:isDefinedBy https://www.cms.gov/data-research/statistics-trends-and-reports/medicare-claims-synthetic-public-use-files/cms-2008-2010-data-entrepreneurs-synthetic-public-use-file-de-synpuf|dcterms:subject http://snomed.info/id/281685003,
XdQuantity,c4sic57q44hgzdqcdlpqn8im,Patient Payment Amount,Amount paid by the patient/beneficiary for the prescription (USD).,True,True,2026-03-25 15:22:26.604836+00:00,twcook@axius-sdc.com,rdfs:isDefinedBy https://www.cms.gov/data-research/statistics-trends-and-reports/medicare-claims-synthetic-public-use-files/cms-2008-2010-data-entrepreneurs-synthetic-public-use-file-de-synpuf|rdfs:isDefinedBy https://www.wikidata.org/wiki/Q40490263|dcterms:subject http://snomed.info/id/182832007,
XdQuantity,ulzdn089gwljgzcgnz5wugjq,Platelet count (1000 cells/uL),NHANES 2017-2018: Platelet count (1000 cells/uL),True,True,2026-03-25 14:26:23.596843+00:00,twcook@axius-sdc.com,skos:exactMatch https://loinc.org/777-3|rdfs:isDefinedBy https://wwwn.cdc.gov/nchs/nhanes/continuousnhanes/default.aspx?BeginYear=2017|dcterms:subject http://snomed.info/id/26604007|skos:closeMatch http://snomed.info/id/61928009,
XdQuantity,zc8jxydcyygfwfp157gcomyr,Pneumonia shot ever,BRFSS 2022: Have you ever had a pneumonia shot also known as a pneumococcal vaccine?. Section: Immunization,True,True,2026-03-25 14:58:08.456786+00:00,twcook@axius-sdc.com,rdfs:isDefinedBy https://www.cdc.gov/brfss/annual_data/annual_2022.html|dcterms:subject http://snomed.info/id/410188000|rdfs:isDefinedBy sdc4:XdQuantityType/xdquantity-value,
XdQuantity,u4s8orhlyo4kdbxvycphrni4,Pneumonia Vaccination Calculated Variable,BRFSS 2022: Adults aged 65+ who have ever had a pneumonia vaccination. Section: Calculated Variables,True,True,2026-03-25 14:58:10.879547+00:00,twcook@axius-sdc.com,rdfs:isDefinedBy https://www.cdc.gov/brfss/annual_data/annual_2022.html|dcterms:subject http://snomed.info/id/410188000|rdfs:isDefinedBy sdc4:XdQuantityType/xdquantity-value,
XdQuantity,g8fg7olxlnoxqu35uup7tgz5,Poor Physical or Mental Health,"BRFSS 2022: During the past 30 days, for about how many days did poor physical or mental health keep you from doing your usual activities, such as self-care, work, or recreation?. Section: Healthy Days",True,True,2026-03-25 14:58:05.474216+00:00,twcook@axius-sdc.com,rdfs:isDefinedBy https://www.cdc.gov/brfss/annual_data/annual_2022.html|dcterms:subject http://snomed.info/id/410188000|rdfs:isDefinedBy sdc4:XdQuantityType/xdquantity-value,
XdQuantity,p4199myntpqsbe2km8bltifm,Preferred Child Race Categories,BRFSS 2022: Preferred Child Race Categories. Section: Child Demographic Variables,True,True,2026-03-25 14:58:09.847589+00:00,twcook@axius-sdc.com,rdfs:isDefinedBy https://www.cdc.gov/brfss/annual_data/annual_2022.html|dcterms:subject http://snomed.info/id/410188000|rdfs:isDefinedBy sdc4:XdQuantityType/xdquantity-value,
XdQuantity,gp8pll5nz09c494ffc228z7g,Primary Payer Claim Paid Amount,Amount paid by the primary payer (other than Medicare) for the claim (USD).,True,True,2026-03-25 15:14:35.126545+00:00,twcook@axius-sdc.com,rdfs:isDefinedBy https://www.cms.gov/data-research/statistics-trends-and-reports/medicare-claims-synthetic-public-use-files/cms-2008-2010-data-entrepreneurs-synthetic-public-use-file-de-synpuf|dcterms:subject http://snomed.info/id/32485007|rdfs:isDefinedBy sdc4:XdQuantityType/xdquantity-value,
XdQuantity,gtkt68khi07hxu9yu84n3y5x,Primary Sampling Unit,BRFSS 2022: Primary Sampling Unit (Equal to Annual Sequence Number). Section: Record Identification,True,True,2026-03-25 14:58:03.884085+00:00,twcook@axius-sdc.com,rdfs:isDefinedBy https://www.cdc.gov/brfss/annual_data/annual_2022.html|dcterms:subject http://snomed.info/id/410188000|rdfs:isDefinedBy sdc4:XdQuantityType/xdquantity-value,
XdQuantity,r3z244d1848mzcp4dgdvixya,Private Residence?,"BRFSS 2022: Is this a private residence? [READ ONLY IF NECESSARY: “By private residence, we mean someplace like a house or apartment.”]. Section: Land Line Introduction. Note: Variable only on the land line survey",True,True,2026-03-25 14:58:03.543327+00:00,twcook@axius-sdc.com,rdfs:isDefinedBy https://www.cdc.gov/brfss/annual_data/annual_2022.html|dcterms:subject http://snomed.info/id/410188000|rdfs:isDefinedBy sdc4:XdQuantityType/xdquantity-value,
XdQuantity,h4hkyyiheeykkxzw5ky8ztfi,Quantity Dispensed,Number of units of the drug dispensed.,True,True,2026-03-25 15:22:26.644882+00:00,twcook@axius-sdc.com,rdfs:isDefinedBy https://www.cms.gov/data-research/statistics-trends-and-reports/medicare-claims-synthetic-public-use-files/cms-2008-2010-data-entrepreneurs-synthetic-public-use-file-de-synpuf|dcterms:subject http://snomed.info/id/182832007|rdfs:isDefinedBy sdc4:XdQuantityType/xdquantity-value,
XdQuantity,l46m9c5jnvc6c7ybq4y1llur,Questionnaire Version Identifier,BRFSS 2022: Questionnaire Version Identifier. Section: Questionnaire Version,True,True,2026-03-25 14:58:09.659553+00:00,twcook@axius-sdc.com,rdfs:isDefinedBy https://www.cdc.gov/brfss/annual_data/annual_2022.html|dcterms:subject http://snomed.info/id/410188000|rdfs:isDefinedBy sdc4:XdQuantityType/xdquantity-value,
XdQuantity,ps2aikhmpjyexahgjpsbg8u5,_RACEG22,Generated XdQuantity component,True,True,2026-03-25 14:58:10.325348+00:00,twcook@axius-sdc.com,rdfs:isDefinedBy sdc4:XdQuantityType/xdquantity-value,
XdQuantity,sftykmoinqwwt7h7ephae16b,Raw weighting factor used in raking,"BRFSS 2022: Raw weighting factor used in raking (Number of adults in the household (NUMADULT, maximum of 5) divided by the imputed number of phones (_IMPNPH, maximum of 3).). Section: Weighting Variables",True,True,2026-03-25 14:58:09.764515+00:00,twcook@axius-sdc.com,rdfs:isDefinedBy https://www.cdc.gov/brfss/annual_data/annual_2022.html|dcterms:subject http://snomed.info/id/410188000|rdfs:isDefinedBy sdc4:XdQuantityType/xdquantity-value,
XdQuantity,kul4r6vvyezdcl2qude5rf81,Received Tetanus Shot Since 2005?,"BRFSS 2022: Have you received a tetanus shot in the past 10 years? (If yes, ask: “Was this Tdap, the tetanus shot that also has pertussis or whooping cough vaccine?”). Section: Immunization",True,True,2026-03-25 14:58:08.505003+00:00,twcook@axius-sdc.com,rdfs:isDefinedBy https://www.cdc.gov/brfss/annual_data/annual_2022.html|dcterms:subject http://snomed.info/id/410188000|rdfs:isDefinedBy sdc4:XdQuantityType/xdquantity-value,
XdQuantity,vmi90xbr3n9aj891p04b1y9p,Receive special ed or early intervention,NHANES 2017-2018: Receive special ed or early intervention,True,True,2026-03-25 14:39:36.063706+00:00,twcook@axius-sdc.com,rdfs:isDefinedBy https://wwwn.cdc.gov/nchs/nhanes/continuousnhanes/default.aspx?BeginYear=2017|dcterms:subject http://snomed.info/id/301857004|rdfs:isDefinedBy https://www.wikidata.org/wiki/Q212105,
XdQuantity,tskajnzne1inq5x93v11mc09,Red blood cell count (million cells/uL),NHANES 2017-2018: Red blood cell count (million cells/uL),True,True,2026-03-25 14:26:23.443665+00:00,twcook@axius-sdc.com,skos:exactMatch https://loinc.org/789-8|rdfs:isDefinedBy https://wwwn.cdc.gov/nchs/nhanes/continuousnhanes/default.aspx?BeginYear=2017|rdfs:isDefinedBy https://www.wikidata.org/wiki/Q48632255|dcterms:subject http://snomed.info/id/26604007|skos:closeMatch http://snomed.info/id/14089001,
XdQuantity,ff75rq9ofn5cwaobgmo8a87x,Relationship to child,BRFSS 2022: How are you related to the child?. Section: Random Child Selection,True,True,2026-03-25 14:58:09.544807+00:00,twcook@axius-sdc.com,rdfs:isDefinedBy https://www.cdc.gov/brfss/annual_data/annual_2022.html|dcterms:subject http://snomed.info/id/410188000|rdfs:isDefinedBy sdc4:XdQuantityType/xdquantity-value,
XdQuantity,kiz9jxkrvz0m0bkcmi1qukd9,Reported age in five-year age categories calculated variable,BRFSS 2022: Fourteen-level age category. Section: Calculated Variables,True,True,2026-03-25 14:58:10.409350+00:00,twcook@axius-sdc.com,rdfs:isDefinedBy https://www.cdc.gov/brfss/annual_data/annual_2022.html|dcterms:subject http://snomed.info/id/410188000|rdfs:isDefinedBy sdc4:XdQuantityType/xdquantity-value,
XdQuantity,e8c5osoaws34c5r3t3gakuda,Reported age in two age groups calculated variable,BRFSS 2022: Two-level age category. Section: Calculated Variables,True,True,2026-03-25 14:58:10.482084+00:00,twcook@axius-sdc.com,rdfs:isDefinedBy https://www.cdc.gov/brfss/annual_data/annual_2022.html|dcterms:subject http://snomed.info/id/410188000|rdfs:isDefinedBy sdc4:XdQuantityType/xdquantity-value,
XdQuantity,lsg40pxxdf4xyuqjr900tphr,Require special healthcare equipment,NHANES 2017-2018: Require special healthcare equipment,True,True,2026-03-25 14:39:36.132221+00:00,twcook@axius-sdc.com,rdfs:isDefinedBy https://w3id.org/semanticarts/ns/ontology/gist/Equipment|rdfs:isDefinedBy https://wwwn.cdc.gov/nchs/nhanes/continuousnhanes/default.aspx?BeginYear=2017|dcterms:subject http://snomed.info/id/301857004,
XdQuantity,tfodnjhefshn6eyktvsby72p,Resident of State,BRFSS 2022: Do you currently live in ____(state)____?. Section: Land Line Introduction. Note: Variable only on the land line survey,True,True,2026-03-25 14:58:03.248788+00:00,twcook@axius-sdc.com,rdfs:isDefinedBy https://www.cdc.gov/brfss/annual_data/annual_2022.html|dcterms:subject http://snomed.info/id/410188000|rdfs:isDefinedBy sdc4:XdQuantityType/xdquantity-value,
XdQuantity,pty3rjlewg4knst4ypku1h5u,Respondents aged 18-64 with health insurance,BRFSS 2022: Respondents aged 18-64 who have any form of health insurance. Section: Calculated Variables,True,True,2026-03-25 14:58:10.008690+00:00,twcook@axius-sdc.com,rdfs:isDefinedBy https://www.cdc.gov/brfss/annual_data/annual_2022.html|dcterms:subject http://snomed.info/id/410188000|rdfs:isDefinedBy sdc4:XdQuantityType/xdquantity-value,
XdQuantity,evw8skku4jwuat34o4svx2ou,Respondents aged 45-75 who have fully met the USPSTF recommendations,BRFSS 2022: Respondents aged 45-75 who have fully met the USPSTF recommendations. Section: Calculated Variables,True,True,2026-03-25 14:58:10.711302+00:00,twcook@axius-sdc.com,rdfs:isDefinedBy https://www.cdc.gov/brfss/annual_data/annual_2022.html|dcterms:subject http://snomed.info/id/410188000|rdfs:isDefinedBy sdc4:XdQuantityType/xdquantity-value,
XdQuantity,b1g6i3z6udq8ykptzdb07fbx,Respondents aged 45-75 who have had a colonoscopy within the past ten years,BRFSS 2022: Respondents aged 45-75 who have had a colonoscopy within the past ten years. Section: Calculated Variables,True,True,2026-03-25 14:58:10.609075+00:00,twcook@axius-sdc.com,rdfs:isDefinedBy https://www.cdc.gov/brfss/annual_data/annual_2022.html|dcterms:subject http://snomed.info/id/410188000|rdfs:isDefinedBy sdc4:XdQuantityType/xdquantity-value,
XdQuantity,zxp8egi7ueot42wxmp5jjmgp,Respondents aged 45-75 who have had a sigmoidoscopy within the past five years,BRFSS 2022: Respondents aged 45-75 who have had a sigmoidoscopy within the past five years. Section: Calculated Variables,True,True,2026-03-25 14:58:10.594894+00:00,twcook@axius-sdc.com,rdfs:isDefinedBy https://www.cdc.gov/brfss/annual_data/annual_2022.html|dcterms:subject http://snomed.info/id/410188000|rdfs:isDefinedBy sdc4:XdQuantityType/xdquantity-value,
XdQuantity,scdi1amd3bm05wh2z3d2jw35,Respondents aged 45-75 who have had a sigmoidoscopy within the past ten years,BRFSS 2022: Respondents aged 45-75 who have had a sigmoidoscopy within the past ten years. Section: Calculated Variables,True,True,2026-03-25 14:58:10.564402+00:00,twcook@axius-sdc.com,rdfs:isDefinedBy https://www.cdc.gov/brfss/annual_data/annual_2022.html|dcterms:subject http://snomed.info/id/410188000|rdfs:isDefinedBy sdc4:XdQuantityType/xdquantity-value,
XdQuantity,hv21s7uvhscg9b3dswxcdy8x,Respondents aged 45-75 who have had a stool DNA test within the past three years,BRFSS 2022: Respondents aged 45-75 who have had a stool DNA test within the past three years. Section: Calculated Variables,True,True,2026-03-25 14:58:10.644177+00:00,twcook@axius-sdc.com,rdfs:isDefinedBy https://www.cdc.gov/brfss/annual_data/annual_2022.html|dcterms:subject http://snomed.info/id/410188000|rdfs:isDefinedBy sdc4:XdQuantityType/xdquantity-value,
XdQuantity,n3axm1c3105qrdfvdw24kewf,Respondents aged 45-75 who have had a stool test within the past year,BRFSS 2022: Respondents aged 45-75 who have had a stool test within the past year. Section: Calculated Variables,True,True,2026-03-25 14:58:10.800114+00:00,twcook@axius-sdc.com,rdfs:isDefinedBy https://www.cdc.gov/brfss/annual_data/annual_2022.html|dcterms:subject http://snomed.info/id/410188000|rdfs:isDefinedBy sdc4:XdQuantityType/xdquantity-value,
XdQuantity,ycdwg4m4kxkw53jci21dq2qz,Respondents aged 45-75 who have had a virtual colonoscopy within the past five years,BRFSS 2022: Respondents aged 45-75 who have had a virtual colonoscopy within the past five years. Section: Calculated Variables,True,True,2026-03-25 14:58:10.697684+00:00,twcook@axius-sdc.com,rdfs:isDefinedBy https://www.cdc.gov/brfss/annual_data/annual_2022.html|dcterms:subject http://snomed.info/id/410188000|rdfs:isDefinedBy sdc4:XdQuantityType/xdquantity-value,
XdQuantity,m8ybhe4mpa7t2sbeemyjwd7b,Respondents diagnosed with arthritis,BRFSS 2022: Respondents who have had a doctor diagnose them as having some form of arthritis. Section: Calculated Variables,True,True,2026-03-25 14:58:10.312650+00:00,twcook@axius-sdc.com,rdfs:isDefinedBy https://www.cdc.gov/brfss/annual_data/annual_2022.html|dcterms:subject http://snomed.info/id/410188000|rdfs:isDefinedBy sdc4:XdQuantityType/xdquantity-value,
XdQuantity,mx4i08uxaqywkrcsl2jjyo27,Respondent selection,BRFSS 2022: The person in your household that I need to speak with is [XXX]. Are you the [XXX] in this household. Section: Land Line Introduction,True,True,2026-03-25 14:58:03.855097+00:00,twcook@axius-sdc.com,rdfs:isDefinedBy https://www.cdc.gov/brfss/annual_data/annual_2022.html|dcterms:subject http://snomed.info/id/410188000|rdfs:isDefinedBy sdc4:XdQuantityType/xdquantity-value,
XdQuantity,uwvzyp9t2pmr1qfdya77bgop,Sample Design Stratification Variable,"BRFSS 2022: Sample Design Stratification Variable (Prior to 2011: _STSTR is a five digit number that combines the values for _STATE (first two characters), _GEOSTR (third and fourth character), and _DENSTR2 (final character).). Section: Weighting Variables",True,True,2026-03-25 14:58:09.799067+00:00,twcook@axius-sdc.com,rdfs:isDefinedBy https://www.cdc.gov/brfss/annual_data/annual_2022.html|dcterms:subject http://snomed.info/id/410188000|rdfs:isDefinedBy sdc4:XdQuantityType/xdquantity-value,
XdQuantity,h8kfx67pxsxeih53lgcs4f7x,Satisfaction with life,"BRFSS 2022: In general, how satisfied are you with your life?. Section: Social Determinants and Health Equity",True,True,2026-03-25 14:58:09.421973+00:00,twcook@axius-sdc.com,rdfs:isDefinedBy https://www.cdc.gov/brfss/annual_data/annual_2022.html|dcterms:subject http://snomed.info/id/410188000|rdfs:isDefinedBy sdc4:XdQuantityType/xdquantity-value,
XdQuantity,nw6d0xc4mm6q6y73sls6bns8,_SBONTI1,Generated XdQuantity component,True,True,2026-03-25 14:58:10.721911+00:00,twcook@axius-sdc.com,rdfs:isDefinedBy sdc4:XdQuantityType/xdquantity-value,
XdQuantity,gsmbpczyk21ujyv8ah4mii07,Segmented neutrophils num (1000 cell/uL),NHANES 2017-2018: Segmented neutrophils num (1000 cell/uL),True,True,2026-03-25 14:26:23.213551+00:00,twcook@axius-sdc.com,skos:exactMatch https://loinc.org/751-8|rdfs:isDefinedBy https://wwwn.cdc.gov/nchs/nhanes/continuousnhanes/default.aspx?BeginYear=2017|dcterms:subject http://snomed.info/id/26604007,
XdQuantity,fiztob9fqn7o42ag18qfzimr,Segmented neutrophils percent (%),NHANES 2017-2018: Segmented neutrophils percent (%),True,True,2026-03-25 14:26:23.963594+00:00,twcook@axius-sdc.com,skos:exactMatch https://loinc.org/770-8|rdfs:isDefinedBy https://wwwn.cdc.gov/nchs/nhanes/continuousnhanes/default.aspx?BeginYear=2017|dcterms:subject http://snomed.info/id/26604007,
XdQuantity,vdgjhn7ciuuywzvp2jfkyrgr,Sex of Respondent,BRFSS 2022: Sex of Respondent. Section: Respondent Sex,True,True,2026-03-25 14:58:04.147229+00:00,twcook@axius-sdc.com,rdfs:isDefinedBy https://www.cdc.gov/brfss/annual_data/annual_2022.html|dcterms:subject http://snomed.info/id/410188000|rdfs:isDefinedBy sdc4:XdQuantityType/xdquantity-value,
XdQuantity,u002kli6alzd8v0t36l4c7ia,Smoked at Least 100 Cigarettes,BRFSS 2022: Have you smoked at least 100 cigarettes in your entire life? [Note: 5 packs = 100 cigarettes]. Section: Tobacco Use,True,True,2026-03-25 14:58:08.033381+00:00,twcook@axius-sdc.com,rdfs:isDefinedBy https://www.cdc.gov/brfss/annual_data/annual_2022.html|skos:closeMatch https://loinc.org/72166-2|dcterms:subject http://snomed.info/id/410188000|rdfs:isDefinedBy sdc4:XdQuantityType/xdquantity-value,
XdQuantity,g2ngth6miv9vqo5l0anfbc6d,Smoked at least 100 cigarettes in life,NHANES 2017-2018: Smoked at least 100 cigarettes in life,True,True,2026-03-25 14:37:38.700126+00:00,twcook@axius-sdc.com,skos:closeMatch https://loinc.org/72166-2|rdfs:isDefinedBy https://wwwn.cdc.gov/nchs/nhanes/continuousnhanes/default.aspx?BeginYear=2017|skos:closeMatch http://snomed.info/id/77176002|dcterms:subject http://snomed.info/id/365981007,
XdQuantity,iuiai6aix5ex5dxhf66wmdnn,Smoking Group,BRFSS 2022: Smoking Group. Section: Calculated Variables,True,True,2026-03-25 14:58:10.769471+00:00,twcook@axius-sdc.com,rdfs:isDefinedBy https://www.cdc.gov/brfss/annual_data/annual_2022.html|dcterms:subject http://snomed.info/id/410188000|rdfs:isDefinedBy sdc4:XdQuantityType/xdquantity-value,
XdQuantity,r6djyxiaf0ukk9s4d65siv7b,Still have asthma,NHANES 2017-2018: Still have asthma,True,True,2026-03-25 14:33:14.455145+00:00,twcook@axius-sdc.com,rdfs:isDefinedBy https://wwwn.cdc.gov/nchs/nhanes/continuousnhanes/default.aspx?BeginYear=2017|dcterms:subject http://snomed.info/id/84100007|rdfs:isDefinedBy sdc4:XdQuantityType/xdquantity-value,
XdQuantity,cbyv0b85l3a6oun9hrfvfc77,Still Have Asthma,BRFSS 2022: Do you still have asthma?. Section: Chronic Health Conditions,True,True,2026-03-25 14:58:05.966847+00:00,twcook@axius-sdc.com,rdfs:isDefinedBy https://www.cdc.gov/brfss/annual_data/annual_2022.html|dcterms:subject http://snomed.info/id/410188000|rdfs:isDefinedBy sdc4:XdQuantityType/xdquantity-value,
XdQuantity,sysmf6lhzcsxa250r8k6mfye,Stratum weight,BRFSS 2022: Stratum weight (Number of records in a stratum (NRECSTR) divided by the number of records selected (NRECSEL).). Section: Weighting Variables,True,True,2026-03-25 14:58:09.783091+00:00,twcook@axius-sdc.com,rdfs:isDefinedBy https://www.cdc.gov/brfss/annual_data/annual_2022.html|dcterms:subject http://snomed.info/id/410188000|rdfs:isDefinedBy sdc4:XdQuantityType/xdquantity-value,
XdQuantity,imrhad1ziiactitsimpfvl7i,"Taken prescription medicine, past month","NHANES 2017-2018: Taken prescription medicine, past month",True,True,2026-03-25 14:29:03.548433+00:00,twcook@axius-sdc.com,rdfs:isDefinedBy http://www.ontology-of-units-of-measure.org/resource/om-2/month|rdfs:isDefinedBy https://wwwn.cdc.gov/nchs/nhanes/continuousnhanes/default.aspx?BeginYear=2017|dcterms:subject http://snomed.info/id/182832007,
XdQuantity,ejrk3v5dkeq3idqmot530b9i,Time since last cervical cancer screening test,BRFSS 2022: How long has it been since you had your last cervical cancer screening test?. Section: Breast and Cervical Cancer Screening,True,True,2026-03-25 14:58:07.581051+00:00,twcook@axius-sdc.com,rdfs:isDefinedBy https://www.cdc.gov/brfss/annual_data/annual_2022.html|dcterms:subject http://snomed.info/id/410188000|rdfs:isDefinedBy sdc4:XdQuantityType/xdquantity-value,
XdQuantity,tp0yliyg0iapsl1lfpmf4x44,Time Since Last Sigmoidoscopy/Colonoscopy,BRFSS 2022: How long has it been since your most recent colonoscopy or sigmoidoscopy?. Section: Colorectal Cancer Screening,True,True,2026-03-25 14:58:07.801399+00:00,twcook@axius-sdc.com,rdfs:isDefinedBy https://www.cdc.gov/brfss/annual_data/annual_2022.html|dcterms:subject http://snomed.info/id/410188000|rdfs:isDefinedBy sdc4:XdQuantityType/xdquantity-value,
XdQuantity,k6w0681z4mwyrqdedx6xwbqi,# times stopped smoking cigarettes,NHANES 2017-2018: # times stopped smoking cigarettes,True,True,2026-03-25 14:37:39.185560+00:00,twcook@axius-sdc.com,rdfs:isDefinedBy https://wwwn.cdc.gov/nchs/nhanes/continuousnhanes/default.aspx?BeginYear=2017|rdfs:isDefinedBy https://www.wikidata.org/wiki/Q33593436|dcterms:subject http://snomed.info/id/365981007,
XdQuantity,t7etyaw9aoo5js2iigo7ci4k,Told Had Arthritis,"BRFSS 2022: (Ever told) (you had) some form of arthritis, rheumatoid arthritis, gout, lupus, or fibromyalgia? (Arthritis diagnoses include: rheumatism, polymyalgia rheumatica; osteoarthritis (not osteporosis); tendonitis, bursitis, bunion, tennis elbow; carpal tunnel syndrome, tarsal tunnel syndrome; joint infection, etc.). Section: Chronic Health Conditions",True,True,2026-03-25 14:58:06.147121+00:00,twcook@axius-sdc.com,rdfs:isDefinedBy https://www.cdc.gov/brfss/annual_data/annual_2022.html|dcterms:subject http://snomed.info/id/410188000|rdfs:isDefinedBy sdc4:XdQuantityType/xdquantity-value,
XdQuantity,a8y763jfyz6aornu8rho66m8,Total Cholesterol (mg/dL),NHANES 2017-2018: Total Cholesterol (mg/dL),True,True,2026-03-25 14:27:47.607298+00:00,twcook@axius-sdc.com,skos:exactMatch https://loinc.org/2093-3|rdfs:isDefinedBy https://wwwn.cdc.gov/nchs/nhanes/continuousnhanes/default.aspx?BeginYear=2017|rdfs:isDefinedBy https://www.wikidata.org/wiki/Q2964389|skos:closeMatch http://snomed.info/id/77068002|dcterms:subject http://snomed.info/id/77068002,
XdQuantity,xzvtlbk1plfbhcyfo5oi5oon,Total Cholesterol (mmol/L),NHANES 2017-2018: Total Cholesterol (mmol/L),True,True,2026-03-25 14:27:47.592719+00:00,twcook@axius-sdc.com,skos:exactMatch https://loinc.org/2093-3|rdfs:isDefinedBy https://wwwn.cdc.gov/nchs/nhanes/continuousnhanes/default.aspx?BeginYear=2017|rdfs:isDefinedBy https://www.wikidata.org/wiki/Q2964389|dcterms:subject http://snomed.info/id/77068002,
XdQuantity,epdophh67jdmmj9nfstmts73,Total Prescription Cost,Total cost of the prescription drug event (USD).,True,True,2026-03-25 15:22:26.870295+00:00,twcook@axius-sdc.com,rdfs:isDefinedBy https://www.cms.gov/data-research/statistics-trends-and-reports/medicare-claims-synthetic-public-use-files/cms-2008-2010-data-entrepreneurs-synthetic-public-use-file-de-synpuf|rdfs:isDefinedBy https://www.wikidata.org/wiki/Q73481056|dcterms:subject http://snomed.info/id/182832007,
XdQuantity,zkf2w6zt1whi9pg0c2ze44gn,Tried to quit smoking,NHANES 2017-2018: Tried to quit smoking,True,True,2026-03-25 14:37:39.163589+00:00,twcook@axius-sdc.com,rdfs:isDefinedBy https://wwwn.cdc.gov/nchs/nhanes/continuousnhanes/default.aspx?BeginYear=2017|rdfs:isDefinedBy https://www.wikidata.org/wiki/Q33593436|dcterms:subject http://snomed.info/id/365981007,
XdQuantity,nwu0goway06eko1330nmzld3,Truncated design weight used in adult combined land line and cell phone raking,BRFSS 2022: Truncated design weight used in adult combined land line and cell phone raking. Section: Weighting Variables,True,True,2026-03-25 14:58:09.954491+00:00,twcook@axius-sdc.com,rdfs:isDefinedBy https://www.cdc.gov/brfss/annual_data/annual_2022.html|dcterms:subject http://snomed.info/id/410188000|rdfs:isDefinedBy sdc4:XdQuantityType/xdquantity-value,
XdQuantity,uxt0syecap4httatv2xp561c,Unit of measure (day/week/month/year),NHANES 2017-2018: Unit of measure (day/week/month/year),True,True,2026-03-25 14:37:39.747649+00:00,twcook@axius-sdc.com,rdfs:isDefinedBy https://wwwn.cdc.gov/nchs/nhanes/continuousnhanes/default.aspx?BeginYear=2017|dcterms:subject http://snomed.info/id/365981007,
XdQuantity,in1vyhrj2lin6suyahubjt70,Unit of measure (day/week/month/year),NHANES 2017-2018: Unit of measure (day/week/month/year),True,True,2026-03-25 14:37:38.994627+00:00,twcook@axius-sdc.com,rdfs:isDefinedBy https://wwwn.cdc.gov/nchs/nhanes/continuousnhanes/default.aspx?BeginYear=2017|dcterms:subject http://snomed.info/id/365981007|rdfs:isDefinedBy https://www.wikidata.org/wiki/Q1790144,
XdQuantity,ovx6gyqvueucw9b411cf7rxk,Urban/Rural Status,BRFSS 2022: Urban/Rural Status. Section: Urban Rural,True,True,2026-03-25 14:58:09.862021+00:00,twcook@axius-sdc.com,rdfs:isDefinedBy https://www.cdc.gov/brfss/annual_data/annual_2022.html|dcterms:subject http://snomed.info/id/410188000|rdfs:isDefinedBy sdc4:XdQuantityType/xdquantity-value,
XdQuantity,byx6ancbrdf1defuxrnuiea4,Use of Smokeless Tobacco Products,"BRFSS 2022: Do you currently use chewing tobacco, snuff, or snus every day, some days, or not at all? (Snus (Swedish for snuff) is a moist smokeless tobacco, usually sold in small pouches that are placed under the lip against the gum.). Section: Tobacco Use",True,True,2026-03-25 14:58:08.096885+00:00,twcook@axius-sdc.com,rdfs:isDefinedBy https://www.cdc.gov/brfss/annual_data/annual_2022.html|dcterms:subject http://snomed.info/id/410188000|rdfs:isDefinedBy sdc4:XdQuantityType/xdquantity-value,
XdQuantity,wowgwgepvbc72qjtwiwwqc1d,Was test part of Cologuard test?,BRFSS 2022: Was the blood stool or FIT (you reported earlier) conducted as part of a Cologuard test?. Section: Colorectal Cancer Screening,True,True,2026-03-25 14:58:08.076186+00:00,twcook@axius-sdc.com,rdfs:isDefinedBy https://www.cdc.gov/brfss/annual_data/annual_2022.html|dcterms:subject http://snomed.info/id/410188000|rdfs:isDefinedBy sdc4:XdQuantityType/xdquantity-value,
XdQuantity,vi7847or65i9og3dm8te7or5,Were any CT or CAT scans done to check for lung cancer?,BRFSS 2022: Were any of the CT or CAT scans of your chest area done mainly to check or screen for lung cancer?. Section: Lung Cancer Screening,True,True,2026-03-25 14:58:08.251895+00:00,twcook@axius-sdc.com,rdfs:isDefinedBy https://www.cdc.gov/brfss/annual_data/annual_2022.html|dcterms:subject http://snomed.info/id/410188000|rdfs:isDefinedBy sdc4:XdQuantityType/xdquantity-value,
XdQuantity,gl85yi2b3q7vjgiiw8zwtah2,Were you not able to pay utility bills or threatened to lose service?,"BRFSS 2022: During the last 12 months was there a time when an electric, gas, oil, or water company threatened to shut off services?. Section: Social Determinants and Health Equity",True,True,2026-03-25 14:58:09.559086+00:00,twcook@axius-sdc.com,rdfs:isDefinedBy https://www.cdc.gov/brfss/annual_data/annual_2022.html|dcterms:subject http://snomed.info/id/410188000|rdfs:isDefinedBy sdc4:XdQuantityType/xdquantity-value,
XdQuantity,md50o8pxrqv20zcc93ceggt6,Were you not able to pay your bills?,"BRFSS 2022: During the last 12 months, was there a time when you were not able to pay your mortgage, rent or utility bills?. Section: Social Determinants and Health Equity",True,True,2026-03-25 14:58:09.533228+00:00,twcook@axius-sdc.com,rdfs:isDefinedBy https://www.cdc.gov/brfss/annual_data/annual_2022.html|dcterms:subject http://snomed.info/id/410188000|rdfs:isDefinedBy sdc4:XdQuantityType/xdquantity-value,
XdQuantity,kkbi2oiji4pzsscw7knjufz0,What is Primary Source of Health Insurance?,BRFSS 2022: What is the current primary source of your health insurance?. Section: Health Care Access,True,True,2026-03-25 14:58:05.346650+00:00,twcook@axius-sdc.com,rdfs:isDefinedBy https://www.cdc.gov/brfss/annual_data/annual_2022.html|dcterms:subject http://snomed.info/id/410188000|rdfs:isDefinedBy sdc4:XdQuantityType/xdquantity-value,
XdQuantity,xefrxnk88eu0eyx1k6k1oblf,When did you have your most recent CT or CAT scan?,BRFSS 2022: When did you have your most recent CT or CAT scan of your chest area mainly to check or screen for lung cancer?. Section: Lung Cancer Screening,True,True,2026-03-25 14:58:08.225036+00:00,twcook@axius-sdc.com,rdfs:isDefinedBy https://www.cdc.gov/brfss/annual_data/annual_2022.html|dcterms:subject http://snomed.info/id/410188000|rdfs:isDefinedBy sdc4:XdQuantityType/xdquantity-value,
XdQuantity,vbgy4f7ipcq79hnjr3yn44fo,When did you receive your most recent seasonal flu shot/spray?,BRFSS 2022: During what month and year did you receive your most recent flu vaccine that was sprayed in your nose or flu shot injected into your arm?. Section: Immunization,True,True,2026-03-25 14:58:08.405905+00:00,twcook@axius-sdc.com,rdfs:isDefinedBy https://www.cdc.gov/brfss/annual_data/annual_2022.html|dcterms:subject http://snomed.info/id/410188000|rdfs:isDefinedBy sdc4:XdQuantityType/xdquantity-value,
XdQuantity,mxt11wj5m6tguf260qxdwoqf,Where was the most uncomfortable pain,NHANES 2017-2018: Where was the most uncomfortable pain,True,True,2026-03-25 14:33:15.900482+00:00,twcook@axius-sdc.com,rdfs:isDefinedBy https://wwwn.cdc.gov/nchs/nhanes/continuousnhanes/default.aspx?BeginYear=2017|rdfs:isDefinedBy http://semanticscience.org/resource/SIO_000951|dcterms:subject http://snomed.info/id/84100007,
XdQuantity,xzb4i6r8oqlfv6m8ml7ali8o,Which type of arthritis was it?,NHANES 2017-2018: Which type of arthritis was it?,True,True,2026-03-25 14:33:15.768920+00:00,twcook@axius-sdc.com,rdfs:isDefinedBy https://w3id.org/semanticarts/ns/ontology/gist/AddressUsageType|rdfs:isDefinedBy https://wwwn.cdc.gov/nchs/nhanes/continuousnhanes/default.aspx?BeginYear=2017|dcterms:subject http://snomed.info/id/84100007,
XdQuantity,ee0gptb3fsjqjxjwm0no71mi,Which was the primary symptom that you experienced?,BRFSS 2022: Which of the following was the primary symptom that you experienced? Was it….. Section: Long-term COVID Effects,True,True,2026-03-25 14:58:09.034208+00:00,twcook@axius-sdc.com,rdfs:isDefinedBy https://www.cdc.gov/brfss/annual_data/annual_2022.html|dcterms:subject http://snomed.info/id/410188000|rdfs:isDefinedBy sdc4:XdQuantityType/xdquantity-value,
XdQuantity,v0kvqr0u7yar3jejtpshsy2j,White blood cell count (1000 cells/uL),NHANES 2017-2018: White blood cell count (1000 cells/uL),True,True,2026-03-25 14:26:23.262293+00:00,twcook@axius-sdc.com,skos:exactMatch https://loinc.org/6690-2|rdfs:isDefinedBy https://wwwn.cdc.gov/nchs/nhanes/continuousnhanes/default.aspx?BeginYear=2017|dcterms:subject http://snomed.info/id/26604007|skos:closeMatch http://snomed.info/id/767002|rdfs:isDefinedBy https://www.wikidata.org/wiki/Q52307097,
XdQuantity,jpd0xpalt83bo5wpz6ff689p,Women respondents aged 40+ who have had a mammogram in the past two years,BRFSS 2022: Women respondents aged 40+ who have had a mammogram in the past two years. Section: Calculated Variables,True,True,2026-03-25 14:58:10.535201+00:00,twcook@axius-sdc.com,rdfs:isDefinedBy https://www.cdc.gov/brfss/annual_data/annual_2022.html|dcterms:subject http://snomed.info/id/410188000|rdfs:isDefinedBy sdc4:XdQuantityType/xdquantity-value,
XdQuantity,s65vqufhvjbi9co74x9gupsm,Women respondents aged 50-74 that have had a mammogram in the past two years,BRFSS 2022: Women respondents aged 50-74 who have had a mammogram in the past two years. Section: Calculated Variables,True,True,2026-03-25 14:58:10.549437+00:00,twcook@axius-sdc.com,rdfs:isDefinedBy https://www.cdc.gov/brfss/annual_data/annual_2022.html|dcterms:subject http://snomed.info/id/410188000|rdfs:isDefinedBy sdc4:XdQuantityType/xdquantity-value,
Cluster,rd06dge0m5z2u5s1if9u905b,brfss,Purpose: data_cluster,True,True,2026-03-25 15:05:47.358729+00:00,twcook@axius-sdc.com,,p4w0n9787r2xwd5ekc5jn8qs|a4yxvbcuntuyl3e35nn4ngdf|jjbn5jotdid4i2utdzqzyc1r|zp6p8qb89w083irwkdb8a0ml|h1cnekyn5482zasugd7971lu|xdijqxn94ox8v8sg5l8y3bpy|jxo0034hxyy5t5q82ly4jatz|pznacl3p5tul0wog5j3roaio|qmcbgoh0afzv6h0fpowmamm1|q852kr76prjwhhw2hb08t8a4|oba5a7vmnyy8lxo98rnx86vj|zsvosfp6gnzdiwictxzwtxur|qjus7soypr53n8nj6kje28mg|xa5vot1z62qk6idrzbyhovpg|gsfg2stxz7svogl3hcty0f9c|sfj7p74msngohmrc68vt6d5p|w7xejt6iph0dj7vao4fju46v|sb6d71r1vl3bgaif36ojtctn|sz90v0fc80g3ckwf283xb6fd|pnaj34uaa8qyfjn52izknnlq|aub4n5e6mpw7c8at1ebzngpa|mu96hgfei3lsyrtrwvaz3ycg|qcx0zoakn4cxa0vkbpv2tjdy|eypok22qzxklocbs41fpxuft|okdv5ktn57g2nmdihy68y05a|dpbjlyttkjztvr520b957afo|br3b9c5i2aka2r2kzcff3csv|v17b2236z9npvzo97jqd51j2|ij6vtmo4n57mz6b8xo2cyhu9|av0ay717ubhbdjmr70inrbo6|nvh8655g1cwnl87uyqy41n98|mshl0x9bmbcyt5tv2snnyb15|lgl5k8tqvkcnskvt67gzx364|v2h5t219mpfuhclfdga5lwyo|l2hx0wp1g7m7vrdhjq8gfmbt|yl7wjzqmv0rgkt3frgotowz2|itjsvp8fepj5t2ak3d38pub7|c910ew7x4qz0pwl2tfk4nymq|p7fis3fw6wtao1thmtnqrj4d|znd4ea2fc0r186ingiibgg70|ip96b77kchvis92hp20occgm|sxv1kzxpi9r7691tvd6o15ej|x6h7vt2zluqskubm0pzueopu|j2sjcx8y2g5pka1r92wfktpo|pt230t8mq8x21eanwpef5k9s|t0p1bzyhaa2pjo9rxs6gnkyg|qe2unwumfhk9rdahi6xcfneh|gxkzkrvcjsv4sq4hqw2vhzgp|bwlkowxdd9jajrfq2uc09wok|nwh5gke44r1798fc4dnx86gl|scel65pkdj4d4h9ag1f7gboz|zcjc37cauhmwq97flqdp5vvc|jl6xn744cjf6sq7bnogln3l9|rgrjxzk9kcj6cf5hvccnbwlj|n30ruts48e9o2nmr4cis1w50|vb48x56iuggm6zestf9yle7h|f4rn7jot2zxjydrbyq86946m|n0dujq8t8qxw7u1nxeox92g5|a6yorxwcncsv94ve7r6azlpm|qj8fbbwjfur4m2zkn4gvhbyy|e9y5f1crc1uxg601qf08dho6|j9uq2wgte72bgryy97px0gks|tznfb3f1esb43aacgv2wlf2d|m9s2tp6v6riohm72pqln9oer|zbzp2fztjz0rsyau2hhfwtdf|oa6g7smiparilrawogmd09fe|srjueb10um3seeruvykcdt8m|rdp3gofodsale3psriccsfrb|fe5evm9w6pygxnnnslso8reo|bplukfqvvo2zrqtw90b6vfpn|pc5p8o5y3wc7zj2j9v48jxt6|qmhmykkmhb0ep6ltqpv5vlmy|w7vv03jyi6e1f8f8c7ucgbeb|yx40vcmj2fx4ehr9lzi3x0xm|ytrd3gws2uxqg9gswxju8ph9|hwjz5o9a9s3gmriacwe2tfka|wbo8zc6dhe3lf0khhrdon43a|o15akywdp66cqi6wkvu49hl4|bdd1dkjfqkcsvblg1hfz4vtf|ur5sbcde8xg05zsmwdsg5d9r|jn4esgcmnpr1yg80sw5mpxpd|ul5yxg5f9wvp5ybyvc1x3dh5|sndxjv0x1jsapb321feag6lk|opfg5th7vpmkl3gke89jeyvb|guv9ah9xeebrsdof3b4tdsnz|y4s2k1l9fxb1mfertskpzi5o|j1ctoimoxdn4en40rhdnn1pu|digbki1kll1kvwcq9snlx7lp|hmzi44te3yhhmy36qspnijw7|ws73k5mhwwz2lvwxbi4bqkvo|axbjsfrqzb3g8kcv8or2i9yp|kv658k9gxgjgsuszj4glt9aj|b3zoh4ro94q02nzn53p55fti|ima14nb5vxzz9y0mqqulf0sp|emf890l1cpwi6dhe8b1upy3l|pp5jixhj98v58f3xv3fsf23l|yer5uf6xfvm4bx2yejd5je79|jyzu69p6fn9php8e9tgh0w9s|fhql7nu3qfc6y7mf024bopch|v9vow51yc8ebob1zdpvxtuq3|az4gx3c5f9krg29pl4v863d0|zuczzj1kbti4qgxvb5nj4d2g|jfn1hjz1i4qn0zv0xlratfe5|r1ql14mwgsv54af9yeyjvnoi|l4kom6v9wp21vwn97ggnav05|pybkrb2dcydbgd6upci04nww|q4vgat12m9c3st7id9gzw4rs|abtyp285cenjl0oxlqul4edq|y67xzfs5uajp40sxewj1j6vy|tn99rw3x0ydsn6zccclu7lkt|ttwwqbbs91acobpbgnnk74ag|vvbm494l82dfglaty5iui8ql|lnsxo4qnue3cjh7qaebdkjhj|w9o9oe5ys899mcd2qfryvjt6|eiodgyyaciy2t7872rme8imh|pdnq9flqa6ec8xqs7anjkodu|x0lq9sdg4i2h8t9g4jg1t7ns|c9jo7m8n33x6nvnqln6uxn05|fu01lav25ebr53lhb7ktq3a2|az4ih6g3hcgxqb9qcoey72pj|qwblthdy5nckobsv0pqq9t1m|g2c98l0jvlbq1tubvtwd4ufc|gse7o1fr7kj14vqdlxhoz49y|f2kgj7uxc832ze20sahbhpdx|e8ngz5cnjku5nugg1ky9ej2r|lnkgxfhrsj6gm6s1itwcxigg|wz4ffpqxstpcl0745olt433c|cgckfkmsk058lmr9355ca1iy|b81aqbwckpthawtqkqhmm0gb|abkeji0l78vz5qssv4oiar5m|h7goqorv94mfrn9rge32sru7|jc58nr637jfd2ho5iycua4lw|qmqis7vj5dmx3m9adbbvlb7r|cdwi4klrxwpomenewf5sz2hu|lgpbp4ds3lw9tma1k9qtqw20|pkhqwjitqte8vcigj72z2z9c|a3dpca5ge7orm8xdxl47c9h4|ptay2izlzt44di3ocmwi75or|i7bblawg1w9vqolnvuxnxa9l|cb4ti4afgfe9wd641tflfrdj|i5igyikh9loow8r5uf2lki7n|ybwkdwgurojv7s85o5x8680m|r5tmcu7326a36ebmf0bpw3pb|ivd0vwqfxx8td6cf5k1ow8k1|yum8kxp4q88kj4ft21xu6snz|fw0qeps245x0v22e1j43u5e6|ikjn7ur4yd4sdsta8k1ho35r|gdhurbjjp0jee643noke2blz|f7fhkza4hsrr2agz9qf2r4ew|htpd3pmhah8pqd29mukk5wdw|hkkovfz4t2o7nxb4lzbpp9cz|n0c8v5twxeolomr7ynesu7wd|j76k8rbzkuiemid1di6lc7v0|k5ap1ymzlqajv9luquuksmn2|f3apc1ipvz2m1bx5hbwsc00j|obqg86yl6rix83kzqtqe3fpi|cw819akghzvnld6w81yn0dsf|a70gzqyklhcpyg1h61mn9smy|glhn7hgjes66t7qbdga7t6a7|n5cm7c5foof63rjewuerdtpt|r3uiku6laqeepuldfd4w3opa|wqam75p0vr0jfsqz4cbyahnt|mk04y2wxaul9wje1d2e699wh|js62r6sl022ytnzojn2ae10y|uub49893wlobm525jxomo8fj|i7gssagyinc8rzchlsf3fhrn|e0b0txcj6s7nrp4xuf4lqyp2|k1b82tjseebk8090m29szivo|vsi09maxyy9bqqodnmw53w8f|rhlcako8y0479099gcm7etme|xh4k4m2cvaoojgxvqh84jrxa|sow0ho082kz0fwq5u91bi11f|j96ehmxm5bgqusguq4bdj634|taaqpfgl79w8kmd5icwv0smb|p75o028b2if5v65bnac3zaqa|g46mlb32co4iy0mzebt598b2|gkyu6urzy3bphtzvc2qalrnt|e61drqhiwnbydt4ydyhm0qxa|dji9zzn7gmnqsdq3fkqgktde|y88h8l7cf8pqakgfkaon6ll6|v5ew61lj6n31ze8qr63ysp2f|h5w5nwm7pq1uzpz7uzo9szat|bgzw1ozsw7ko8dleo2kj84et|xtnl3nxf1tgn2oti4c8z6uim|p6c2yu5i7r83gyz457oa715i|atjmbnb7enj3ezrw35bq19la|gckmyw76rajyu07wfb0egm00|g37cjo5qydixzk1l4rlt5nrl|pznq8hl57e58m5prvqzt3a4e|a5nf6bbaoacrxtjs8ojygred|v3429yglabpkx6l11pta0ow3|djohuxibiz3ad3bx2raeva9j|qj6h9lhm4ja3at6c8jjkihxu|qhvdor5a6czxn7qlghmdxnfg|yrhg051q6nfnrs3twfyqu30h|bb2of5otgbfqpxlm398kcmfi|w7ftbfaufocbfwlk73i5tag1|phej7keynj8cqytljcaz2csk|io0wxk0uhlqbm7k9vvjgqwu5|on1zikxcq357wlzqu7jz2w8k|fd8s7ljndmrrnefl5ec984df|gdtjhraa20wmp8in044slrha|uj9pw0hp2e7b211e4m7d5v9j|j4odq2u3jmfnrv8l8ptg9q12|hdff20h32rfdo4s0zhjqz3uu|rk682jah866qqd7qvf9497ik|ifk006im6086n6wi7i6s7iiv|feldjyvk490va939oagmvzzn|s30mti073f3ucx56ncwd85x1|jiknuhzx99z17zd7dxfg8bte|ghisv54gz9oaoebv942gtpu2|hs8jfn9pwbza3hxi2stwi4sq|l351s47nr7rw9037dcs1lij8|y5g474udodkx9e0zg2nj85q8|xeyd57z8vdsz3zl223q0drft|oizhhs620vvdzwodp6k5ehll|xio8bzoppq4ie1ncftamv3ed|jpn4h8qzwyd57odeudt8lj83|gfrjga0idq84o1avaz8fi1ze|plpqk85z1v2i3ecnrs33cuup|alr4urwn3rcnipzbk80lrpuc|fifo62l7o3pt7bosit7a0bgw|serl81fog17gmp4uqzkwv52m|z3v03y4mwvcq96ubpk9pozgj|ia9p35rf8bbn1yl6giazg4oj|pz3jc34p13pfyrym55ig6bpl|gdynzlffx64b6bmb5kf6f053|um1szqwjbzjpnlthkv0izxyy|mpfkqf6h5ravk7ghzxa2s4ct|al1vnmswlu32qkthyel8kyd2|fsouplgx1gk2f9oj2wtu90a4|i5k79nga3bgvufo4abn7g6x8|qoihqusqjneud4esegb3ch6l|lsctb3hyge22aqs9za3utury|uz7r34yzz4sn191mzjs3qk1x|gdmbmll3093yzzrea4uhrumz|n8rkon326b6y06ob6x9b93o3|i98893ur39wcpn5vexeg16ar|h5d8pkwjz3mqfz4a7kdlvx9d|xxzg4tlh9qszedvu9a6foenw|ocbj606gsh7twip9dlc0ip7q|j6h17hgy3mmaloq6gqkwg55m|dl82xqhk094xppoqmyf4zazk|d8g14d48fmwyuwmo6ol4n2ff|wjkh4ufiou9lj9a5tyy4syxr|c2tuvvxiwv53ls1ecwda9pgx|gr00kh5zypw1act27nftz6b5|xj10pq8yqj15jobn2rls5sfk|v89n2d14hmqbgqtqu0vsnuvs|tm6qbqbub7ktmyexk20ahkmt|h7u79noyxpl9b95xpjbw87rt|j7k4xrxmqzldwrktkmh4ta6o|btd6ocozlnfl7l7lrest4imw|uwsuwdkqzx3qgrb0e7l9l9gq|b82ew5gxqgkopq36bgcii7i3|g08fesmv5932t9ttnlnkdjc2|ov28sjh0pxd674if30q7ejy1|vk4tsi4kiidtkhv69u6icsxx|xd76ggz9qpdxwr7ccfp9sky9|c19ybupdwtx82bwthb3wgvh8|rj05dj4174czin8ffhpj6czm|cth1j00jwyrngveovrybsf8t|fw86gigqgr4iapyg5pzj8q0w|b0z9vv9kibdiy5dv2t0s1n6x|geghojpnfz8fpgu0hqdxg39a|rk7l5zpqt18pdw3eusv0u7nb|tab7sz3efawip1rxpoc3cbyg|dvbxvzqf7yn0f7ptfp8arv1e|g8fzdlcyy0kvareyxwggmder|yvwjq2pn15fkdcjk4crfyg9n|jdbbi0ur0baxthg1wv1h8r9h|o9tv75s6ipl92pgqggkkmm6i|kdqiqq2lo2phonxs7g9v1jc7|vtlpqqyck51hm8dofn4ozebu|zc8jxydcyygfwfp157gcomyr|u4s8orhlyo4kdbxvycphrni4|g8fg7olxlnoxqu35uup7tgz5|p4199myntpqsbe2km8bltifm|gtkt68khi07hxu9yu84n3y5x|r3z244d1848mzcp4dgdvixya|l46m9c5jnvc6c7ybq4y1llur|ps2aikhmpjyexahgjpsbg8u5|sftykmoinqwwt7h7ephae16b|kul4r6vvyezdcl2qude5rf81|ff75rq9ofn5cwaobgmo8a87x|kiz9jxkrvz0m0bkcmi1qukd9|e8c5osoaws34c5r3t3gakuda|tfodnjhefshn6eyktvsby72p|pty3rjlewg4knst4ypku1h5u|evw8skku4jwuat34o4svx2ou|b1g6i3z6udq8ykptzdb07fbx|zxp8egi7ueot42wxmp5jjmgp|scdi1amd3bm05wh2z3d2jw35|hv21s7uvhscg9b3dswxcdy8x|n3axm1c3105qrdfvdw24kewf|ycdwg4m4kxkw53jci21dq2qz|m8ybhe4mpa7t2sbeemyjwd7b|mx4i08uxaqywkrcsl2jjyo27|uwvzyp9t2pmr1qfdya77bgop|h8kfx67pxsxeih53lgcs4f7x|nw6d0xc4mm6q6y73sls6bns8|vdgjhn7ciuuywzvp2jfkyrgr|u002kli6alzd8v0t36l4c7ia|iuiai6aix5ex5dxhf66wmdnn|cbyv0b85l3a6oun9hrfvfc77|sysmf6lhzcsxa250r8k6mfye|ejrk3v5dkeq3idqmot530b9i|tp0yliyg0iapsl1lfpmf4x44|t7etyaw9aoo5js2iigo7ci4k|nwu0goway06eko1330nmzld3|ovx6gyqvueucw9b411cf7rxk|byx6ancbrdf1defuxrnuiea4|wowgwgepvbc72qjtwiwwqc1d|vi7847or65i9og3dm8te7or5|gl85yi2b3q7vjgiiw8zwtah2|md50o8pxrqv20zcc93ceggt6|kkbi2oiji4pzsscw7knjufz0|xefrxnk88eu0eyx1k6k1oblf|vbgy4f7ipcq79hnjr3yn44fo|ee0gptb3fsjqjxjwm0no71mi|jpd0xpalt83bo5wpz6ff689p|s65vqufhvjbi9co74x9gupsm|q1sbdhsdk8glmdr8q1x3mlte|wpojnsuwae37rfsnj9xpbcun|csn8ymg324e0upnzku4aqrcq|xh1ptg8cn9dqt71jnm74v48l
Cluster,usgwubwsmi76ieeqapkp2ss1,cms-beneficiary,Purpose: data_cluster,True,True,2026-03-25 15:09:30.185542+00:00,twcook@axius-sdc.com,rdfs:isDefinedBy https://www.wikidata.org/wiki/Q46109180,ujt1bpn5kgcrp58y6504jwq9|qeqb0siehg15s5megtj1rbk8|n2y95s2rl2qjtkku0zqujz7j|vpib1sfkuwg0505mvqh203wh|p8x4hzlolz09c9dcplx2ibdj|udy2zvfqk7npu3k8kcta3y8h|zdk007gxpq8vkefmcbiqnbud|ja0do2y6ffla0zw3gwzwax73|yobh8qjv9c8a9jkjumvy137j|ir43mp3ngcs4h3ekbeo4e4ka|caxtzljmvwbomsoouwocszl6|g25z8erbr3oxyhbp1pfx9qsa|c00tkbqt91njoavo6gfkxfzy|alx9i6qtut67hq3o7o6funhu|xg5kj7hykhhh0aebjaudrjfh|je8telqg11pzntpcbm2tmt8p|at0gbvqwfye87h90hwvzduug|vopo0hpkl6fna3reydvyycje|d01zlcgispeiab338fqummdg|mpwce28dzkh2i3fz8j52ywq9|h8ruw27uj9gkuufqgbnkopfy|e68r03lol0jqmstbc34oip0s|s40zfe8vuotonl030ei82ydn|g72advg02to55d601h0befuz|fp1zcln4hx9qg0oiktsphmbh|vb9tdi30dopcbfdiwekwwmkv|j83j13loyym0u0u1qpu817tj|so5u2az6xi65w1r8l1wm7yla|a1wagigj8zy1oy349vwm5clx|vc9ffb4464mbx3jij0fz2x96
Cluster,ffnt4qrcrkncqo6uqohb2ojz,cms-inpatient,Purpose: data_cluster,True,True,2026-03-25 15:15:39.557751+00:00,twcook@axius-sdc.com,rdfs:isDefinedBy http://semanticscience.org/resource/SIO_001382,xzxwwep00bpagd3oc5mqzprm|byet7dbnt5w4jzy026i1ra0r|qeqb0siehg15s5megtj1rbk8|c6g82ede8bot57v1mhdsp9wk|eqoy4zpynvzmblre7wtzredn|wachpi4ue78b2ztq44jigszo|o9m5xx8tq2b83unyh49u6k6u|nqsvl2pycziolhybm5kzuqye|uiexdes629e02edfn1tc7x63|jksr7pkne10b4btkxyheyuhh|pev6q1k5v4d2cvedj23mazxo|wc94hlj7j7q8bxrmjc1pg3fb|x3yxwzpjh3ceprrxsm0035ev|a83fiza24m2by4ums4cpcwn8|dtrwu350p9ra8s420zdo6dzx|b88sdksofh7btwthe9756oby|o8o2kek3gd45ujfr6apl7r5v|hf7unnab1lweprsoquguvbhw|ggew4rc7or575evxvjyuemml|a8wj6l1bar6yazmrrz6sq25n|n576f9btn2b6b75xbzj90xmn|pc6l1vdkh735ly94c9ppkqnm|f815mpea84p49t8njorp43in|x41t3gy1xebzcxz9da0td0wj|l3oah46rvnqacvfixxlahv7n|y6uzjl22ukembruwtouk8qwl|qlacp174k7z5n56wrvo49v6u|q2i4tobxjv45lt0bdnh6upu7|ohsdb9uwl1n81b4zqwomnvm4|l92rjpmkzy28cl2vh7emv8yc|aahowrkpiq4arajk8xbzr9qh|ppib0j203w9vt5p84nfqb0wr|y3dvjqqbt2fg3hfh0xo2ci48|z8fmnbd0cq9alk1ccoi4tab8|q2jd76wizqqwpyq6mnhdsi1f|gsi5muhypxr96vjy94lkjkpi|z52ts5413a73cm8r5prnfrtz|skh1oet7kisxztblbdy1birm|ierah40okii9d12w6xily3f3|ublff1qvjrzby4thdmajr0ou|b93jaw5lpg5ks76twfvalmvk|dh67y1qy9vxry9orfcfr59ui|zj1qfezmo6v5i6wdy2ec3m1m|z7qwy0scj4iyk27z7u37j2uc|e2vchho4c4sqwlecpa233wc1|r66dx3zr363e6nusgn5bnivy|wmh1u8whaxczqdiwk3ibn2j2|iilb4o78sfhtm57o1lcg7oaj|h2qmxy3eg8z2tbjpdv72i88s|xqzv440kq21libnr35norscf|nfbphildqp54672gyzzcjl4x|gbnlnwceh9nj0uc0klkhc42w|me15caiqjhwjoygt9vtm7ux5|bszrtosi43ipepmk6vejrvkf|n48x3erx8tw7mcrmq9vfr6c6|gq1yxmndkr0w5x0kuf86qxa7|w8ql169vo0ux7ujyc45lfknb|mg6dmqlur3wbv7qtlwtzg9df|fxehuqw4eh94vo2rzo449172|lsb4gj0w05u6kv7oog7lv9zu|hmms66svrt1ihiue1s8d4wgl|oxf8o3fv3f2qb02fzdm5vb37|oj3fgci9u2wi77utbsagsu7c|gr6k0r7dt16bmpelwwd8llsy|r0j15xm8h3qf7c2159lilkfz|k9y6cjmb6i3td87pg51bpgwj|ydx9s8vc3mkm6xl2ghk2u71a|su9zbp0qwfw9b7ioof68pa1t|y52f7jtdnb9ekqphlchbjo50|m0tgvo8sixm18drjo3z5r6gz|d4r1c0kl1d3jqiyjckvtugfd|fwi8sccyhudpyb8qjzb9g0yu|vzw5dynjqtjgfsnrkzp6q6i1|nq1us0z45fvjpa7pi0lxx2r4|gar0akj5prixv8lqcd1zrb17|cyr76x1s3bu5dzdewetc8gv8|kgosixk2oeknxjw3wabyyoug|b7wqs85a0zfe76e23m40djap|u7zxxfdswq89hadusvew9js9|m7sw0r8fyakfp69xr03ou2ew|gp8pll5nz09c494ffc228z7g
Cluster,rsg9ml37moqualgtlyesc2yo,cms-outpatient,Purpose: data_cluster,True,True,2026-03-25 15:21:22.420289+00:00,twcook@axius-sdc.com,rdfs:isDefinedBy https://www.wikidata.org/wiki/Q569500,byet7dbnt5w4jzy026i1ra0r|qeqb0siehg15s5megtj1rbk8|c6g82ede8bot57v1mhdsp9wk|eqoy4zpynvzmblre7wtzredn|wachpi4ue78b2ztq44jigszo|o9m5xx8tq2b83unyh49u6k6u|nqsvl2pycziolhybm5kzuqye|uiexdes629e02edfn1tc7x63|jksr7pkne10b4btkxyheyuhh|pev6q1k5v4d2cvedj23mazxo|wc94hlj7j7q8bxrmjc1pg3fb|x3yxwzpjh3ceprrxsm0035ev|a83fiza24m2by4ums4cpcwn8|dtrwu350p9ra8s420zdo6dzx|b88sdksofh7btwthe9756oby|o8o2kek3gd45ujfr6apl7r5v|hf7unnab1lweprsoquguvbhw|ggew4rc7or575evxvjyuemml|n576f9btn2b6b75xbzj90xmn|x41t3gy1xebzcxz9da0td0wj|y6uzjl22ukembruwtouk8qwl|qlacp174k7z5n56wrvo49v6u|q2i4tobxjv45lt0bdnh6upu7|y3dvjqqbt2fg3hfh0xo2ci48|z8fmnbd0cq9alk1ccoi4tab8|z52ts5413a73cm8r5prnfrtz|ierah40okii9d12w6xily3f3|ublff1qvjrzby4thdmajr0ou|dh67y1qy9vxry9orfcfr59ui|zj1qfezmo6v5i6wdy2ec3m1m|e2vchho4c4sqwlecpa233wc1|r66dx3zr363e6nusgn5bnivy|wmh1u8whaxczqdiwk3ibn2j2|iilb4o78sfhtm57o1lcg7oaj|h2qmxy3eg8z2tbjpdv72i88s|xqzv440kq21libnr35norscf|nfbphildqp54672gyzzcjl4x|gbnlnwceh9nj0uc0klkhc42w|me15caiqjhwjoygt9vtm7ux5|bszrtosi43ipepmk6vejrvkf|n48x3erx8tw7mcrmq9vfr6c6|gq1yxmndkr0w5x0kuf86qxa7|mg6dmqlur3wbv7qtlwtzg9df|fxehuqw4eh94vo2rzo449172|lsb4gj0w05u6kv7oog7lv9zu|h3hehrlo5zbiedfmva6aw8v8|r3lgrusha3kzugs923vdc9dd|hgly59s8t8wukcl142chc7ax|qz2pyzv4b8thxm82l38kzfb2|hmms66svrt1ihiue1s8d4wgl|oxf8o3fv3f2qb02fzdm5vb37|r0j15xm8h3qf7c2159lilkfz|k9y6cjmb6i3td87pg51bpgwj|ydx9s8vc3mkm6xl2ghk2u71a|piixyffc72zluvupku9rjngw|f9td31zp14lf2zwbtw4bcrbx|jor22hzapzva8mn0xmit2ifl|qj106tovelir2rqz5vf59ldr|xy1i1wzwrtvzns1iqimr3xy5|l8070v0ceogx8cvrfpqmoymp|bl9xra4q7r9d0iionsgxzql4|fnwfb61x0cw9atshp12wm6tf|qg0nsyz1n43q4yuxf0mxjxot|z0ws00oj3zj620bg3q3r1ewv|ll5ui05hda7pi42ib2e42ie3|s4eqjfu26lmro8pm2qqkmhy0|zf9v0w0c5vtzlck15pd13anq|da0r7x0tvbgrbp0n4eyy8k0u|nq1us0z45fvjpa7pi0lxx2r4|gar0akj5prixv8lqcd1zrb17|a2tag43yf695zvtmnc6pxzjn|cyr76x1s3bu5dzdewetc8gv8|b7wqs85a0zfe76e23m40djap|ytjmfsqg2yrwi6r6gwcgg0k1|lt6gjz0ljidgd52dj6jmt84p|gp8pll5nz09c494ffc228z7g
Cluster,u7g1sa81glmh8ce7tqw6c54m,cms-prescriptions,Purpose: data_cluster,True,True,2026-03-25 15:23:37.367114+00:00,twcook@axius-sdc.com,rdfs:isDefinedBy https://www.wikidata.org/wiki/Q5060058,qeqb0siehg15s5megtj1rbk8|hb8t4dz0i2rtey2xdl6i1yaz|fgnbk11h2vzwomg4txfocqhk|wt04kmf82aqpi3hkxigzpilh|lbczhz56pdloeylt99l3h5nv|c4sic57q44hgzdqcdlpqn8im|h4hkyyiheeykkxzw5ky8ztfi|epdophh67jdmmj9nfstmts73
Cluster,fha5l173r195kdvwcg59753k,nhanes-blood-pressure,Purpose: data_cluster,True,True,2026-03-25 14:24:42.012258+00:00,twcook@axius-sdc.com,rdfs:isDefinedBy https://www.wikidata.org/wiki/Q1967281,bxpnk5cd59ghc0xw2aswgjze|o7rh6eamxdcdd1dp6qsho558|b0qfvgagjyebeuizpe900a93|cmxx2gdv9ivg6l1eutaa2eij|v15kv8dnd9th63hmccqetmki|yocg1i1shwncgccuu2czoknz|jygdqqncec7ssmtm4shgadli|x747pjmrj88farwsmxqzvqxm|o7sn9ypj5u8qsjapo3v5b6df|zb0h147ogifwrbm6891m3qcp|lgzkb3bg6a5zu6lkfs0biwiu
Cluster,rpn1tks0yymm24e2vt3xlo0s,nhanes-cbc,Purpose: data_cluster,True,True,2026-03-25 14:27:23.751079+00:00,twcook@axius-sdc.com,,lp3382ezifd8gf2x54r6au9h|bxpnk5cd59ghc0xw2aswgjze|a40yhkfhgf3zs92rkuv9csux
Cluster,h32euhudcpt0wr4qdvugoke0,nhanes-cholesterol,Purpose: data_cluster,True,True,2026-03-25 14:28:15.979860+00:00,twcook@axius-sdc.com,rdfs:isDefinedBy http://semanticscience.org/resource/SIO_001382,bxpnk5cd59ghc0xw2aswgjze|a8y763jfyz6aornu8rho66m8|xzvtlbk1plfbhcyfo5oi5oon
Cluster,yrbebrafgd3sivfb4zosc4lq,nhanes-medical-conditions,Purpose: data_cluster,True,True,2026-03-25 14:35:42.844943+00:00,twcook@axius-sdc.com,,xhbjvtlo15506vnzy8vk8cti|kmodjk1e5xu9z94zgiaxx1hu|bxpnk5cd59ghc0xw2aswgjze|cm0nqqnjcylc8vkfph7db2lh|rsycebbejit07udygsk3yew0|y27vl6q7kbp7bxoqe8mvfib1|m5ofc0wkbuzjajb9tn0d27lq|i03jglrcdj40hun6xn6xusst|qhvg7aezgh7bx5tr8ramjoe2|qbtlyywb0whldsme9mnn3ip9
Cluster,df4ef4clwf51373rjxnf7rul,nhanes-medications,Purpose: data_cluster,True,True,2026-03-25 14:29:27.627296+00:00,twcook@axius-sdc.com,rdfs:isDefinedBy http://semanticscience.org/resource/SIO_001382,bxpnk5cd59ghc0xw2aswgjze|eoxjur7v0l8heudfh2ht2oqb|dmies2nxdbt0yp2sq6249a8i|gfzey96vu7jrstwfi1520u0u|rbgl2g3qv04owwyodn3hucf0|pp5v32ipc0xbva1hi5l3r91g|t0am9e7j89dyzngjnphr8q26|p6t91ija5d3v8ju06lxmrvca|a4gsbuoc8ezh2a2wsf1tlhnk|imrhad1ziiactitsimpfvl7i|cq6m46w59ouu1cu8tkw1fhib
Cluster,qgh9c0iri3qi4o22h96p9b62,nhanes-physical-functioning,Purpose: data_cluster,True,True,2026-03-25 14:40:24.889695+00:00,twcook@axius-sdc.com,,bxpnk5cd59ghc0xw2aswgjze|upgvpiszt4gpz4zs49wrv6b1|w13tru7uxzmdaf75diii80fn
Cluster,xkcna9ngqz966mv5k8kr0a7t,nhanes-smoking,Purpose: data_cluster,True,True,2026-03-25 14:38:44.032633+00:00,twcook@axius-sdc.com,,m8l4g1bti8zo79zt22fiv6od|bxpnk5cd59ghc0xw2aswgjze|y2bp9qn2xbkpnyj4el6489bs
DM,ffq1c2tkbzexmxqnrxg48oqj,BRFSS — Brfss,SDC4 data model for Behavioral Risk Factor Surveillance System (brfss) — FAIR Data Demo,True,,2026-03-25 15:06:14.321170+00:00,twcook@axius-sdc.com,,
DM,q9xk7y13y2115tr4sn2c7m39,CMS — Beneficiary,SDC4 data model for CMS DE-SynPUF (Medicare Claims Synthetic Data) (cms_beneficiary) — FAIR Data Demo,True,,2026-03-25 15:09:51.644911+00:00,twcook@axius-sdc.com,,
DM,ra4tn4wzsu2rlbk5dineab5g,CMS — Inpatient,SDC4 data model for CMS DE-SynPUF (Medicare Claims Synthetic Data) (cms_inpatient) — FAIR Data Demo,True,,2026-03-25 15:15:54.786898+00:00,twcook@axius-sdc.com,,
DM,k6f8kugg359vc6ew75ulojg9,CMS — Outpatient,SDC4 data model for CMS DE-SynPUF (Medicare Claims Synthetic Data) (cms_outpatient) — FAIR Data Demo,True,,2026-03-25 15:21:52.233678+00:00,twcook@axius-sdc.com,,
DM,dg6lyhgvz9wd9cuqxqdc5g4p,CMS — Prescriptions,SDC4 data model for CMS DE-SynPUF (Medicare Claims Synthetic Data) (cms_prescriptions) — FAIR Data Demo,True,,2026-03-25 15:24:05.720602+00:00,twcook@axius-sdc.com,,
DM,r3gyip9ebl7ockdpj4kwabjo,NHANES — Blood Pressure,SDC4 data model for National Health and Nutrition Examination Survey (nhanes_blood_pressure) — FAIR Data Demo,True,,2026-03-25 14:25:09.163543+00:00,twcook@axius-sdc.com,,
DM,s70cbgpe2gqfmpund4vvwyi5,NHANES — Cholesterol,SDC4 data model for National Health and Nutrition Examination Survey (nhanes_cholesterol) — FAIR Data Demo,True,,2026-03-25 14:28:33.455919+00:00,twcook@axius-sdc.com,,
DM,g72xhdxvd7q53qnxx6dsczg5,NHANES — Medications,SDC4 data model for National Health and Nutrition Examination Survey (nhanes_medications) — FAIR Data Demo,True,,2026-03-25 14:29:45.125137+00:00,twcook@axius-sdc.com,,
